solid ASCII
  facet normal 0.000000e+00 0.000000e+00 -1.000000e+00
    outer loop
      vertex   1.679877e+02 -8.669182e+01 2.060000e+00
      vertex   1.680000e+02 -8.650000e+01 2.060000e+00
      vertex   1.700000e+02 -9.000000e+01 2.060000e+00
    endloop
  endfacet
  facet normal 0.000000e+00 0.000000e+00 -1.000000e+00
    outer loop
      vertex   1.700000e+02 -9.000000e+01 2.060000e+00
      vertex   1.680000e+02 -8.650000e+01 2.060000e+00
      vertex   1.679877e+02 -8.630818e+01 2.060000e+00
    endloop
  endfacet
  facet normal 0.000000e+00 0.000000e+00 -1.000000e+00
    outer loop
      vertex   1.700000e+02 -9.000000e+01 2.060000e+00
      vertex   1.679877e+02 -8.630818e+01 2.060000e+00
      vertex   1.679509e+02 -8.611952e+01 2.060000e+00
    endloop
  endfacet
  facet normal 0.000000e+00 0.000000e+00 -1.000000e+00
    outer loop
      vertex   1.700000e+02 -9.000000e+01 2.060000e+00
      vertex   1.679509e+02 -8.611952e+01 2.060000e+00
      vertex   1.670000e+02 -8.100000e+01 2.060000e+00
    endloop
  endfacet
  facet normal 0.000000e+00 0.000000e+00 -1.000000e+00
    outer loop
      vertex   1.670000e+02 -8.100000e+01 2.060000e+00
      vertex   1.679509e+02 -8.611952e+01 2.060000e+00
      vertex   1.678904e+02 -8.593710e+01 2.060000e+00
    endloop
  endfacet
  facet normal 0.000000e+00 0.000000e+00 -1.000000e+00
    outer loop
      vertex   1.670000e+02 -8.100000e+01 2.060000e+00
      vertex   1.678904e+02 -8.593710e+01 2.060000e+00
      vertex   1.678070e+02 -8.576392e+01 2.060000e+00
    endloop
  endfacet
  facet normal 0.000000e+00 0.000000e+00 -1.000000e+00
    outer loop
      vertex   1.678070e+02 -8.576392e+01 2.060000e+00
      vertex   1.677021e+02 -8.560283e+01 2.060000e+00
      vertex   1.670000e+02 -8.100000e+01 2.060000e+00
    endloop
  endfacet
  facet normal 0.000000e+00 0.000000e+00 -1.000000e+00
    outer loop
      vertex   1.670000e+02 -8.100000e+01 2.060000e+00
      vertex   1.677021e+02 -8.560283e+01 2.060000e+00
      vertex   1.675775e+02 -8.545648e+01 2.060000e+00
    endloop
  endfacet
  facet normal 0.000000e+00 0.000000e+00 -1.000000e+00
    outer loop
      vertex   1.670000e+02 -8.100000e+01 2.060000e+00
      vertex   1.675775e+02 -8.545648e+01 2.060000e+00
      vertex   1.674352e+02 -8.532725e+01 2.060000e+00
    endloop
  endfacet
  facet normal 0.000000e+00 0.000000e+00 -1.000000e+00
    outer loop
      vertex   1.674352e+02 -8.532725e+01 2.060000e+00
      vertex   1.672776e+02 -8.521729e+01 2.060000e+00
      vertex   1.670000e+02 -8.100000e+01 2.060000e+00
    endloop
  endfacet
  facet normal 0.000000e+00 0.000000e+00 -1.000000e+00
    outer loop
      vertex   1.670000e+02 -8.100000e+01 2.060000e+00
      vertex   1.672776e+02 -8.521729e+01 2.060000e+00
      vertex   1.671072e+02 -8.512838e+01 2.060000e+00
    endloop
  endfacet
  facet normal 0.000000e+00 -0.000000e+00 -1.000000e+00
    outer loop
      vertex   1.670000e+02 -8.100000e+01 2.060000e+00
      vertex   1.671072e+02 -8.512838e+01 2.060000e+00
      vertex   1.669268e+02 -8.506200e+01 2.060000e+00
    endloop
  endfacet
  facet normal 0.000000e+00 0.000000e+00 -1.000000e+00
    outer loop
      vertex   1.669268e+02 -8.506200e+01 2.060000e+00
      vertex   1.667394e+02 -8.501923e+01 2.060000e+00
      vertex   1.670000e+02 -8.100000e+01 2.060000e+00
    endloop
  endfacet
  facet normal 0.000000e+00 0.000000e+00 -1.000000e+00
    outer loop
      vertex   1.670000e+02 -8.100000e+01 2.060000e+00
      vertex   1.667394e+02 -8.501923e+01 2.060000e+00
      vertex   1.665481e+02 -8.500077e+01 2.060000e+00
    endloop
  endfacet
  facet normal 0.000000e+00 0.000000e+00 -1.000000e+00
    outer loop
      vertex   1.670000e+02 -8.100000e+01 2.060000e+00
      vertex   1.665481e+02 -8.500077e+01 2.060000e+00
      vertex   1.663560e+02 -8.500693e+01 2.060000e+00
    endloop
  endfacet
  facet normal -0.000000e+00 0.000000e+00 -1.000000e+00
    outer loop
      vertex   1.663560e+02 -8.500693e+01 2.060000e+00
      vertex   1.661662e+02 -8.503761e+01 2.060000e+00
      vertex   1.670000e+02 -8.100000e+01 2.060000e+00
    endloop
  endfacet
  facet normal 0.000000e+00 0.000000e+00 -1.000000e+00
    outer loop
      vertex   1.670000e+02 -8.100000e+01 2.060000e+00
      vertex   1.661662e+02 -8.503761e+01 2.060000e+00
      vertex   1.659820e+02 -8.509230e+01 2.060000e+00
    endloop
  endfacet
  facet normal 0.000000e+00 0.000000e+00 -1.000000e+00
    outer loop
      vertex   1.670000e+02 -8.100000e+01 2.060000e+00
      vertex   1.659820e+02 -8.509230e+01 2.060000e+00
      vertex   1.658062e+02 -8.517010e+01 2.060000e+00
    endloop
  endfacet
  facet normal -0.000000e+00 0.000000e+00 -1.000000e+00
    outer loop
      vertex   1.658062e+02 -8.517010e+01 2.060000e+00
      vertex   1.656418e+02 -8.526974e+01 2.060000e+00
      vertex   1.670000e+02 -8.100000e+01 2.060000e+00
    endloop
  endfacet
  facet normal 0.000000e+00 0.000000e+00 -1.000000e+00
    outer loop
      vertex   1.670000e+02 -8.100000e+01 2.060000e+00
      vertex   1.656418e+02 -8.526974e+01 2.060000e+00
      vertex   1.654915e+02 -8.538958e+01 2.060000e+00
    endloop
  endfacet
  facet normal 0.000000e+00 0.000000e+00 -1.000000e+00
    outer loop
      vertex   1.670000e+02 -8.100000e+01 2.060000e+00
      vertex   1.654915e+02 -8.538958e+01 2.060000e+00
      vertex   1.653578e+02 -8.552766e+01 2.060000e+00
    endloop
  endfacet
  facet normal -0.000000e+00 0.000000e+00 -1.000000e+00
    outer loop
      vertex   1.653578e+02 -8.552766e+01 2.060000e+00
      vertex   1.652429e+02 -8.568170e+01 2.060000e+00
      vertex   1.670000e+02 -8.100000e+01 2.060000e+00
    endloop
  endfacet
  facet normal 0.000000e+00 0.000000e+00 -1.000000e+00
    outer loop
      vertex   1.670000e+02 -8.100000e+01 2.060000e+00
      vertex   1.652429e+02 -8.568170e+01 2.060000e+00
      vertex   1.651485e+02 -8.584917e+01 2.060000e+00
    endloop
  endfacet
  facet normal -0.000000e+00 0.000000e+00 -1.000000e+00
    outer loop
      vertex   1.670000e+02 -8.100000e+01 2.060000e+00
      vertex   1.651485e+02 -8.584917e+01 2.060000e+00
      vertex   1.540000e+02 -8.100000e+01 2.060000e+00
    endloop
  endfacet
  facet normal 0.000000e+00 0.000000e+00 -1.000000e+00
    outer loop
      vertex   1.540000e+02 -8.100000e+01 2.060000e+00
      vertex   1.651485e+02 -8.584917e+01 2.060000e+00
      vertex   1.650764e+02 -8.602734e+01 2.060000e+00
    endloop
  endfacet
  facet normal 0.000000e+00 0.000000e+00 -1.000000e+00
    outer loop
      vertex   1.540000e+02 -8.100000e+01 2.060000e+00
      vertex   1.650764e+02 -8.602734e+01 2.060000e+00
      vertex   1.650277e+02 -8.621326e+01 2.060000e+00
    endloop
  endfacet
  facet normal -0.000000e+00 0.000000e+00 -1.000000e+00
    outer loop
      vertex   1.650277e+02 -8.621326e+01 2.060000e+00
      vertex   1.650031e+02 -8.640389e+01 2.060000e+00
      vertex   1.540000e+02 -8.100000e+01 2.060000e+00
    endloop
  endfacet
  facet normal 0.000000e+00 0.000000e+00 -1.000000e+00
    outer loop
      vertex   1.540000e+02 -8.100000e+01 2.060000e+00
      vertex   1.650031e+02 -8.640389e+01 2.060000e+00
      vertex   1.650031e+02 -8.659611e+01 2.060000e+00
    endloop
  endfacet
  facet normal 0.000000e+00 0.000000e+00 -1.000000e+00
    outer loop
      vertex   1.540000e+02 -8.100000e+01 2.060000e+00
      vertex   1.650031e+02 -8.659611e+01 2.060000e+00
      vertex   1.650277e+02 -8.678674e+01 2.060000e+00
    endloop
  endfacet
  facet normal 0.000000e+00 -0.000000e+00 -1.000000e+00
    outer loop
      vertex   1.540000e+02 -8.100000e+01 2.060000e+00
      vertex   1.650277e+02 -8.678674e+01 2.060000e+00
      vertex   1.520000e+02 -9.000000e+01 2.060000e+00
    endloop
  endfacet
  facet normal 0.000000e+00 0.000000e+00 -1.000000e+00
    outer loop
      vertex   1.520000e+02 -9.000000e+01 2.060000e+00
      vertex   1.650277e+02 -8.678674e+01 2.060000e+00
      vertex   1.650764e+02 -8.697266e+01 2.060000e+00
    endloop
  endfacet
  facet normal 0.000000e+00 0.000000e+00 -1.000000e+00
    outer loop
      vertex   1.520000e+02 -9.000000e+01 2.060000e+00
      vertex   1.650764e+02 -8.697266e+01 2.060000e+00
      vertex   1.651485e+02 -8.715083e+01 2.060000e+00
    endloop
  endfacet
  facet normal 0.000000e+00 -0.000000e+00 -1.000000e+00
    outer loop
      vertex   1.651485e+02 -8.715083e+01 2.060000e+00
      vertex   1.652429e+02 -8.731830e+01 2.060000e+00
      vertex   1.520000e+02 -9.000000e+01 2.060000e+00
    endloop
  endfacet
  facet normal 0.000000e+00 0.000000e+00 -1.000000e+00
    outer loop
      vertex   1.520000e+02 -9.000000e+01 2.060000e+00
      vertex   1.652429e+02 -8.731830e+01 2.060000e+00
      vertex   1.653578e+02 -8.747234e+01 2.060000e+00
    endloop
  endfacet
  facet normal 0.000000e+00 0.000000e+00 -1.000000e+00
    outer loop
      vertex   1.520000e+02 -9.000000e+01 2.060000e+00
      vertex   1.653578e+02 -8.747234e+01 2.060000e+00
      vertex   1.654915e+02 -8.761042e+01 2.060000e+00
    endloop
  endfacet
  facet normal 0.000000e+00 -0.000000e+00 -1.000000e+00
    outer loop
      vertex   1.654915e+02 -8.761042e+01 2.060000e+00
      vertex   1.656418e+02 -8.773026e+01 2.060000e+00
      vertex   1.520000e+02 -9.000000e+01 2.060000e+00
    endloop
  endfacet
  facet normal 0.000000e+00 0.000000e+00 -1.000000e+00
    outer loop
      vertex   1.520000e+02 -9.000000e+01 2.060000e+00
      vertex   1.656418e+02 -8.773026e+01 2.060000e+00
      vertex   1.658062e+02 -8.782990e+01 2.060000e+00
    endloop
  endfacet
  facet normal 0.000000e+00 0.000000e+00 -1.000000e+00
    outer loop
      vertex   1.520000e+02 -9.000000e+01 2.060000e+00
      vertex   1.658062e+02 -8.782990e+01 2.060000e+00
      vertex   1.659820e+02 -8.790770e+01 2.060000e+00
    endloop
  endfacet
  facet normal 0.000000e+00 0.000000e+00 -1.000000e+00
    outer loop
      vertex   1.520000e+02 -9.000000e+01 2.060000e+00
      vertex   1.659820e+02 -8.790770e+01 2.060000e+00
      vertex   1.700000e+02 -9.000000e+01 2.060000e+00
    endloop
  endfacet
  facet normal 0.000000e+00 0.000000e+00 -1.000000e+00
    outer loop
      vertex   1.700000e+02 -9.000000e+01 2.060000e+00
      vertex   1.659820e+02 -8.790770e+01 2.060000e+00
      vertex   1.661662e+02 -8.796239e+01 2.060000e+00
    endloop
  endfacet
  facet normal 0.000000e+00 0.000000e+00 -1.000000e+00
    outer loop
      vertex   1.700000e+02 -9.000000e+01 2.060000e+00
      vertex   1.661662e+02 -8.796239e+01 2.060000e+00
      vertex   1.663560e+02 -8.799307e+01 2.060000e+00
    endloop
  endfacet
  facet normal 0.000000e+00 0.000000e+00 -1.000000e+00
    outer loop
      vertex   1.663560e+02 -8.799307e+01 2.060000e+00
      vertex   1.665481e+02 -8.799923e+01 2.060000e+00
      vertex   1.700000e+02 -9.000000e+01 2.060000e+00
    endloop
  endfacet
  facet normal 0.000000e+00 0.000000e+00 -1.000000e+00
    outer loop
      vertex   1.700000e+02 -9.000000e+01 2.060000e+00
      vertex   1.665481e+02 -8.799923e+01 2.060000e+00
      vertex   1.667394e+02 -8.798077e+01 2.060000e+00
    endloop
  endfacet
  facet normal 0.000000e+00 0.000000e+00 -1.000000e+00
    outer loop
      vertex   1.700000e+02 -9.000000e+01 2.060000e+00
      vertex   1.667394e+02 -8.798077e+01 2.060000e+00
      vertex   1.669268e+02 -8.793800e+01 2.060000e+00
    endloop
  endfacet
  facet normal 0.000000e+00 0.000000e+00 -1.000000e+00
    outer loop
      vertex   1.669268e+02 -8.793800e+01 2.060000e+00
      vertex   1.671072e+02 -8.787162e+01 2.060000e+00
      vertex   1.700000e+02 -9.000000e+01 2.060000e+00
    endloop
  endfacet
  facet normal 0.000000e+00 0.000000e+00 -1.000000e+00
    outer loop
      vertex   1.700000e+02 -9.000000e+01 2.060000e+00
      vertex   1.671072e+02 -8.787162e+01 2.060000e+00
      vertex   1.672776e+02 -8.778271e+01 2.060000e+00
    endloop
  endfacet
  facet normal 0.000000e+00 0.000000e+00 -1.000000e+00
    outer loop
      vertex   1.700000e+02 -9.000000e+01 2.060000e+00
      vertex   1.672776e+02 -8.778271e+01 2.060000e+00
      vertex   1.674352e+02 -8.767275e+01 2.060000e+00
    endloop
  endfacet
  facet normal 0.000000e+00 0.000000e+00 -1.000000e+00
    outer loop
      vertex   1.674352e+02 -8.767275e+01 2.060000e+00
      vertex   1.675775e+02 -8.754352e+01 2.060000e+00
      vertex   1.700000e+02 -9.000000e+01 2.060000e+00
    endloop
  endfacet
  facet normal 0.000000e+00 0.000000e+00 -1.000000e+00
    outer loop
      vertex   1.700000e+02 -9.000000e+01 2.060000e+00
      vertex   1.675775e+02 -8.754352e+01 2.060000e+00
      vertex   1.677021e+02 -8.739717e+01 2.060000e+00
    endloop
  endfacet
  facet normal 0.000000e+00 0.000000e+00 -1.000000e+00
    outer loop
      vertex   1.700000e+02 -9.000000e+01 2.060000e+00
      vertex   1.677021e+02 -8.739717e+01 2.060000e+00
      vertex   1.678070e+02 -8.723608e+01 2.060000e+00
    endloop
  endfacet
  facet normal 0.000000e+00 0.000000e+00 -1.000000e+00
    outer loop
      vertex   1.678070e+02 -8.723608e+01 2.060000e+00
      vertex   1.678904e+02 -8.706290e+01 2.060000e+00
      vertex   1.700000e+02 -9.000000e+01 2.060000e+00
    endloop
  endfacet
  facet normal 0.000000e+00 0.000000e+00 -1.000000e+00
    outer loop
      vertex   1.700000e+02 -9.000000e+01 2.060000e+00
      vertex   1.678904e+02 -8.706290e+01 2.060000e+00
      vertex   1.679509e+02 -8.688048e+01 2.060000e+00
    endloop
  endfacet
  facet normal 0.000000e+00 0.000000e+00 -1.000000e+00
    outer loop
      vertex   1.700000e+02 -9.000000e+01 2.060000e+00
      vertex   1.679509e+02 -8.688048e+01 2.060000e+00
      vertex   1.679877e+02 -8.669182e+01 2.060000e+00
    endloop
  endfacet
  facet normal -0.000000e+00 0.000000e+00 -1.000000e+00
    outer loop
      vertex   1.540000e+02 -8.100000e+01 2.060000e+00
      vertex   1.520000e+02 -9.000000e+01 2.060000e+00
      vertex   1.540000e+02 -5.400000e+01 2.060000e+00
    endloop
  endfacet
  facet normal -0.000000e+00 0.000000e+00 -1.000000e+00
    outer loop
      vertex   1.540000e+02 -5.400000e+01 2.060000e+00
      vertex   1.520000e+02 -9.000000e+01 2.060000e+00
      vertex   1.520000e+02 -3.000000e+01 2.060000e+00
    endloop
  endfacet
  facet normal 0.000000e+00 0.000000e+00 -1.000000e+00
    outer loop
      vertex   1.540000e+02 -5.400000e+01 2.060000e+00
      vertex   1.520000e+02 -3.000000e+01 2.060000e+00
      vertex   1.650031e+02 -3.359611e+01 2.060000e+00
    endloop
  endfacet
  facet normal 0.000000e+00 0.000000e+00 -1.000000e+00
    outer loop
      vertex   1.650031e+02 -3.359611e+01 2.060000e+00
      vertex   1.520000e+02 -3.000000e+01 2.060000e+00
      vertex   1.650031e+02 -3.340389e+01 2.060000e+00
    endloop
  endfacet
  facet normal 0.000000e+00 0.000000e+00 -1.000000e+00
    outer loop
      vertex   1.650031e+02 -3.340389e+01 2.060000e+00
      vertex   1.520000e+02 -3.000000e+01 2.060000e+00
      vertex   1.650277e+02 -3.321326e+01 2.060000e+00
    endloop
  endfacet
  facet normal 0.000000e+00 0.000000e+00 -1.000000e+00
    outer loop
      vertex   1.650277e+02 -3.321326e+01 2.060000e+00
      vertex   1.520000e+02 -3.000000e+01 2.060000e+00
      vertex   1.650764e+02 -3.302734e+01 2.060000e+00
    endloop
  endfacet
  facet normal 0.000000e+00 0.000000e+00 -1.000000e+00
    outer loop
      vertex   1.650764e+02 -3.302734e+01 2.060000e+00
      vertex   1.520000e+02 -3.000000e+01 2.060000e+00
      vertex   1.651485e+02 -3.284917e+01 2.060000e+00
    endloop
  endfacet
  facet normal 0.000000e+00 0.000000e+00 -1.000000e+00
    outer loop
      vertex   1.651485e+02 -3.284917e+01 2.060000e+00
      vertex   1.520000e+02 -3.000000e+01 2.060000e+00
      vertex   1.652429e+02 -3.268170e+01 2.060000e+00
    endloop
  endfacet
  facet normal 0.000000e+00 0.000000e+00 -1.000000e+00
    outer loop
      vertex   1.652429e+02 -3.268170e+01 2.060000e+00
      vertex   1.520000e+02 -3.000000e+01 2.060000e+00
      vertex   1.653578e+02 -3.252766e+01 2.060000e+00
    endloop
  endfacet
  facet normal 0.000000e+00 0.000000e+00 -1.000000e+00
    outer loop
      vertex   1.653578e+02 -3.252766e+01 2.060000e+00
      vertex   1.520000e+02 -3.000000e+01 2.060000e+00
      vertex   1.654915e+02 -3.238958e+01 2.060000e+00
    endloop
  endfacet
  facet normal 0.000000e+00 0.000000e+00 -1.000000e+00
    outer loop
      vertex   1.654915e+02 -3.238958e+01 2.060000e+00
      vertex   1.520000e+02 -3.000000e+01 2.060000e+00
      vertex   1.656418e+02 -3.226974e+01 2.060000e+00
    endloop
  endfacet
  facet normal 0.000000e+00 0.000000e+00 -1.000000e+00
    outer loop
      vertex   1.656418e+02 -3.226974e+01 2.060000e+00
      vertex   1.520000e+02 -3.000000e+01 2.060000e+00
      vertex   1.658062e+02 -3.217010e+01 2.060000e+00
    endloop
  endfacet
  facet normal 0.000000e+00 0.000000e+00 -1.000000e+00
    outer loop
      vertex   1.658062e+02 -3.217010e+01 2.060000e+00
      vertex   1.520000e+02 -3.000000e+01 2.060000e+00
      vertex   1.659820e+02 -3.209230e+01 2.060000e+00
    endloop
  endfacet
  facet normal 0.000000e+00 0.000000e+00 -1.000000e+00
    outer loop
      vertex   1.659820e+02 -3.209230e+01 2.060000e+00
      vertex   1.520000e+02 -3.000000e+01 2.060000e+00
      vertex   1.700000e+02 -3.000000e+01 2.060000e+00
    endloop
  endfacet
  facet normal 0.000000e+00 0.000000e+00 -1.000000e+00
    outer loop
      vertex   1.659820e+02 -3.209230e+01 2.060000e+00
      vertex   1.700000e+02 -3.000000e+01 2.060000e+00
      vertex   1.661662e+02 -3.203761e+01 2.060000e+00
    endloop
  endfacet
  facet normal 0.000000e+00 0.000000e+00 -1.000000e+00
    outer loop
      vertex   1.661662e+02 -3.203761e+01 2.060000e+00
      vertex   1.700000e+02 -3.000000e+01 2.060000e+00
      vertex   1.663560e+02 -3.200693e+01 2.060000e+00
    endloop
  endfacet
  facet normal 0.000000e+00 0.000000e+00 -1.000000e+00
    outer loop
      vertex   1.663560e+02 -3.200693e+01 2.060000e+00
      vertex   1.700000e+02 -3.000000e+01 2.060000e+00
      vertex   1.665481e+02 -3.200077e+01 2.060000e+00
    endloop
  endfacet
  facet normal 0.000000e+00 0.000000e+00 -1.000000e+00
    outer loop
      vertex   1.665481e+02 -3.200077e+01 2.060000e+00
      vertex   1.700000e+02 -3.000000e+01 2.060000e+00
      vertex   1.667394e+02 -3.201923e+01 2.060000e+00
    endloop
  endfacet
  facet normal 0.000000e+00 0.000000e+00 -1.000000e+00
    outer loop
      vertex   1.667394e+02 -3.201923e+01 2.060000e+00
      vertex   1.700000e+02 -3.000000e+01 2.060000e+00
      vertex   1.669268e+02 -3.206200e+01 2.060000e+00
    endloop
  endfacet
  facet normal 0.000000e+00 0.000000e+00 -1.000000e+00
    outer loop
      vertex   1.669268e+02 -3.206200e+01 2.060000e+00
      vertex   1.700000e+02 -3.000000e+01 2.060000e+00
      vertex   1.671072e+02 -3.212838e+01 2.060000e+00
    endloop
  endfacet
  facet normal 0.000000e+00 0.000000e+00 -1.000000e+00
    outer loop
      vertex   1.671072e+02 -3.212838e+01 2.060000e+00
      vertex   1.700000e+02 -3.000000e+01 2.060000e+00
      vertex   1.672776e+02 -3.221729e+01 2.060000e+00
    endloop
  endfacet
  facet normal 0.000000e+00 0.000000e+00 -1.000000e+00
    outer loop
      vertex   1.672776e+02 -3.221729e+01 2.060000e+00
      vertex   1.700000e+02 -3.000000e+01 2.060000e+00
      vertex   1.674352e+02 -3.232725e+01 2.060000e+00
    endloop
  endfacet
  facet normal 0.000000e+00 0.000000e+00 -1.000000e+00
    outer loop
      vertex   1.674352e+02 -3.232725e+01 2.060000e+00
      vertex   1.700000e+02 -3.000000e+01 2.060000e+00
      vertex   1.675775e+02 -3.245648e+01 2.060000e+00
    endloop
  endfacet
  facet normal 0.000000e+00 0.000000e+00 -1.000000e+00
    outer loop
      vertex   1.675775e+02 -3.245648e+01 2.060000e+00
      vertex   1.700000e+02 -3.000000e+01 2.060000e+00
      vertex   1.677021e+02 -3.260283e+01 2.060000e+00
    endloop
  endfacet
  facet normal 0.000000e+00 0.000000e+00 -1.000000e+00
    outer loop
      vertex   1.677021e+02 -3.260283e+01 2.060000e+00
      vertex   1.700000e+02 -3.000000e+01 2.060000e+00
      vertex   1.678070e+02 -3.276392e+01 2.060000e+00
    endloop
  endfacet
  facet normal 0.000000e+00 0.000000e+00 -1.000000e+00
    outer loop
      vertex   1.678070e+02 -3.276392e+01 2.060000e+00
      vertex   1.700000e+02 -3.000000e+01 2.060000e+00
      vertex   1.678904e+02 -3.293710e+01 2.060000e+00
    endloop
  endfacet
  facet normal 0.000000e+00 0.000000e+00 -1.000000e+00
    outer loop
      vertex   1.678904e+02 -3.293710e+01 2.060000e+00
      vertex   1.700000e+02 -3.000000e+01 2.060000e+00
      vertex   1.679509e+02 -3.311952e+01 2.060000e+00
    endloop
  endfacet
  facet normal 0.000000e+00 0.000000e+00 -1.000000e+00
    outer loop
      vertex   1.679509e+02 -3.311952e+01 2.060000e+00
      vertex   1.700000e+02 -3.000000e+01 2.060000e+00
      vertex   1.679877e+02 -3.330818e+01 2.060000e+00
    endloop
  endfacet
  facet normal 0.000000e+00 0.000000e+00 -1.000000e+00
    outer loop
      vertex   1.679877e+02 -3.330818e+01 2.060000e+00
      vertex   1.700000e+02 -3.000000e+01 2.060000e+00
      vertex   1.680000e+02 -3.350000e+01 2.060000e+00
    endloop
  endfacet
  facet normal 0.000000e+00 -0.000000e+00 -1.000000e+00
    outer loop
      vertex   1.680000e+02 -3.350000e+01 2.060000e+00
      vertex   1.700000e+02 -3.000000e+01 2.060000e+00
      vertex   1.679877e+02 -3.369182e+01 2.060000e+00
    endloop
  endfacet
  facet normal 0.000000e+00 -0.000000e+00 -1.000000e+00
    outer loop
      vertex   1.679877e+02 -3.369182e+01 2.060000e+00
      vertex   1.700000e+02 -3.000000e+01 2.060000e+00
      vertex   1.679509e+02 -3.388048e+01 2.060000e+00
    endloop
  endfacet
  facet normal 0.000000e+00 -0.000000e+00 -1.000000e+00
    outer loop
      vertex   1.679509e+02 -3.388048e+01 2.060000e+00
      vertex   1.700000e+02 -3.000000e+01 2.060000e+00
      vertex   1.670000e+02 -5.400000e+01 2.060000e+00
    endloop
  endfacet
  facet normal 0.000000e+00 0.000000e+00 -1.000000e+00
    outer loop
      vertex   1.679509e+02 -3.388048e+01 2.060000e+00
      vertex   1.670000e+02 -5.400000e+01 2.060000e+00
      vertex   1.678904e+02 -3.406290e+01 2.060000e+00
    endloop
  endfacet
  facet normal 0.000000e+00 0.000000e+00 -1.000000e+00
    outer loop
      vertex   1.678904e+02 -3.406290e+01 2.060000e+00
      vertex   1.670000e+02 -5.400000e+01 2.060000e+00
      vertex   1.678070e+02 -3.423608e+01 2.060000e+00
    endloop
  endfacet
  facet normal 0.000000e+00 0.000000e+00 -1.000000e+00
    outer loop
      vertex   1.678070e+02 -3.423608e+01 2.060000e+00
      vertex   1.670000e+02 -5.400000e+01 2.060000e+00
      vertex   1.677021e+02 -3.439717e+01 2.060000e+00
    endloop
  endfacet
  facet normal 0.000000e+00 0.000000e+00 -1.000000e+00
    outer loop
      vertex   1.677021e+02 -3.439717e+01 2.060000e+00
      vertex   1.670000e+02 -5.400000e+01 2.060000e+00
      vertex   1.675775e+02 -3.454352e+01 2.060000e+00
    endloop
  endfacet
  facet normal 0.000000e+00 0.000000e+00 -1.000000e+00
    outer loop
      vertex   1.675775e+02 -3.454352e+01 2.060000e+00
      vertex   1.670000e+02 -5.400000e+01 2.060000e+00
      vertex   1.674352e+02 -3.467275e+01 2.060000e+00
    endloop
  endfacet
  facet normal 0.000000e+00 0.000000e+00 -1.000000e+00
    outer loop
      vertex   1.674352e+02 -3.467275e+01 2.060000e+00
      vertex   1.670000e+02 -5.400000e+01 2.060000e+00
      vertex   1.672776e+02 -3.478271e+01 2.060000e+00
    endloop
  endfacet
  facet normal 0.000000e+00 0.000000e+00 -1.000000e+00
    outer loop
      vertex   1.672776e+02 -3.478271e+01 2.060000e+00
      vertex   1.670000e+02 -5.400000e+01 2.060000e+00
      vertex   1.671072e+02 -3.487162e+01 2.060000e+00
    endloop
  endfacet
  facet normal 0.000000e+00 0.000000e+00 -1.000000e+00
    outer loop
      vertex   1.671072e+02 -3.487162e+01 2.060000e+00
      vertex   1.670000e+02 -5.400000e+01 2.060000e+00
      vertex   1.669268e+02 -3.493800e+01 2.060000e+00
    endloop
  endfacet
  facet normal 0.000000e+00 -0.000000e+00 -1.000000e+00
    outer loop
      vertex   1.669268e+02 -3.493800e+01 2.060000e+00
      vertex   1.670000e+02 -5.400000e+01 2.060000e+00
      vertex   1.667394e+02 -3.498077e+01 2.060000e+00
    endloop
  endfacet
  facet normal 0.000000e+00 -0.000000e+00 -1.000000e+00
    outer loop
      vertex   1.667394e+02 -3.498077e+01 2.060000e+00
      vertex   1.670000e+02 -5.400000e+01 2.060000e+00
      vertex   1.665481e+02 -3.499923e+01 2.060000e+00
    endloop
  endfacet
  facet normal -0.000000e+00 -0.000000e+00 -1.000000e+00
    outer loop
      vertex   1.665481e+02 -3.499923e+01 2.060000e+00
      vertex   1.670000e+02 -5.400000e+01 2.060000e+00
      vertex   1.663560e+02 -3.499307e+01 2.060000e+00
    endloop
  endfacet
  facet normal -0.000000e+00 -0.000000e+00 -1.000000e+00
    outer loop
      vertex   1.663560e+02 -3.499307e+01 2.060000e+00
      vertex   1.670000e+02 -5.400000e+01 2.060000e+00
      vertex   1.661662e+02 -3.496239e+01 2.060000e+00
    endloop
  endfacet
  facet normal -0.000000e+00 -0.000000e+00 -1.000000e+00
    outer loop
      vertex   1.661662e+02 -3.496239e+01 2.060000e+00
      vertex   1.670000e+02 -5.400000e+01 2.060000e+00
      vertex   1.659820e+02 -3.490770e+01 2.060000e+00
    endloop
  endfacet
  facet normal -0.000000e+00 -0.000000e+00 -1.000000e+00
    outer loop
      vertex   1.659820e+02 -3.490770e+01 2.060000e+00
      vertex   1.670000e+02 -5.400000e+01 2.060000e+00
      vertex   1.658062e+02 -3.482990e+01 2.060000e+00
    endloop
  endfacet
  facet normal -0.000000e+00 -0.000000e+00 -1.000000e+00
    outer loop
      vertex   1.658062e+02 -3.482990e+01 2.060000e+00
      vertex   1.670000e+02 -5.400000e+01 2.060000e+00
      vertex   1.656418e+02 -3.473026e+01 2.060000e+00
    endloop
  endfacet
  facet normal -0.000000e+00 -0.000000e+00 -1.000000e+00
    outer loop
      vertex   1.656418e+02 -3.473026e+01 2.060000e+00
      vertex   1.670000e+02 -5.400000e+01 2.060000e+00
      vertex   1.654915e+02 -3.461042e+01 2.060000e+00
    endloop
  endfacet
  facet normal -0.000000e+00 -0.000000e+00 -1.000000e+00
    outer loop
      vertex   1.654915e+02 -3.461042e+01 2.060000e+00
      vertex   1.670000e+02 -5.400000e+01 2.060000e+00
      vertex   1.653578e+02 -3.447234e+01 2.060000e+00
    endloop
  endfacet
  facet normal -0.000000e+00 -0.000000e+00 -1.000000e+00
    outer loop
      vertex   1.653578e+02 -3.447234e+01 2.060000e+00
      vertex   1.670000e+02 -5.400000e+01 2.060000e+00
      vertex   1.652429e+02 -3.431830e+01 2.060000e+00
    endloop
  endfacet
  facet normal -0.000000e+00 -0.000000e+00 -1.000000e+00
    outer loop
      vertex   1.652429e+02 -3.431830e+01 2.060000e+00
      vertex   1.670000e+02 -5.400000e+01 2.060000e+00
      vertex   1.651485e+02 -3.415083e+01 2.060000e+00
    endloop
  endfacet
  facet normal -0.000000e+00 -0.000000e+00 -1.000000e+00
    outer loop
      vertex   1.651485e+02 -3.415083e+01 2.060000e+00
      vertex   1.670000e+02 -5.400000e+01 2.060000e+00
      vertex   1.650764e+02 -3.397266e+01 2.060000e+00
    endloop
  endfacet
  facet normal 0.000000e+00 -0.000000e+00 -1.000000e+00
    outer loop
      vertex   1.650764e+02 -3.397266e+01 2.060000e+00
      vertex   1.670000e+02 -5.400000e+01 2.060000e+00
      vertex   1.540000e+02 -5.400000e+01 2.060000e+00
    endloop
  endfacet
  facet normal -0.000000e+00 0.000000e+00 -1.000000e+00
    outer loop
      vertex   1.650764e+02 -3.397266e+01 2.060000e+00
      vertex   1.540000e+02 -5.400000e+01 2.060000e+00
      vertex   1.650277e+02 -3.378674e+01 2.060000e+00
    endloop
  endfacet
  facet normal -0.000000e+00 0.000000e+00 -1.000000e+00
    outer loop
      vertex   1.650277e+02 -3.378674e+01 2.060000e+00
      vertex   1.540000e+02 -5.400000e+01 2.060000e+00
      vertex   1.650031e+02 -3.359611e+01 2.060000e+00
    endloop
  endfacet
  facet normal 0.000000e+00 -0.000000e+00 -1.000000e+00
    outer loop
      vertex   1.700000e+02 -3.000000e+01 2.060000e+00
      vertex   1.700000e+02 -9.000000e+01 2.060000e+00
      vertex   1.670000e+02 -5.400000e+01 2.060000e+00
    endloop
  endfacet
  facet normal 0.000000e+00 0.000000e+00 -1.000000e+00
    outer loop
      vertex   1.670000e+02 -5.400000e+01 2.060000e+00
      vertex   1.700000e+02 -9.000000e+01 2.060000e+00
      vertex   1.670000e+02 -8.100000e+01 2.060000e+00
    endloop
  endfacet
  facet normal 0.000000e+00 -1.000000e+00 0.000000e+00
    outer loop
      vertex   1.540000e+02 -5.400000e+01 2.060000e+00
      vertex   1.670000e+02 -5.400000e+01 2.060000e+00
      vertex   1.540000e+02 -5.400000e+01 3.560000e+00
    endloop
  endfacet
  facet normal 0.000000e+00 -1.000000e+00 0.000000e+00
    outer loop
      vertex   1.540000e+02 -5.400000e+01 3.560000e+00
      vertex   1.670000e+02 -5.400000e+01 2.060000e+00
      vertex   1.670000e+02 -5.400000e+01 3.560000e+00
    endloop
  endfacet
  facet normal -1.000000e+00 0.000000e+00 0.000000e+00
    outer loop
      vertex   1.670000e+02 -5.400000e+01 2.060000e+00
      vertex   1.670000e+02 -8.100000e+01 2.060000e+00
      vertex   1.670000e+02 -5.400000e+01 3.560000e+00
    endloop
  endfacet
  facet normal -1.000000e+00 -0.000000e+00 0.000000e+00
    outer loop
      vertex   1.670000e+02 -5.400000e+01 3.560000e+00
      vertex   1.670000e+02 -8.100000e+01 2.060000e+00
      vertex   1.670000e+02 -8.100000e+01 3.560000e+00
    endloop
  endfacet
  facet normal 0.000000e+00 1.000000e+00 6.540378e-08
    outer loop
      vertex   1.700000e+02 -3.000000e+01 2.060000e+00
      vertex   1.520000e+02 -3.000000e+01 2.060000e+00
      vertex   1.700000e+02 -3.000000e+01 8.895000e+00
    endloop
  endfacet
  facet normal 0.000000e+00 1.000000e+00 6.540378e-08
    outer loop
      vertex   1.700000e+02 -3.000000e+01 8.895000e+00
      vertex   1.520000e+02 -3.000000e+01 2.060000e+00
      vertex   1.520000e+02 -3.000000e+01 8.895000e+00
    endloop
  endfacet
  facet normal -1.000000e+00 0.000000e+00 -0.000000e+00
    outer loop
      vertex   1.520000e+02 -3.000000e+01 8.895000e+00
      vertex   1.520000e+02 -3.000000e+01 2.060000e+00
      vertex   1.520000e+02 -3.985000e+01 5.095000e+00
    endloop
  endfacet
  facet normal -1.000000e+00 0.000000e+00 -0.000000e+00
    outer loop
      vertex   1.520000e+02 -3.985000e+01 5.095000e+00
      vertex   1.520000e+02 -3.000000e+01 2.060000e+00
      vertex   1.520000e+02 -9.000000e+01 2.060000e+00
    endloop
  endfacet
  facet normal -1.000000e+00 -0.000000e+00 0.000000e+00
    outer loop
      vertex   1.520000e+02 -3.985000e+01 5.095000e+00
      vertex   1.520000e+02 -9.000000e+01 2.060000e+00
      vertex   1.520000e+02 -8.015000e+01 5.095000e+00
    endloop
  endfacet
  facet normal -1.000000e+00 -0.000000e+00 0.000000e+00
    outer loop
      vertex   1.520000e+02 -8.015000e+01 5.095000e+00
      vertex   1.520000e+02 -9.000000e+01 2.060000e+00
      vertex   1.520000e+02 -9.000000e+01 8.895000e+00
    endloop
  endfacet
  facet normal -1.000000e+00 0.000000e+00 0.000000e+00
    outer loop
      vertex   1.520000e+02 -8.015000e+01 5.095000e+00
      vertex   1.520000e+02 -9.000000e+01 8.895000e+00
      vertex   1.520000e+02 -8.015000e+01 8.895000e+00
    endloop
  endfacet
  facet normal -1.000000e+00 0.000000e+00 0.000000e+00
    outer loop
      vertex   1.520000e+02 -3.985000e+01 5.095000e+00
      vertex   1.520000e+02 -3.985000e+01 8.895000e+00
      vertex   1.520000e+02 -3.000000e+01 8.895000e+00
    endloop
  endfacet
  facet normal 0.000000e+00 0.000000e+00 1.000000e+00
    outer loop
      vertex   1.520000e+02 -8.015000e+01 5.095000e+00
      vertex   1.601500e+02 -8.015000e+01 5.095000e+00
      vertex   1.520000e+02 -3.985000e+01 5.095000e+00
    endloop
  endfacet
  facet normal -0.000000e+00 0.000000e+00 1.000000e+00
    outer loop
      vertex   1.520000e+02 -3.985000e+01 5.095000e+00
      vertex   1.601500e+02 -8.015000e+01 5.095000e+00
      vertex   1.601500e+02 -3.985000e+01 5.095000e+00
    endloop
  endfacet
  facet normal 8.718316e-16 -1.000000e+00 1.869849e-15
    outer loop
      vertex   1.520000e+02 -3.985000e+01 5.095000e+00
      vertex   1.601500e+02 -3.985000e+01 5.095000e+00
      vertex   1.520000e+02 -3.985000e+01 8.895000e+00
    endloop
  endfacet
  facet normal 0.000000e+00 -1.000000e+00 0.000000e+00
    outer loop
      vertex   1.520000e+02 -3.985000e+01 8.895000e+00
      vertex   1.601500e+02 -3.985000e+01 5.095000e+00
      vertex   1.601500e+02 -3.985000e+01 8.895000e+00
    endloop
  endfacet
  facet normal -1.000000e+00 0.000000e+00 0.000000e+00
    outer loop
      vertex   1.601500e+02 -3.985000e+01 5.095000e+00
      vertex   1.601500e+02 -8.015000e+01 5.095000e+00
      vertex   1.601500e+02 -3.985000e+01 8.895000e+00
    endloop
  endfacet
  facet normal -1.000000e+00 -0.000000e+00 0.000000e+00
    outer loop
      vertex   1.601500e+02 -3.985000e+01 8.895000e+00
      vertex   1.601500e+02 -8.015000e+01 5.095000e+00
      vertex   1.601500e+02 -8.015000e+01 8.895000e+00
    endloop
  endfacet
  facet normal -0.000000e+00 1.000000e+00 0.000000e+00
    outer loop
      vertex   1.520000e+02 -8.015000e+01 8.895000e+00
      vertex   1.601500e+02 -8.015000e+01 8.895000e+00
      vertex   1.520000e+02 -8.015000e+01 5.095000e+00
    endloop
  endfacet
  facet normal 0.000000e+00 1.000000e+00 0.000000e+00
    outer loop
      vertex   1.520000e+02 -8.015000e+01 5.095000e+00
      vertex   1.601500e+02 -8.015000e+01 8.895000e+00
      vertex   1.601500e+02 -8.015000e+01 5.095000e+00
    endloop
  endfacet
  facet normal 0.000000e+00 0.000000e+00 -1.000000e+00
    outer loop
      vertex   1.540000e+02 -5.400000e+01 3.560000e+00
      vertex   1.670000e+02 -5.400000e+01 3.560000e+00
      vertex   1.540000e+02 -8.100000e+01 3.560000e+00
    endloop
  endfacet
  facet normal 0.000000e+00 0.000000e+00 -1.000000e+00
    outer loop
      vertex   1.540000e+02 -8.100000e+01 3.560000e+00
      vertex   1.670000e+02 -5.400000e+01 3.560000e+00
      vertex   1.670000e+02 -8.100000e+01 3.560000e+00
    endloop
  endfacet
  facet normal -9.979454e-01 -6.407022e-02 0.000000e+00
    outer loop
      vertex   1.679877e+02 -8.630819e+01 8.895000e+00
      vertex   1.680000e+02 -8.650000e+01 6.227500e+00
      vertex   1.680000e+02 -8.650000e+01 8.895000e+00
    endloop
  endfacet
  facet normal -9.979454e-01 6.407006e-02 0.000000e+00
    outer loop
      vertex   1.680000e+02 -8.650000e+01 8.895000e+00
      vertex   1.680000e+02 -8.650000e+01 6.227500e+00
      vertex   1.679877e+02 -8.669182e+01 6.227500e+00
    endloop
  endfacet
  facet normal -9.979454e-01 6.407022e-02 -1.154224e-08
    outer loop
      vertex   1.680000e+02 -8.650000e+01 8.895000e+00
      vertex   1.679877e+02 -8.669182e+01 6.227500e+00
      vertex   1.679877e+02 -8.669182e+01 8.895000e+00
    endloop
  endfacet
  facet normal -9.815592e-01 1.911584e-01 1.154224e-08
    outer loop
      vertex   1.679877e+02 -8.669182e+01 8.895000e+00
      vertex   1.679877e+02 -8.669182e+01 6.227500e+00
      vertex   1.679509e+02 -8.688048e+01 6.227500e+00
    endloop
  endfacet
  facet normal -9.815592e-01 1.911586e-01 -7.415414e-09
    outer loop
      vertex   1.679877e+02 -8.669182e+01 8.895000e+00
      vertex   1.679509e+02 -8.688048e+01 6.227500e+00
      vertex   1.679509e+02 -8.688048e+01 8.895000e+00
    endloop
  endfacet
  facet normal -9.490558e-01 3.151081e-01 7.415432e-09
    outer loop
      vertex   1.679509e+02 -8.688048e+01 8.895000e+00
      vertex   1.679509e+02 -8.688048e+01 6.227500e+00
      vertex   1.678904e+02 -8.706290e+01 6.227500e+00
    endloop
  endfacet
  facet normal -9.490557e-01 3.151082e-01 -3.166838e-09
    outer loop
      vertex   1.679509e+02 -8.688048e+01 8.895000e+00
      vertex   1.678904e+02 -8.706290e+01 6.227500e+00
      vertex   1.678904e+02 -8.706290e+01 8.895000e+00
    endloop
  endfacet
  facet normal -9.009689e-01 4.338837e-01 3.166843e-09
    outer loop
      vertex   1.678904e+02 -8.706290e+01 8.895000e+00
      vertex   1.678904e+02 -8.706290e+01 6.227500e+00
      vertex   1.678070e+02 -8.723608e+01 6.227500e+00
    endloop
  endfacet
  facet normal -9.009689e-01 4.338837e-01 1.133755e-09
    outer loop
      vertex   1.678904e+02 -8.706290e+01 8.895000e+00
      vertex   1.678070e+02 -8.723608e+01 6.227500e+00
      vertex   1.678070e+02 -8.723608e+01 8.895000e+00
    endloop
  endfacet
  facet normal -8.380881e-01 5.455349e-01 -1.133744e-09
    outer loop
      vertex   1.678070e+02 -8.723608e+01 8.895000e+00
      vertex   1.678070e+02 -8.723608e+01 6.227500e+00
      vertex   1.677021e+02 -8.739717e+01 8.895000e+00
    endloop
  endfacet
  facet normal -8.380881e-01 5.455350e-01 5.415726e-09
    outer loop
      vertex   1.677021e+02 -8.739717e+01 8.895000e+00
      vertex   1.678070e+02 -8.723608e+01 6.227500e+00
      vertex   1.677021e+02 -8.739717e+01 6.227500e+00
    endloop
  endfacet
  facet normal -7.614460e-01 6.482284e-01 -5.415714e-09
    outer loop
      vertex   1.677021e+02 -8.739717e+01 8.895000e+00
      vertex   1.677021e+02 -8.739717e+01 6.227500e+00
      vertex   1.675775e+02 -8.754353e+01 8.895000e+00
    endloop
  endfacet
  facet normal -7.614458e-01 6.482286e-01 9.608751e-09
    outer loop
      vertex   1.675775e+02 -8.754353e+01 8.895000e+00
      vertex   1.677021e+02 -8.739717e+01 6.227500e+00
      vertex   1.675775e+02 -8.754353e+01 6.227500e+00
    endloop
  endfacet
  facet normal -6.723009e-01 7.402780e-01 -9.608759e-09
    outer loop
      vertex   1.675775e+02 -8.754353e+01 8.895000e+00
      vertex   1.675775e+02 -8.754353e+01 6.227500e+00
      vertex   1.674352e+02 -8.767275e+01 8.895000e+00
    endloop
  endfacet
  facet normal -6.723007e-01 7.402782e-01 1.364402e-08
    outer loop
      vertex   1.674352e+02 -8.767275e+01 8.895000e+00
      vertex   1.675775e+02 -8.754353e+01 6.227500e+00
      vertex   1.674352e+02 -8.767275e+01 6.227500e+00
    endloop
  endfacet
  facet normal -5.721167e-01 8.201723e-01 -1.364400e-08
    outer loop
      vertex   1.674352e+02 -8.767275e+01 8.895000e+00
      vertex   1.674352e+02 -8.767275e+01 6.227500e+00
      vertex   1.672776e+02 -8.778272e+01 8.895000e+00
    endloop
  endfacet
  facet normal -5.721163e-01 8.201725e-01 1.745523e-08
    outer loop
      vertex   1.672776e+02 -8.778272e+01 8.895000e+00
      vertex   1.674352e+02 -8.767275e+01 6.227500e+00
      vertex   1.672776e+02 -8.778272e+01 6.227500e+00
    endloop
  endfacet
  facet normal -4.625383e-01 8.865993e-01 -1.745521e-08
    outer loop
      vertex   1.672776e+02 -8.778272e+01 8.895000e+00
      vertex   1.672776e+02 -8.778272e+01 6.227500e+00
      vertex   1.671072e+02 -8.787162e+01 8.895000e+00
    endloop
  endfacet
  facet normal -4.625378e-01 8.865996e-01 2.097982e-08
    outer loop
      vertex   1.671072e+02 -8.787162e+01 8.895000e+00
      vertex   1.672776e+02 -8.778272e+01 6.227500e+00
      vertex   1.671072e+02 -8.787162e+01 6.227500e+00
    endloop
  endfacet
  facet normal -3.453651e-01 9.384684e-01 -2.097980e-08
    outer loop
      vertex   1.671072e+02 -8.787162e+01 8.895000e+00
      vertex   1.671072e+02 -8.787162e+01 6.227500e+00
      vertex   1.669268e+02 -8.793800e+01 8.895000e+00
    endloop
  endfacet
  facet normal -3.453645e-01 9.384686e-01 2.415992e-08
    outer loop
      vertex   1.669268e+02 -8.793800e+01 8.895000e+00
      vertex   1.671072e+02 -8.787162e+01 6.227500e+00
      vertex   1.669268e+02 -8.793800e+01 6.227500e+00
    endloop
  endfacet
  facet normal -2.225209e-01 9.749279e-01 -2.415989e-08
    outer loop
      vertex   1.669268e+02 -8.793800e+01 8.895000e+00
      vertex   1.669268e+02 -8.793800e+01 6.227500e+00
      vertex   1.667394e+02 -8.798077e+01 8.895000e+00
    endloop
  endfacet
  facet normal -2.225202e-01 9.749281e-01 2.694330e-08
    outer loop
      vertex   1.667394e+02 -8.798077e+01 8.895000e+00
      vertex   1.669268e+02 -8.793800e+01 6.227500e+00
      vertex   1.667394e+02 -8.798077e+01 6.227500e+00
    endloop
  endfacet
  facet normal -9.602303e-02 9.953791e-01 -2.694328e-08
    outer loop
      vertex   1.667394e+02 -8.798077e+01 8.895000e+00
      vertex   1.667394e+02 -8.798077e+01 6.227500e+00
      vertex   1.665481e+02 -8.799923e+01 8.895000e+00
    endloop
  endfacet
  facet normal -9.602225e-02 9.953792e-01 2.928428e-08
    outer loop
      vertex   1.665481e+02 -8.799923e+01 8.895000e+00
      vertex   1.667394e+02 -8.798077e+01 6.227500e+00
      vertex   1.665481e+02 -8.799923e+01 6.227500e+00
    endloop
  endfacet
  facet normal 3.205158e-02 9.994862e-01 -2.928426e-08
    outer loop
      vertex   1.665481e+02 -8.799923e+01 8.895000e+00
      vertex   1.665481e+02 -8.799923e+01 6.227500e+00
      vertex   1.663560e+02 -8.799307e+01 8.895000e+00
    endloop
  endfacet
  facet normal 3.205242e-02 9.994862e-01 3.114440e-08
    outer loop
      vertex   1.663560e+02 -8.799307e+01 8.895000e+00
      vertex   1.665481e+02 -8.799923e+01 6.227500e+00
      vertex   1.663560e+02 -8.799307e+01 6.227500e+00
    endloop
  endfacet
  facet normal 1.595999e-01 9.871818e-01 -3.114440e-08
    outer loop
      vertex   1.663560e+02 -8.799307e+01 8.895000e+00
      vertex   1.663560e+02 -8.799307e+01 6.227500e+00
      vertex   1.661662e+02 -8.796239e+01 8.895000e+00
    endloop
  endfacet
  facet normal 1.596008e-01 9.871816e-01 3.249315e-08
    outer loop
      vertex   1.661662e+02 -8.796239e+01 8.895000e+00
      vertex   1.663560e+02 -8.799307e+01 6.227500e+00
      vertex   1.661662e+02 -8.796239e+01 6.227500e+00
    endloop
  endfacet
  facet normal 2.845276e-01 9.586679e-01 -3.249314e-08
    outer loop
      vertex   1.661662e+02 -8.796239e+01 8.895000e+00
      vertex   1.661662e+02 -8.796239e+01 6.227500e+00
      vertex   1.659820e+02 -8.790770e+01 8.895000e+00
    endloop
  endfacet
  facet normal 2.845285e-01 9.586676e-01 3.330835e-08
    outer loop
      vertex   1.659820e+02 -8.790770e+01 8.895000e+00
      vertex   1.661662e+02 -8.796239e+01 6.227500e+00
      vertex   1.659820e+02 -8.790770e+01 6.227500e+00
    endloop
  endfacet
  facet normal 4.047833e-01 9.144126e-01 -3.330835e-08
    outer loop
      vertex   1.659820e+02 -8.790770e+01 8.895000e+00
      vertex   1.659820e+02 -8.790770e+01 6.227500e+00
      vertex   1.658062e+02 -8.782990e+01 8.895000e+00
    endloop
  endfacet
  facet normal 4.047842e-01 9.144122e-01 3.357664e-08
    outer loop
      vertex   1.658062e+02 -8.782990e+01 8.895000e+00
      vertex   1.659820e+02 -8.790770e+01 6.227500e+00
      vertex   1.658062e+02 -8.782990e+01 6.227500e+00
    endloop
  endfacet
  facet normal 5.183926e-01 8.551428e-01 -3.357664e-08
    outer loop
      vertex   1.658062e+02 -8.782990e+01 8.895000e+00
      vertex   1.658062e+02 -8.782990e+01 6.227500e+00
      vertex   1.656418e+02 -8.773026e+01 8.895000e+00
    endloop
  endfacet
  facet normal 5.183934e-01 8.551423e-01 3.329360e-08
    outer loop
      vertex   1.656418e+02 -8.773026e+01 8.895000e+00
      vertex   1.658062e+02 -8.782990e+01 6.227500e+00
      vertex   1.656418e+02 -8.773026e+01 6.227500e+00
    endloop
  endfacet
  facet normal 6.234898e-01 7.818315e-01 -3.329360e-08
    outer loop
      vertex   1.656418e+02 -8.773026e+01 8.895000e+00
      vertex   1.656418e+02 -8.773026e+01 6.227500e+00
      vertex   1.654916e+02 -8.761042e+01 8.895000e+00
    endloop
  endfacet
  facet normal 6.234905e-01 7.818309e-01 3.246390e-08
    outer loop
      vertex   1.654916e+02 -8.761042e+01 8.895000e+00
      vertex   1.656418e+02 -8.773026e+01 6.227500e+00
      vertex   1.654916e+02 -8.761042e+01 6.227500e+00
    endloop
  endfacet
  facet normal 7.183494e-01 6.956826e-01 -3.246389e-08
    outer loop
      vertex   1.654916e+02 -8.761042e+01 8.895000e+00
      vertex   1.654916e+02 -8.761042e+01 6.227500e+00
      vertex   1.653578e+02 -8.747234e+01 8.895000e+00
    endloop
  endfacet
  facet normal 7.183500e-01 6.956819e-01 3.110112e-08
    outer loop
      vertex   1.653578e+02 -8.747234e+01 8.895000e+00
      vertex   1.654916e+02 -8.761042e+01 6.227500e+00
      vertex   1.653578e+02 -8.747234e+01 6.227500e+00
    endloop
  endfacet
  facet normal 8.014136e-01 5.981105e-01 -3.110114e-08
    outer loop
      vertex   1.653578e+02 -8.747234e+01 8.895000e+00
      vertex   1.653578e+02 -8.747234e+01 6.227500e+00
      vertex   1.652429e+02 -8.731830e+01 8.895000e+00
    endloop
  endfacet
  facet normal 8.014141e-01 5.981099e-01 2.922770e-08
    outer loop
      vertex   1.652429e+02 -8.731830e+01 8.895000e+00
      vertex   1.653578e+02 -8.747234e+01 6.227500e+00
      vertex   1.652429e+02 -8.731830e+01 6.227500e+00
    endloop
  endfacet
  facet normal 8.713187e-01 4.907176e-01 -2.922768e-08
    outer loop
      vertex   1.652429e+02 -8.731830e+01 8.895000e+00
      vertex   1.652429e+02 -8.731830e+01 6.227500e+00
      vertex   1.651485e+02 -8.715083e+01 8.895000e+00
    endloop
  endfacet
  facet normal 8.713191e-01 4.907169e-01 2.687433e-08
    outer loop
      vertex   1.651485e+02 -8.715083e+01 8.895000e+00
      vertex   1.652429e+02 -8.731830e+01 6.227500e+00
      vertex   1.651485e+02 -8.715083e+01 6.227500e+00
    endloop
  endfacet
  facet normal 9.269168e-01 3.752670e-01 -2.687434e-08
    outer loop
      vertex   1.651485e+02 -8.715083e+01 8.895000e+00
      vertex   1.651485e+02 -8.715083e+01 6.227500e+00
      vertex   1.650764e+02 -8.697266e+01 8.895000e+00
    endloop
  endfacet
  facet normal 9.269170e-01 3.752663e-01 2.407970e-08
    outer loop
      vertex   1.650764e+02 -8.697266e+01 8.895000e+00
      vertex   1.651485e+02 -8.715083e+01 6.227500e+00
      vertex   1.650764e+02 -8.697266e+01 6.227500e+00
    endloop
  endfacet
  facet normal 9.672949e-01 2.536546e-01 -2.407971e-08
    outer loop
      vertex   1.650764e+02 -8.697266e+01 8.895000e+00
      vertex   1.650764e+02 -8.697266e+01 6.227500e+00
      vertex   1.650277e+02 -8.678674e+01 8.895000e+00
    endloop
  endfacet
  facet normal 9.672950e-01 2.536540e-01 2.088967e-08
    outer loop
      vertex   1.650277e+02 -8.678674e+01 8.895000e+00
      vertex   1.650764e+02 -8.697266e+01 6.227500e+00
      vertex   1.650277e+02 -8.678674e+01 6.227500e+00
    endloop
  endfacet
  facet normal 9.917900e-01 1.278772e-01 -2.088970e-08
    outer loop
      vertex   1.650277e+02 -8.678674e+01 8.895000e+00
      vertex   1.650277e+02 -8.678674e+01 6.227500e+00
      vertex   1.650031e+02 -8.659611e+01 8.895000e+00
    endloop
  endfacet
  facet normal 9.917901e-01 1.278766e-01 1.735665e-08
    outer loop
      vertex   1.650031e+02 -8.659611e+01 8.895000e+00
      vertex   1.650277e+02 -8.678674e+01 6.227500e+00
      vertex   1.650031e+02 -8.659611e+01 6.227500e+00
    endloop
  endfacet
  facet normal 1.000000e+00 0.000000e+00 -1.735668e-08
    outer loop
      vertex   1.650031e+02 -8.659611e+01 8.895000e+00
      vertex   1.650031e+02 -8.659611e+01 6.227500e+00
      vertex   1.650031e+02 -8.640390e+01 8.895000e+00
    endloop
  endfacet
  facet normal 1.000000e+00 -4.287667e-07 1.353863e-08
    outer loop
      vertex   1.650031e+02 -8.640390e+01 8.895000e+00
      vertex   1.650031e+02 -8.659611e+01 6.227500e+00
      vertex   1.650031e+02 -8.640390e+01 6.227500e+00
    endloop
  endfacet
  facet normal 9.917900e-01 -1.278772e-01 -1.353865e-08
    outer loop
      vertex   1.650031e+02 -8.640390e+01 8.895000e+00
      vertex   1.650031e+02 -8.640390e+01 6.227500e+00
      vertex   1.650277e+02 -8.621326e+01 8.895000e+00
    endloop
  endfacet
  facet normal 9.917900e-01 -1.278775e-01 9.498299e-09
    outer loop
      vertex   1.650277e+02 -8.621326e+01 8.895000e+00
      vertex   1.650031e+02 -8.640390e+01 6.227500e+00
      vertex   1.650277e+02 -8.621326e+01 6.227500e+00
    endloop
  endfacet
  facet normal 9.672949e-01 -2.536546e-01 -9.498310e-09
    outer loop
      vertex   1.650277e+02 -8.621326e+01 8.895000e+00
      vertex   1.650277e+02 -8.621326e+01 6.227500e+00
      vertex   1.650764e+02 -8.602734e+01 8.895000e+00
    endloop
  endfacet
  facet normal 9.672948e-01 -2.536548e-01 5.302008e-09
    outer loop
      vertex   1.650764e+02 -8.602734e+01 8.895000e+00
      vertex   1.650277e+02 -8.621326e+01 6.227500e+00
      vertex   1.650764e+02 -8.602734e+01 6.227500e+00
    endloop
  endfacet
  facet normal 9.269168e-01 -3.752670e-01 -5.301996e-09
    outer loop
      vertex   1.650764e+02 -8.602734e+01 8.895000e+00
      vertex   1.650764e+02 -8.602734e+01 6.227500e+00
      vertex   1.651485e+02 -8.584918e+01 8.895000e+00
    endloop
  endfacet
  facet normal 9.269167e-01 -3.752671e-01 1.018636e-09
    outer loop
      vertex   1.651485e+02 -8.584918e+01 8.895000e+00
      vertex   1.650764e+02 -8.602734e+01 6.227500e+00
      vertex   1.651485e+02 -8.584918e+01 6.227500e+00
    endloop
  endfacet
  facet normal 8.713187e-01 -4.907175e-01 -1.018633e-09
    outer loop
      vertex   1.651485e+02 -8.584918e+01 8.895000e+00
      vertex   1.651485e+02 -8.584918e+01 6.227500e+00
      vertex   1.652429e+02 -8.568170e+01 6.227500e+00
    endloop
  endfacet
  facet normal 8.713187e-01 -4.907175e-01 -1.035888e-06
    outer loop
      vertex   1.652429e+02 -8.568170e+01 6.227500e+00
      vertex   1.651485e+02 -8.584918e+01 6.227500e+00
      vertex   1.652429e+02 -8.568170e+01 3.560000e+00
    endloop
  endfacet
  facet normal 8.014136e-01 -5.981105e-01 -1.029325e-06
    outer loop
      vertex   1.652429e+02 -8.568170e+01 6.227500e+00
      vertex   1.652429e+02 -8.568170e+01 3.560000e+00
      vertex   1.653578e+02 -8.552766e+01 3.560000e+00
    endloop
  endfacet
  facet normal -9.979454e-01 -6.407049e-02 1.916270e-08
    outer loop
      vertex   1.680000e+02 -8.650000e+01 6.227500e+00
      vertex   1.679877e+02 -8.630819e+01 8.895000e+00
      vertex   1.679877e+02 -8.630818e+01 6.227500e+00
    endloop
  endfacet
  facet normal -9.815592e-01 -1.911586e-01 -1.916261e-08
    outer loop
      vertex   1.679877e+02 -8.630818e+01 6.227500e+00
      vertex   1.679877e+02 -8.630819e+01 8.895000e+00
      vertex   1.679509e+02 -8.611952e+01 8.895000e+00
    endloop
  endfacet
  facet normal -9.815590e-01 -1.911592e-01 2.253106e-08
    outer loop
      vertex   1.679877e+02 -8.630818e+01 6.227500e+00
      vertex   1.679509e+02 -8.611952e+01 8.895000e+00
      vertex   1.679509e+02 -8.611952e+01 6.227500e+00
    endloop
  endfacet
  facet normal -9.490557e-01 -3.151082e-01 -2.253108e-08
    outer loop
      vertex   1.679509e+02 -8.611952e+01 6.227500e+00
      vertex   1.679509e+02 -8.611952e+01 8.895000e+00
      vertex   1.678904e+02 -8.593710e+01 8.895000e+00
    endloop
  endfacet
  facet normal -9.490555e-01 -3.151089e-01 2.552956e-08
    outer loop
      vertex   1.679509e+02 -8.611952e+01 6.227500e+00
      vertex   1.678904e+02 -8.593710e+01 8.895000e+00
      vertex   1.678904e+02 -8.593710e+01 6.227500e+00
    endloop
  endfacet
  facet normal -9.009689e-01 -4.338837e-01 -2.552954e-08
    outer loop
      vertex   1.678904e+02 -8.593710e+01 6.227500e+00
      vertex   1.678904e+02 -8.593710e+01 8.895000e+00
      vertex   1.678070e+02 -8.576392e+01 8.895000e+00
    endloop
  endfacet
  facet normal -9.009685e-01 -4.338844e-01 2.810886e-08
    outer loop
      vertex   1.678904e+02 -8.593710e+01 6.227500e+00
      vertex   1.678070e+02 -8.576392e+01 8.895000e+00
      vertex   1.678070e+02 -8.576392e+01 6.227500e+00
    endloop
  endfacet
  facet normal -8.380881e-01 -5.455349e-01 -2.810882e-08
    outer loop
      vertex   1.678070e+02 -8.576392e+01 6.227500e+00
      vertex   1.678070e+02 -8.576392e+01 8.895000e+00
      vertex   1.677021e+02 -8.560284e+01 8.895000e+00
    endloop
  endfacet
  facet normal -8.380877e-01 -5.455356e-01 3.022659e-08
    outer loop
      vertex   1.678070e+02 -8.576392e+01 6.227500e+00
      vertex   1.677021e+02 -8.560284e+01 8.895000e+00
      vertex   1.677021e+02 -8.560283e+01 6.227500e+00
    endloop
  endfacet
  facet normal -7.614460e-01 -6.482284e-01 -3.022656e-08
    outer loop
      vertex   1.677021e+02 -8.560283e+01 6.227500e+00
      vertex   1.677021e+02 -8.560284e+01 8.895000e+00
      vertex   1.675775e+02 -8.545648e+01 8.895000e+00
    endloop
  endfacet
  facet normal -7.614454e-01 -6.482291e-01 3.184799e-08
    outer loop
      vertex   1.677021e+02 -8.560283e+01 6.227500e+00
      vertex   1.675775e+02 -8.545648e+01 8.895000e+00
      vertex   1.675775e+02 -8.545648e+01 6.227500e+00
    endloop
  endfacet
  facet normal -6.723009e-01 -7.402780e-01 -3.184799e-08
    outer loop
      vertex   1.675775e+02 -8.545648e+01 6.227500e+00
      vertex   1.675775e+02 -8.545648e+01 8.895000e+00
      vertex   1.674352e+02 -8.532725e+01 8.895000e+00
    endloop
  endfacet
  facet normal -6.723002e-01 -7.402786e-01 3.294648e-08
    outer loop
      vertex   1.675775e+02 -8.545648e+01 6.227500e+00
      vertex   1.674352e+02 -8.532725e+01 8.895000e+00
      vertex   1.674352e+02 -8.532725e+01 6.227500e+00
    endloop
  endfacet
  facet normal -5.721167e-01 -8.201723e-01 -3.294646e-08
    outer loop
      vertex   1.674352e+02 -8.532725e+01 6.227500e+00
      vertex   1.674352e+02 -8.532725e+01 8.895000e+00
      vertex   1.672776e+02 -8.521729e+01 8.895000e+00
    endloop
  endfacet
  facet normal -5.721159e-01 -8.201728e-01 3.350397e-08
    outer loop
      vertex   1.674352e+02 -8.532725e+01 6.227500e+00
      vertex   1.672776e+02 -8.521729e+01 8.895000e+00
      vertex   1.672776e+02 -8.521729e+01 6.227500e+00
    endloop
  endfacet
  facet normal -4.625383e-01 -8.865993e-01 -3.350397e-08
    outer loop
      vertex   1.672776e+02 -8.521729e+01 6.227500e+00
      vertex   1.672776e+02 -8.521729e+01 8.895000e+00
      vertex   1.671072e+02 -8.512838e+01 8.895000e+00
    endloop
  endfacet
  facet normal -4.625375e-01 -8.865997e-01 3.351134e-08
    outer loop
      vertex   1.672776e+02 -8.521729e+01 6.227500e+00
      vertex   1.671072e+02 -8.512838e+01 8.895000e+00
      vertex   1.671072e+02 -8.512838e+01 6.227500e+00
    endloop
  endfacet
  facet normal -3.453651e-01 -9.384684e-01 -3.351134e-08
    outer loop
      vertex   1.671072e+02 -8.512838e+01 6.227500e+00
      vertex   1.671072e+02 -8.512838e+01 8.895000e+00
      vertex   1.669268e+02 -8.506200e+01 8.895000e+00
    endloop
  endfacet
  facet normal -3.453642e-01 -9.384687e-01 3.296845e-08
    outer loop
      vertex   1.671072e+02 -8.512838e+01 6.227500e+00
      vertex   1.669268e+02 -8.506200e+01 8.895000e+00
      vertex   1.669268e+02 -8.506200e+01 6.227500e+00
    endloop
  endfacet
  facet normal -2.225209e-01 -9.749279e-01 -3.296846e-08
    outer loop
      vertex   1.669268e+02 -8.506200e+01 6.227500e+00
      vertex   1.669268e+02 -8.506200e+01 8.895000e+00
      vertex   1.667394e+02 -8.501923e+01 8.895000e+00
    endloop
  endfacet
  facet normal -2.225201e-01 -9.749281e-01 3.188424e-08
    outer loop
      vertex   1.669268e+02 -8.506200e+01 6.227500e+00
      vertex   1.667394e+02 -8.501923e+01 8.895000e+00
      vertex   1.667394e+02 -8.501923e+01 6.227500e+00
    endloop
  endfacet
  facet normal -9.602303e-02 -9.953791e-01 -3.188424e-08
    outer loop
      vertex   1.667394e+02 -8.501923e+01 6.227500e+00
      vertex   1.667394e+02 -8.501923e+01 8.895000e+00
      vertex   1.665481e+02 -8.500077e+01 8.895000e+00
    endloop
  endfacet
  facet normal -9.602217e-02 -9.953792e-01 3.027648e-08
    outer loop
      vertex   1.667394e+02 -8.501923e+01 6.227500e+00
      vertex   1.665481e+02 -8.500077e+01 8.895000e+00
      vertex   1.665481e+02 -8.500077e+01 6.227500e+00
    endloop
  endfacet
  facet normal 3.205158e-02 -9.994862e-01 -3.027649e-08
    outer loop
      vertex   1.665481e+02 -8.500077e+01 6.227500e+00
      vertex   1.665481e+02 -8.500077e+01 8.895000e+00
      vertex   1.663560e+02 -8.500693e+01 8.895000e+00
    endloop
  endfacet
  facet normal 3.205239e-02 -9.994862e-01 2.817158e-08
    outer loop
      vertex   1.665481e+02 -8.500077e+01 6.227500e+00
      vertex   1.663560e+02 -8.500693e+01 8.895000e+00
      vertex   1.663560e+02 -8.500693e+01 6.227500e+00
    endloop
  endfacet
  facet normal 1.595999e-01 -9.871818e-01 -2.817160e-08
    outer loop
      vertex   1.663560e+02 -8.500693e+01 6.227500e+00
      vertex   1.663560e+02 -8.500693e+01 8.895000e+00
      vertex   1.661662e+02 -8.503761e+01 8.895000e+00
    endloop
  endfacet
  facet normal 1.596006e-01 -9.871817e-01 2.560412e-08
    outer loop
      vertex   1.663560e+02 -8.500693e+01 6.227500e+00
      vertex   1.661662e+02 -8.503761e+01 8.895000e+00
      vertex   1.661662e+02 -8.503761e+01 6.227500e+00
    endloop
  endfacet
  facet normal 2.845276e-01 -9.586679e-01 -2.560413e-08
    outer loop
      vertex   1.661662e+02 -8.503761e+01 6.227500e+00
      vertex   1.661662e+02 -8.503761e+01 8.895000e+00
      vertex   1.659820e+02 -8.509230e+01 8.895000e+00
    endloop
  endfacet
  facet normal 2.845282e-01 -9.586677e-01 2.261624e-08
    outer loop
      vertex   1.661662e+02 -8.503761e+01 6.227500e+00
      vertex   1.659820e+02 -8.509230e+01 8.895000e+00
      vertex   1.659820e+02 -8.509230e+01 6.227500e+00
    endloop
  endfacet
  facet normal 4.047833e-01 -9.144126e-01 -2.261626e-08
    outer loop
      vertex   1.659820e+02 -8.509230e+01 6.227500e+00
      vertex   1.659820e+02 -8.509230e+01 8.895000e+00
      vertex   1.658062e+02 -8.517010e+01 8.895000e+00
    endloop
  endfacet
  facet normal 4.047839e-01 -9.144124e-01 1.925700e-08
    outer loop
      vertex   1.659820e+02 -8.509230e+01 6.227500e+00
      vertex   1.658062e+02 -8.517010e+01 8.895000e+00
      vertex   1.658062e+02 -8.517010e+01 6.227500e+00
    endloop
  endfacet
  facet normal 5.183926e-01 -8.551428e-01 -1.925701e-08
    outer loop
      vertex   1.658062e+02 -8.517010e+01 6.227500e+00
      vertex   1.658062e+02 -8.517010e+01 8.895000e+00
      vertex   1.656418e+02 -8.526974e+01 8.895000e+00
    endloop
  endfacet
  facet normal 5.183930e-01 -8.551425e-01 1.558157e-08
    outer loop
      vertex   1.658062e+02 -8.517010e+01 6.227500e+00
      vertex   1.656418e+02 -8.526974e+01 8.895000e+00
      vertex   1.656418e+02 -8.526974e+01 6.227500e+00
    endloop
  endfacet
  facet normal 6.234898e-01 -7.818315e-01 -1.558156e-08
    outer loop
      vertex   1.656418e+02 -8.526974e+01 6.227500e+00
      vertex   1.656418e+02 -8.526974e+01 8.895000e+00
      vertex   1.654916e+02 -8.538958e+01 8.895000e+00
    endloop
  endfacet
  facet normal 6.234901e-01 -7.818312e-01 1.165026e-08
    outer loop
      vertex   1.656418e+02 -8.526974e+01 6.227500e+00
      vertex   1.654916e+02 -8.538958e+01 8.895000e+00
      vertex   1.654916e+02 -8.538958e+01 6.227500e+00
    endloop
  endfacet
  facet normal 7.183494e-01 -6.956826e-01 -1.165028e-08
    outer loop
      vertex   1.654916e+02 -8.538958e+01 6.227500e+00
      vertex   1.654916e+02 -8.538958e+01 8.895000e+00
      vertex   1.653578e+02 -8.552766e+01 8.895000e+00
    endloop
  endfacet
  facet normal 7.183495e-01 -6.956824e-01 7.527668e-09
    outer loop
      vertex   1.654916e+02 -8.538958e+01 6.227500e+00
      vertex   1.653578e+02 -8.552766e+01 8.895000e+00
      vertex   1.653578e+02 -8.552766e+01 6.227500e+00
    endloop
  endfacet
  facet normal 8.014136e-01 -5.981105e-01 -7.527673e-09
    outer loop
      vertex   1.653578e+02 -8.552766e+01 6.227500e+00
      vertex   1.653578e+02 -8.552766e+01 8.895000e+00
      vertex   1.652429e+02 -8.568170e+01 8.895000e+00
    endloop
  endfacet
  facet normal 8.014137e-01 -5.981104e-01 3.281471e-09
    outer loop
      vertex   1.653578e+02 -8.552766e+01 6.227500e+00
      vertex   1.652429e+02 -8.568170e+01 8.895000e+00
      vertex   1.652429e+02 -8.568170e+01 6.227500e+00
    endloop
  endfacet
  facet normal 8.713187e-01 -4.907176e-01 -3.281453e-09
    outer loop
      vertex   1.652429e+02 -8.568170e+01 6.227500e+00
      vertex   1.652429e+02 -8.568170e+01 8.895000e+00
      vertex   1.651485e+02 -8.584918e+01 8.895000e+00
    endloop
  endfacet
  facet normal -9.979454e-01 6.407022e-02 9.675107e-07
    outer loop
      vertex   1.679877e+02 -8.669182e+01 3.560000e+00
      vertex   1.680000e+02 -8.650000e+01 6.227500e+00
      vertex   1.680000e+02 -8.650000e+01 3.560000e+00
    endloop
  endfacet
  facet normal -9.979454e-01 -6.407049e-02 9.055924e-07
    outer loop
      vertex   1.680000e+02 -8.650000e+01 3.560000e+00
      vertex   1.680000e+02 -8.650000e+01 6.227500e+00
      vertex   1.679877e+02 -8.630818e+01 6.227500e+00
    endloop
  endfacet
  facet normal -9.979454e-01 -6.407022e-02 8.864298e-07
    outer loop
      vertex   1.680000e+02 -8.650000e+01 3.560000e+00
      vertex   1.679877e+02 -8.630818e+01 6.227500e+00
      vertex   1.679877e+02 -8.630818e+01 3.560000e+00
    endloop
  endfacet
  facet normal -9.815590e-01 -1.911592e-01 8.481043e-07
    outer loop
      vertex   1.679877e+02 -8.630818e+01 3.560000e+00
      vertex   1.679877e+02 -8.630818e+01 6.227500e+00
      vertex   1.679509e+02 -8.611952e+01 6.227500e+00
    endloop
  endfacet
  facet normal -9.815592e-01 -1.911586e-01 8.064106e-07
    outer loop
      vertex   1.679877e+02 -8.630818e+01 3.560000e+00
      vertex   1.679509e+02 -8.611952e+01 6.227500e+00
      vertex   1.679509e+02 -8.611952e+01 3.560000e+00
    endloop
  endfacet
  facet normal -9.490555e-01 -3.151089e-01 7.613482e-07
    outer loop
      vertex   1.679509e+02 -8.611952e+01 3.560000e+00
      vertex   1.679509e+02 -8.611952e+01 6.227500e+00
      vertex   1.678904e+02 -8.593710e+01 6.227500e+00
    endloop
  endfacet
  facet normal -9.490557e-01 -3.151082e-01 7.132875e-07
    outer loop
      vertex   1.679509e+02 -8.611952e+01 3.560000e+00
      vertex   1.678904e+02 -8.593710e+01 6.227500e+00
      vertex   1.678904e+02 -8.593710e+01 3.560000e+00
    endloop
  endfacet
  facet normal -9.009685e-01 -4.338844e-01 6.622280e-07
    outer loop
      vertex   1.678904e+02 -8.593710e+01 3.560000e+00
      vertex   1.678904e+02 -8.593710e+01 6.227500e+00
      vertex   1.678070e+02 -8.576392e+01 6.227500e+00
    endloop
  endfacet
  facet normal -9.009689e-01 -4.338837e-01 6.085896e-07
    outer loop
      vertex   1.678904e+02 -8.593710e+01 3.560000e+00
      vertex   1.678070e+02 -8.576392e+01 6.227500e+00
      vertex   1.678070e+02 -8.576392e+01 3.560000e+00
    endloop
  endfacet
  facet normal -8.380877e-01 -5.455356e-01 5.523713e-07
    outer loop
      vertex   1.678070e+02 -8.576392e+01 3.560000e+00
      vertex   1.678070e+02 -8.576392e+01 6.227500e+00
      vertex   1.677021e+02 -8.560283e+01 6.227500e+00
    endloop
  endfacet
  facet normal -8.380881e-01 -5.455349e-01 4.940359e-07
    outer loop
      vertex   1.678070e+02 -8.576392e+01 3.560000e+00
      vertex   1.677021e+02 -8.560283e+01 6.227500e+00
      vertex   1.677021e+02 -8.560283e+01 3.560000e+00
    endloop
  endfacet
  facet normal -7.614454e-01 -6.482291e-01 4.335821e-07
    outer loop
      vertex   1.677021e+02 -8.560283e+01 3.560000e+00
      vertex   1.677021e+02 -8.560283e+01 6.227500e+00
      vertex   1.675775e+02 -8.545648e+01 6.227500e+00
    endloop
  endfacet
  facet normal -7.614460e-01 -6.482284e-01 3.715075e-07
    outer loop
      vertex   1.677021e+02 -8.560283e+01 3.560000e+00
      vertex   1.675775e+02 -8.545648e+01 6.227500e+00
      vertex   1.675775e+02 -8.545648e+01 3.560000e+00
    endloop
  endfacet
  facet normal -6.723002e-01 -7.402786e-01 3.078107e-07
    outer loop
      vertex   1.675775e+02 -8.545648e+01 3.560000e+00
      vertex   1.675775e+02 -8.545648e+01 6.227500e+00
      vertex   1.674352e+02 -8.532725e+01 6.227500e+00
    endloop
  endfacet
  facet normal -6.723009e-01 -7.402780e-01 2.430162e-07
    outer loop
      vertex   1.675775e+02 -8.545648e+01 3.560000e+00
      vertex   1.674352e+02 -8.532725e+01 6.227500e+00
      vertex   1.674352e+02 -8.532725e+01 3.560000e+00
    endloop
  endfacet
  facet normal -5.721159e-01 -8.201728e-01 1.771224e-07
    outer loop
      vertex   1.674352e+02 -8.532725e+01 3.560000e+00
      vertex   1.674352e+02 -8.532725e+01 6.227500e+00
      vertex   1.672776e+02 -8.521729e+01 6.227500e+00
    endloop
  endfacet
  facet normal -5.721167e-01 -8.201723e-01 1.106720e-07
    outer loop
      vertex   1.674352e+02 -8.532725e+01 3.560000e+00
      vertex   1.672776e+02 -8.521729e+01 6.227500e+00
      vertex   1.672776e+02 -8.521729e+01 3.560000e+00
    endloop
  endfacet
  facet normal -4.625375e-01 -8.865997e-01 4.366309e-08
    outer loop
      vertex   1.672776e+02 -8.521729e+01 3.560000e+00
      vertex   1.672776e+02 -8.521729e+01 6.227500e+00
      vertex   1.671072e+02 -8.512838e+01 6.227500e+00
    endloop
  endfacet
  facet normal -4.625383e-01 -8.865993e-01 -2.335222e-08
    outer loop
      vertex   1.672776e+02 -8.521729e+01 3.560000e+00
      vertex   1.671072e+02 -8.512838e+01 6.227500e+00
      vertex   1.671072e+02 -8.512838e+01 3.560000e+00
    endloop
  endfacet
  facet normal -3.453642e-01 -9.384687e-01 -9.037587e-08
    outer loop
      vertex   1.671072e+02 -8.512838e+01 3.560000e+00
      vertex   1.671072e+02 -8.512838e+01 6.227500e+00
      vertex   1.669268e+02 -8.506200e+01 6.227500e+00
    endloop
  endfacet
  facet normal -3.453651e-01 -9.384684e-01 -1.568556e-07
    outer loop
      vertex   1.671072e+02 -8.512838e+01 3.560000e+00
      vertex   1.669268e+02 -8.506200e+01 6.227500e+00
      vertex   1.669268e+02 -8.506200e+01 3.560000e+00
    endloop
  endfacet
  facet normal -2.225201e-01 -9.749281e-01 -2.227935e-07
    outer loop
      vertex   1.669268e+02 -8.506200e+01 3.560000e+00
      vertex   1.669268e+02 -8.506200e+01 6.227500e+00
      vertex   1.667394e+02 -8.501923e+01 6.227500e+00
    endloop
  endfacet
  facet normal -2.225209e-01 -9.749279e-01 -2.876462e-07
    outer loop
      vertex   1.669268e+02 -8.506200e+01 3.560000e+00
      vertex   1.667394e+02 -8.501923e+01 6.227500e+00
      vertex   1.667394e+02 -8.501923e+01 3.560000e+00
    endloop
  endfacet
  facet normal -9.602217e-02 -9.953792e-01 -3.514156e-07
    outer loop
      vertex   1.667394e+02 -8.501923e+01 3.560000e+00
      vertex   1.667394e+02 -8.501923e+01 6.227500e+00
      vertex   1.665481e+02 -8.500077e+01 6.227500e+00
    endloop
  endfacet
  facet normal -9.602303e-02 -9.953791e-01 -4.135763e-07
    outer loop
      vertex   1.667394e+02 -8.501923e+01 3.560000e+00
      vertex   1.665481e+02 -8.500077e+01 6.227500e+00
      vertex   1.665481e+02 -8.500077e+01 3.560000e+00
    endloop
  endfacet
  facet normal 3.205239e-02 -9.994862e-01 -4.741301e-07
    outer loop
      vertex   1.665481e+02 -8.500077e+01 3.560000e+00
      vertex   1.665481e+02 -8.500077e+01 6.227500e+00
      vertex   1.663560e+02 -8.500693e+01 6.227500e+00
    endloop
  endfacet
  facet normal 3.205158e-02 -9.994862e-01 -5.325782e-07
    outer loop
      vertex   1.665481e+02 -8.500077e+01 3.560000e+00
      vertex   1.663560e+02 -8.500693e+01 6.227500e+00
      vertex   1.663560e+02 -8.500693e+01 3.560000e+00
    endloop
  endfacet
  facet normal 1.596006e-01 -9.871817e-01 -5.889222e-07
    outer loop
      vertex   1.663560e+02 -8.500693e+01 3.560000e+00
      vertex   1.663560e+02 -8.500693e+01 6.227500e+00
      vertex   1.661662e+02 -8.503761e+01 6.227500e+00
    endloop
  endfacet
  facet normal 1.595999e-01 -9.871818e-01 -6.426979e-07
    outer loop
      vertex   1.663560e+02 -8.500693e+01 3.560000e+00
      vertex   1.661662e+02 -8.503761e+01 6.227500e+00
      vertex   1.661662e+02 -8.503761e+01 3.560000e+00
    endloop
  endfacet
  facet normal 2.845282e-01 -9.586677e-01 -6.939068e-07
    outer loop
      vertex   1.661662e+02 -8.503761e+01 3.560000e+00
      vertex   1.661662e+02 -8.503761e+01 6.227500e+00
      vertex   1.659820e+02 -8.509230e+01 6.227500e+00
    endloop
  endfacet
  facet normal 2.845276e-01 -9.586679e-01 -7.421272e-07
    outer loop
      vertex   1.661662e+02 -8.503761e+01 3.560000e+00
      vertex   1.659820e+02 -8.509230e+01 6.227500e+00
      vertex   1.659820e+02 -8.509230e+01 3.560000e+00
    endloop
  endfacet
  facet normal 4.047839e-01 -9.144124e-01 -7.873602e-07
    outer loop
      vertex   1.659820e+02 -8.509230e+01 3.560000e+00
      vertex   1.659820e+02 -8.509230e+01 6.227500e+00
      vertex   1.658062e+02 -8.517010e+01 6.227500e+00
    endloop
  endfacet
  facet normal 4.047833e-01 -9.144126e-01 -8.292335e-07
    outer loop
      vertex   1.659820e+02 -8.509230e+01 3.560000e+00
      vertex   1.658062e+02 -8.517010e+01 6.227500e+00
      vertex   1.658062e+02 -8.517010e+01 3.560000e+00
    endloop
  endfacet
  facet normal 5.183930e-01 -8.551425e-01 -8.677479e-07
    outer loop
      vertex   1.658062e+02 -8.517010e+01 3.560000e+00
      vertex   1.658062e+02 -8.517010e+01 6.227500e+00
      vertex   1.656418e+02 -8.526974e+01 6.227500e+00
    endloop
  endfacet
  facet normal 5.183926e-01 -8.551428e-01 -9.025865e-07
    outer loop
      vertex   1.658062e+02 -8.517010e+01 3.560000e+00
      vertex   1.656418e+02 -8.526974e+01 6.227500e+00
      vertex   1.656418e+02 -8.526974e+01 3.560000e+00
    endloop
  endfacet
  facet normal 6.234901e-01 -7.818312e-01 -9.337499e-07
    outer loop
      vertex   1.656418e+02 -8.526974e+01 3.560000e+00
      vertex   1.656418e+02 -8.526974e+01 6.227500e+00
      vertex   1.654916e+02 -8.538958e+01 6.227500e+00
    endloop
  endfacet
  facet normal 6.234898e-01 -7.818315e-01 -9.609817e-07
    outer loop
      vertex   1.656418e+02 -8.526974e+01 3.560000e+00
      vertex   1.654916e+02 -8.538958e+01 6.227500e+00
      vertex   1.654915e+02 -8.538958e+01 3.560000e+00
    endloop
  endfacet
  facet normal 7.183495e-01 -6.956824e-01 -9.842824e-07
    outer loop
      vertex   1.654915e+02 -8.538958e+01 3.560000e+00
      vertex   1.654916e+02 -8.538958e+01 6.227500e+00
      vertex   1.653578e+02 -8.552766e+01 6.227500e+00
    endloop
  endfacet
  facet normal 7.183494e-01 -6.956826e-01 -1.003460e-06
    outer loop
      vertex   1.654915e+02 -8.538958e+01 3.560000e+00
      vertex   1.653578e+02 -8.552766e+01 6.227500e+00
      vertex   1.653578e+02 -8.552766e+01 3.560000e+00
    endloop
  endfacet
  facet normal 8.014137e-01 -5.981104e-01 -1.018516e-06
    outer loop
      vertex   1.653578e+02 -8.552766e+01 3.560000e+00
      vertex   1.653578e+02 -8.552766e+01 6.227500e+00
      vertex   1.652429e+02 -8.568170e+01 6.227500e+00
    endloop
  endfacet
  facet normal -9.979454e-01 6.407006e-02 9.790529e-07
    outer loop
      vertex   1.680000e+02 -8.650000e+01 6.227500e+00
      vertex   1.679877e+02 -8.669182e+01 3.560000e+00
      vertex   1.679877e+02 -8.669182e+01 6.227500e+00
    endloop
  endfacet
  facet normal -9.815592e-01 1.911586e-01 1.002137e-06
    outer loop
      vertex   1.679877e+02 -8.669182e+01 6.227500e+00
      vertex   1.679877e+02 -8.669182e+01 3.560000e+00
      vertex   1.679509e+02 -8.688048e+01 3.560000e+00
    endloop
  endfacet
  facet normal -9.815592e-01 1.911584e-01 1.021095e-06
    outer loop
      vertex   1.679877e+02 -8.669182e+01 6.227500e+00
      vertex   1.679509e+02 -8.688048e+01 3.560000e+00
      vertex   1.679509e+02 -8.688048e+01 6.227500e+00
    endloop
  endfacet
  facet normal -9.490557e-01 3.151082e-01 1.035926e-06
    outer loop
      vertex   1.679509e+02 -8.688048e+01 6.227500e+00
      vertex   1.679509e+02 -8.688048e+01 3.560000e+00
      vertex   1.678904e+02 -8.706290e+01 3.560000e+00
    endloop
  endfacet
  facet normal -9.490558e-01 3.151081e-01 1.046508e-06
    outer loop
      vertex   1.679509e+02 -8.688048e+01 6.227500e+00
      vertex   1.678904e+02 -8.706290e+01 3.560000e+00
      vertex   1.678904e+02 -8.706290e+01 6.227500e+00
    endloop
  endfacet
  facet normal -9.009689e-01 4.338837e-01 1.052842e-06
    outer loop
      vertex   1.678904e+02 -8.706290e+01 6.227500e+00
      vertex   1.678904e+02 -8.706290e+01 3.560000e+00
      vertex   1.678070e+02 -8.723608e+01 3.560000e+00
    endloop
  endfacet
  facet normal -9.009689e-01 4.338837e-01 1.054875e-06
    outer loop
      vertex   1.678904e+02 -8.706290e+01 6.227500e+00
      vertex   1.678070e+02 -8.723608e+01 3.560000e+00
      vertex   1.678070e+02 -8.723608e+01 6.227500e+00
    endloop
  endfacet
  facet normal -8.380881e-01 5.455350e-01 1.052607e-06
    outer loop
      vertex   1.678070e+02 -8.723608e+01 6.227500e+00
      vertex   1.678070e+02 -8.723608e+01 3.560000e+00
      vertex   1.677021e+02 -8.739717e+01 6.227500e+00
    endloop
  endfacet
  facet normal -8.380881e-01 5.455349e-01 1.046058e-06
    outer loop
      vertex   1.678070e+02 -8.723608e+01 3.560000e+00
      vertex   1.677021e+02 -8.739717e+01 3.560000e+00
      vertex   1.677021e+02 -8.739717e+01 6.227500e+00
    endloop
  endfacet
  facet normal -7.614458e-01 6.482286e-01 1.035227e-06
    outer loop
      vertex   1.677021e+02 -8.739717e+01 6.227500e+00
      vertex   1.677021e+02 -8.739717e+01 3.560000e+00
      vertex   1.675775e+02 -8.754353e+01 6.227500e+00
    endloop
  endfacet
  facet normal -7.614460e-01 6.482284e-01 1.020202e-06
    outer loop
      vertex   1.677021e+02 -8.739717e+01 3.560000e+00
      vertex   1.675775e+02 -8.754352e+01 3.560000e+00
      vertex   1.675775e+02 -8.754353e+01 6.227500e+00
    endloop
  endfacet
  facet normal -6.723007e-01 7.402782e-01 1.000985e-06
    outer loop
      vertex   1.675775e+02 -8.754353e+01 6.227500e+00
      vertex   1.675775e+02 -8.754352e+01 3.560000e+00
      vertex   1.674352e+02 -8.767275e+01 6.227500e+00
    endloop
  endfacet
  facet normal -6.723009e-01 7.402780e-01 9.777318e-07
    outer loop
      vertex   1.675775e+02 -8.754352e+01 3.560000e+00
      vertex   1.674352e+02 -8.767275e+01 3.560000e+00
      vertex   1.674352e+02 -8.767275e+01 6.227500e+00
    endloop
  endfacet
  facet normal -5.721163e-01 8.201725e-01 9.504437e-07
    outer loop
      vertex   1.674352e+02 -8.767275e+01 6.227500e+00
      vertex   1.674352e+02 -8.767275e+01 3.560000e+00
      vertex   1.672776e+02 -8.778272e+01 6.227500e+00
    endloop
  endfacet
  facet normal -5.721167e-01 8.201723e-01 9.193444e-07
    outer loop
      vertex   1.674352e+02 -8.767275e+01 3.560000e+00
      vertex   1.672776e+02 -8.778271e+01 3.560000e+00
      vertex   1.672776e+02 -8.778272e+01 6.227500e+00
    endloop
  endfacet
  facet normal -4.625378e-01 8.865996e-01 8.844338e-07
    outer loop
      vertex   1.672776e+02 -8.778272e+01 6.227500e+00
      vertex   1.672776e+02 -8.778271e+01 3.560000e+00
      vertex   1.671072e+02 -8.787162e+01 6.227500e+00
    endloop
  endfacet
  facet normal -4.625383e-01 8.865993e-01 8.459988e-07
    outer loop
      vertex   1.672776e+02 -8.778271e+01 3.560000e+00
      vertex   1.671072e+02 -8.787162e+01 3.560000e+00
      vertex   1.671072e+02 -8.787162e+01 6.227500e+00
    endloop
  endfacet
  facet normal -3.453645e-01 9.384686e-01 8.040389e-07
    outer loop
      vertex   1.671072e+02 -8.787162e+01 6.227500e+00
      vertex   1.671072e+02 -8.787162e+01 3.560000e+00
      vertex   1.669268e+02 -8.793800e+01 6.227500e+00
    endloop
  endfacet
  facet normal -3.453651e-01 9.384684e-01 7.588992e-07
    outer loop
      vertex   1.671072e+02 -8.787162e+01 3.560000e+00
      vertex   1.669268e+02 -8.793800e+01 3.560000e+00
      vertex   1.669268e+02 -8.793800e+01 6.227500e+00
    endloop
  endfacet
  facet normal -2.225202e-01 9.749281e-01 7.105789e-07
    outer loop
      vertex   1.669268e+02 -8.793800e+01 6.227500e+00
      vertex   1.669268e+02 -8.793800e+01 3.560000e+00
      vertex   1.667394e+02 -8.798077e+01 6.227500e+00
    endloop
  endfacet
  facet normal -2.225209e-01 9.749279e-01 6.594758e-07
    outer loop
      vertex   1.669268e+02 -8.793800e+01 3.560000e+00
      vertex   1.667394e+02 -8.798077e+01 3.560000e+00
      vertex   1.667394e+02 -8.798077e+01 6.227500e+00
    endloop
  endfacet
  facet normal -9.602225e-02 9.953792e-01 6.055886e-07
    outer loop
      vertex   1.667394e+02 -8.798077e+01 6.227500e+00
      vertex   1.667394e+02 -8.798077e+01 3.560000e+00
      vertex   1.665481e+02 -8.799923e+01 6.227500e+00
    endloop
  endfacet
  facet normal -9.602303e-02 9.953791e-01 5.493611e-07
    outer loop
      vertex   1.667394e+02 -8.798077e+01 3.560000e+00
      vertex   1.665481e+02 -8.799923e+01 3.560000e+00
      vertex   1.665481e+02 -8.799923e+01 6.227500e+00
    endloop
  endfacet
  facet normal 3.205242e-02 9.994862e-01 4.907919e-07
    outer loop
      vertex   1.665481e+02 -8.799923e+01 6.227500e+00
      vertex   1.665481e+02 -8.799923e+01 3.560000e+00
      vertex   1.663560e+02 -8.799307e+01 6.227500e+00
    endloop
  endfacet
  facet normal 3.205158e-02 9.994862e-01 4.303632e-07
    outer loop
      vertex   1.665481e+02 -8.799923e+01 3.560000e+00
      vertex   1.663560e+02 -8.799307e+01 3.560000e+00
      vertex   1.663560e+02 -8.799307e+01 6.227500e+00
    endloop
  endfacet
  facet normal 1.596008e-01 9.871816e-01 3.680736e-07
    outer loop
      vertex   1.663560e+02 -8.799307e+01 6.227500e+00
      vertex   1.663560e+02 -8.799307e+01 3.560000e+00
      vertex   1.661662e+02 -8.796239e+01 6.227500e+00
    endloop
  endfacet
  facet normal 1.595999e-01 9.871818e-01 3.044361e-07
    outer loop
      vertex   1.663560e+02 -8.799307e+01 3.560000e+00
      vertex   1.661662e+02 -8.796239e+01 3.560000e+00
      vertex   1.661662e+02 -8.796239e+01 6.227500e+00
    endloop
  endfacet
  facet normal 2.845285e-01 9.586676e-01 2.394489e-07
    outer loop
      vertex   1.661662e+02 -8.796239e+01 6.227500e+00
      vertex   1.661662e+02 -8.796239e+01 3.560000e+00
      vertex   1.659820e+02 -8.790770e+01 6.227500e+00
    endloop
  endfacet
  facet normal 2.845276e-01 9.586679e-01 1.736475e-07
    outer loop
      vertex   1.661662e+02 -8.796239e+01 3.560000e+00
      vertex   1.659820e+02 -8.790770e+01 3.560000e+00
      vertex   1.659820e+02 -8.790770e+01 6.227500e+00
    endloop
  endfacet
  facet normal 4.047842e-01 9.144122e-01 1.070298e-07
    outer loop
      vertex   1.659820e+02 -8.790770e+01 6.227500e+00
      vertex   1.659820e+02 -8.790770e+01 3.560000e+00
      vertex   1.658062e+02 -8.782990e+01 6.227500e+00
    endloop
  endfacet
  facet normal 4.047833e-01 9.144126e-01 4.014484e-08
    outer loop
      vertex   1.659820e+02 -8.790770e+01 3.560000e+00
      vertex   1.658062e+02 -8.782990e+01 3.560000e+00
      vertex   1.658062e+02 -8.782990e+01 6.227500e+00
    endloop
  endfacet
  facet normal 5.183934e-01 8.551423e-01 -2.700940e-08
    outer loop
      vertex   1.658062e+02 -8.782990e+01 6.227500e+00
      vertex   1.658062e+02 -8.782990e+01 3.560000e+00
      vertex   1.656418e+02 -8.773026e+01 6.227500e+00
    endloop
  endfacet
  facet normal 5.183926e-01 8.551428e-01 -9.387964e-08
    outer loop
      vertex   1.658062e+02 -8.782990e+01 3.560000e+00
      vertex   1.656418e+02 -8.773026e+01 3.560000e+00
      vertex   1.656418e+02 -8.773026e+01 6.227500e+00
    endloop
  endfacet
  facet normal 6.234905e-01 7.818309e-01 -1.604678e-07
    outer loop
      vertex   1.656418e+02 -8.773026e+01 6.227500e+00
      vertex   1.656418e+02 -8.773026e+01 3.560000e+00
      vertex   1.654916e+02 -8.761042e+01 6.227500e+00
    endloop
  endfacet
  facet normal 6.234898e-01 7.818315e-01 -2.262253e-07
    outer loop
      vertex   1.656418e+02 -8.773026e+01 3.560000e+00
      vertex   1.654915e+02 -8.761042e+01 3.560000e+00
      vertex   1.654916e+02 -8.761042e+01 6.227500e+00
    endloop
  endfacet
  facet normal 7.183500e-01 6.956819e-01 -2.911541e-07
    outer loop
      vertex   1.654916e+02 -8.761042e+01 6.227500e+00
      vertex   1.654915e+02 -8.761042e+01 3.560000e+00
      vertex   1.653578e+02 -8.747234e+01 6.227500e+00
    endloop
  endfacet
  facet normal 7.183494e-01 6.956826e-01 -3.547191e-07
    outer loop
      vertex   1.654915e+02 -8.761042e+01 3.560000e+00
      vertex   1.653578e+02 -8.747234e+01 3.560000e+00
      vertex   1.653578e+02 -8.747234e+01 6.227500e+00
    endloop
  endfacet
  facet normal 8.014141e-01 5.981099e-01 -4.169222e-07
    outer loop
      vertex   1.653578e+02 -8.747234e+01 6.227500e+00
      vertex   1.653578e+02 -8.747234e+01 3.560000e+00
      vertex   1.652429e+02 -8.731830e+01 6.227500e+00
    endloop
  endfacet
  facet normal 8.014136e-01 5.981105e-01 -4.772510e-07
    outer loop
      vertex   1.653578e+02 -8.747234e+01 3.560000e+00
      vertex   1.652429e+02 -8.731830e+01 3.560000e+00
      vertex   1.652429e+02 -8.731830e+01 6.227500e+00
    endloop
  endfacet
  facet normal 8.713191e-01 4.907169e-01 -5.357072e-07
    outer loop
      vertex   1.652429e+02 -8.731830e+01 6.227500e+00
      vertex   1.652429e+02 -8.731830e+01 3.560000e+00
      vertex   1.651485e+02 -8.715083e+01 6.227500e+00
    endloop
  endfacet
  facet normal 8.713187e-01 4.907176e-01 -5.918092e-07
    outer loop
      vertex   1.652429e+02 -8.731830e+01 3.560000e+00
      vertex   1.651485e+02 -8.715083e+01 3.560000e+00
      vertex   1.651485e+02 -8.715083e+01 6.227500e+00
    endloop
  endfacet
  facet normal 9.269170e-01 3.752663e-01 -6.455586e-07
    outer loop
      vertex   1.651485e+02 -8.715083e+01 6.227500e+00
      vertex   1.651485e+02 -8.715083e+01 3.560000e+00
      vertex   1.650764e+02 -8.697266e+01 6.227500e+00
    endloop
  endfacet
  facet normal 9.269168e-01 3.752670e-01 -6.965127e-07
    outer loop
      vertex   1.651485e+02 -8.715083e+01 3.560000e+00
      vertex   1.650764e+02 -8.697266e+01 3.560000e+00
      vertex   1.650764e+02 -8.697266e+01 6.227500e+00
    endloop
  endfacet
  facet normal 9.672950e-01 2.536540e-01 -7.446727e-07
    outer loop
      vertex   1.650764e+02 -8.697266e+01 6.227500e+00
      vertex   1.650764e+02 -8.697266e+01 3.560000e+00
      vertex   1.650277e+02 -8.678674e+01 6.227500e+00
    endloop
  endfacet
  facet normal 9.672949e-01 2.536546e-01 -7.896421e-07
    outer loop
      vertex   1.650764e+02 -8.697266e+01 3.560000e+00
      vertex   1.650277e+02 -8.678674e+01 3.560000e+00
      vertex   1.650277e+02 -8.678674e+01 6.227500e+00
    endloop
  endfacet
  facet normal 9.917901e-01 1.278766e-01 -8.314219e-07
    outer loop
      vertex   1.650277e+02 -8.678674e+01 6.227500e+00
      vertex   1.650277e+02 -8.678674e+01 3.560000e+00
      vertex   1.650031e+02 -8.659611e+01 6.227500e+00
    endloop
  endfacet
  facet normal 9.917900e-01 1.278772e-01 -8.696683e-07
    outer loop
      vertex   1.650277e+02 -8.678674e+01 3.560000e+00
      vertex   1.650031e+02 -8.659611e+01 3.560000e+00
      vertex   1.650031e+02 -8.659611e+01 6.227500e+00
    endloop
  endfacet
  facet normal 1.000000e+00 -4.287667e-07 -9.043820e-07
    outer loop
      vertex   1.650031e+02 -8.659611e+01 6.227500e+00
      vertex   1.650031e+02 -8.659611e+01 3.560000e+00
      vertex   1.650031e+02 -8.640390e+01 6.227500e+00
    endloop
  endfacet
  facet normal 1.000000e+00 0.000000e+00 -9.352773e-07
    outer loop
      vertex   1.650031e+02 -8.659611e+01 3.560000e+00
      vertex   1.650031e+02 -8.640389e+01 3.560000e+00
      vertex   1.650031e+02 -8.640390e+01 6.227500e+00
    endloop
  endfacet
  facet normal 9.917900e-01 -1.278775e-01 -9.623548e-07
    outer loop
      vertex   1.650031e+02 -8.640390e+01 6.227500e+00
      vertex   1.650031e+02 -8.640389e+01 3.560000e+00
      vertex   1.650277e+02 -8.621326e+01 6.227500e+00
    endloop
  endfacet
  facet normal 9.917900e-01 -1.278772e-01 -9.853917e-07
    outer loop
      vertex   1.650031e+02 -8.640389e+01 3.560000e+00
      vertex   1.650277e+02 -8.621326e+01 3.560000e+00
      vertex   1.650277e+02 -8.621326e+01 6.227500e+00
    endloop
  endfacet
  facet normal 9.672948e-01 -2.536548e-01 -1.004388e-06
    outer loop
      vertex   1.650277e+02 -8.621326e+01 6.227500e+00
      vertex   1.650277e+02 -8.621326e+01 3.560000e+00
      vertex   1.650764e+02 -8.602734e+01 6.227500e+00
    endloop
  endfacet
  facet normal 9.672949e-01 -2.536546e-01 -1.019189e-06
    outer loop
      vertex   1.650277e+02 -8.621326e+01 3.560000e+00
      vertex   1.650764e+02 -8.602734e+01 3.560000e+00
      vertex   1.650764e+02 -8.602734e+01 6.227500e+00
    endloop
  endfacet
  facet normal 9.269167e-01 -3.752671e-01 -1.029793e-06
    outer loop
      vertex   1.650764e+02 -8.602734e+01 6.227500e+00
      vertex   1.650764e+02 -8.602734e+01 3.560000e+00
      vertex   1.651485e+02 -8.584918e+01 6.227500e+00
    endloop
  endfacet
  facet normal 9.269168e-01 -3.752670e-01 -1.036113e-06
    outer loop
      vertex   1.650764e+02 -8.602734e+01 3.560000e+00
      vertex   1.651485e+02 -8.584917e+01 3.560000e+00
      vertex   1.651485e+02 -8.584918e+01 6.227500e+00
    endloop
  endfacet
  facet normal 8.713187e-01 -4.907176e-01 -1.038151e-06
    outer loop
      vertex   1.651485e+02 -8.584918e+01 6.227500e+00
      vertex   1.651485e+02 -8.584917e+01 3.560000e+00
      vertex   1.652429e+02 -8.568170e+01 3.560000e+00
    endloop
  endfacet
  facet normal -9.979454e-01 -6.407022e-02 0.000000e+00
    outer loop
      vertex   1.679877e+02 -3.330818e+01 8.895000e+00
      vertex   1.680000e+02 -3.350000e+01 6.227500e+00
      vertex   1.680000e+02 -3.350000e+01 8.895000e+00
    endloop
  endfacet
  facet normal -9.979454e-01 6.407019e-02 0.000000e+00
    outer loop
      vertex   1.680000e+02 -3.350000e+01 8.895000e+00
      vertex   1.680000e+02 -3.350000e+01 6.227500e+00
      vertex   1.679877e+02 -3.369182e+01 6.227500e+00
    endloop
  endfacet
  facet normal -9.979454e-01 6.407022e-02 -2.135555e-09
    outer loop
      vertex   1.680000e+02 -3.350000e+01 8.895000e+00
      vertex   1.679877e+02 -3.369182e+01 6.227500e+00
      vertex   1.679877e+02 -3.369182e+01 8.895000e+00
    endloop
  endfacet
  facet normal -9.815592e-01 1.911586e-01 2.135523e-09
    outer loop
      vertex   1.679877e+02 -3.369182e+01 8.895000e+00
      vertex   1.679877e+02 -3.369182e+01 6.227500e+00
      vertex   1.679509e+02 -3.388048e+01 6.227500e+00
    endloop
  endfacet
  facet normal -9.815592e-01 1.911586e-01 1.758972e-09
    outer loop
      vertex   1.679877e+02 -3.369182e+01 8.895000e+00
      vertex   1.679509e+02 -3.388048e+01 6.227500e+00
      vertex   1.679509e+02 -3.388048e+01 8.895000e+00
    endloop
  endfacet
  facet normal -9.490557e-01 3.151082e-01 -1.758956e-09
    outer loop
      vertex   1.679509e+02 -3.388048e+01 8.895000e+00
      vertex   1.679509e+02 -3.388048e+01 6.227500e+00
      vertex   1.678904e+02 -3.406290e+01 8.895000e+00
    endloop
  endfacet
  facet normal -9.490557e-01 3.151083e-01 5.624587e-09
    outer loop
      vertex   1.678904e+02 -3.406290e+01 8.895000e+00
      vertex   1.679509e+02 -3.388048e+01 6.227500e+00
      vertex   1.678904e+02 -3.406290e+01 6.227500e+00
    endloop
  endfacet
  facet normal -9.009689e-01 4.338837e-01 -5.624572e-09
    outer loop
      vertex   1.678904e+02 -3.406290e+01 8.895000e+00
      vertex   1.678904e+02 -3.406290e+01 6.227500e+00
      vertex   1.678070e+02 -3.423608e+01 8.895000e+00
    endloop
  endfacet
  facet normal -9.009688e-01 4.338839e-01 9.397839e-09
    outer loop
      vertex   1.678070e+02 -3.423608e+01 8.895000e+00
      vertex   1.678904e+02 -3.406290e+01 6.227500e+00
      vertex   1.678070e+02 -3.423608e+01 6.227500e+00
    endloop
  endfacet
  facet normal -8.380881e-01 5.455349e-01 -9.397827e-09
    outer loop
      vertex   1.678070e+02 -3.423608e+01 8.895000e+00
      vertex   1.678070e+02 -3.423608e+01 6.227500e+00
      vertex   1.677021e+02 -3.439717e+01 8.895000e+00
    endloop
  endfacet
  facet normal -8.380879e-01 5.455352e-01 1.301678e-08
    outer loop
      vertex   1.677021e+02 -3.439717e+01 8.895000e+00
      vertex   1.678070e+02 -3.423608e+01 6.227500e+00
      vertex   1.677021e+02 -3.439717e+01 6.227500e+00
    endloop
  endfacet
  facet normal -7.614460e-01 6.482284e-01 -1.301676e-08
    outer loop
      vertex   1.677021e+02 -3.439717e+01 8.895000e+00
      vertex   1.677021e+02 -3.439717e+01 6.227500e+00
      vertex   1.675775e+02 -3.454352e+01 8.895000e+00
    endloop
  endfacet
  facet normal -7.614457e-01 6.482287e-01 1.642196e-08
    outer loop
      vertex   1.675775e+02 -3.454352e+01 8.895000e+00
      vertex   1.677021e+02 -3.439717e+01 6.227500e+00
      vertex   1.675775e+02 -3.454352e+01 6.227500e+00
    endloop
  endfacet
  facet normal -6.723009e-01 7.402780e-01 -1.642196e-08
    outer loop
      vertex   1.675775e+02 -3.454352e+01 8.895000e+00
      vertex   1.675775e+02 -3.454352e+01 6.227500e+00
      vertex   1.674352e+02 -3.467275e+01 8.895000e+00
    endloop
  endfacet
  facet normal -6.723005e-01 7.402783e-01 1.955752e-08
    outer loop
      vertex   1.674352e+02 -3.467275e+01 8.895000e+00
      vertex   1.675775e+02 -3.454352e+01 6.227500e+00
      vertex   1.674352e+02 -3.467275e+01 6.227500e+00
    endloop
  endfacet
  facet normal -5.721167e-01 8.201723e-01 -1.955749e-08
    outer loop
      vertex   1.674352e+02 -3.467275e+01 8.895000e+00
      vertex   1.674352e+02 -3.467275e+01 6.227500e+00
      vertex   1.672776e+02 -3.478271e+01 8.895000e+00
    endloop
  endfacet
  facet normal -5.721162e-01 8.201726e-01 2.237191e-08
    outer loop
      vertex   1.672776e+02 -3.478271e+01 8.895000e+00
      vertex   1.674352e+02 -3.467275e+01 6.227500e+00
      vertex   1.672776e+02 -3.478272e+01 6.227500e+00
    endloop
  endfacet
  facet normal -4.625383e-01 8.865993e-01 -2.237190e-08
    outer loop
      vertex   1.672776e+02 -3.478271e+01 8.895000e+00
      vertex   1.672776e+02 -3.478272e+01 6.227500e+00
      vertex   1.671072e+02 -3.487162e+01 8.895000e+00
    endloop
  endfacet
  facet normal -4.625377e-01 8.865996e-01 2.481896e-08
    outer loop
      vertex   1.671072e+02 -3.487162e+01 8.895000e+00
      vertex   1.672776e+02 -3.478272e+01 6.227500e+00
      vertex   1.671072e+02 -3.487162e+01 6.227500e+00
    endloop
  endfacet
  facet normal -3.453651e-01 9.384684e-01 -2.481896e-08
    outer loop
      vertex   1.671072e+02 -3.487162e+01 8.895000e+00
      vertex   1.671072e+02 -3.487162e+01 6.227500e+00
      vertex   1.669268e+02 -3.493800e+01 8.895000e+00
    endloop
  endfacet
  facet normal -3.453644e-01 9.384687e-01 2.685850e-08
    outer loop
      vertex   1.669268e+02 -3.493800e+01 8.895000e+00
      vertex   1.671072e+02 -3.487162e+01 6.227500e+00
      vertex   1.669268e+02 -3.493800e+01 6.227500e+00
    endloop
  endfacet
  facet normal -2.225209e-01 9.749279e-01 -2.685848e-08
    outer loop
      vertex   1.669268e+02 -3.493800e+01 8.895000e+00
      vertex   1.669268e+02 -3.493800e+01 6.227500e+00
      vertex   1.667394e+02 -3.498077e+01 8.895000e+00
    endloop
  endfacet
  facet normal -2.225202e-01 9.749281e-01 2.845700e-08
    outer loop
      vertex   1.667394e+02 -3.498077e+01 8.895000e+00
      vertex   1.669268e+02 -3.493800e+01 6.227500e+00
      vertex   1.667394e+02 -3.498077e+01 6.227500e+00
    endloop
  endfacet
  facet normal -9.602303e-02 9.953791e-01 -2.845699e-08
    outer loop
      vertex   1.667394e+02 -3.498077e+01 8.895000e+00
      vertex   1.667394e+02 -3.498077e+01 6.227500e+00
      vertex   1.665481e+02 -3.499923e+01 8.895000e+00
    endloop
  endfacet
  facet normal -9.602222e-02 9.953792e-01 2.958825e-08
    outer loop
      vertex   1.665481e+02 -3.499923e+01 8.895000e+00
      vertex   1.667394e+02 -3.498077e+01 6.227500e+00
      vertex   1.665481e+02 -3.499923e+01 6.227500e+00
    endloop
  endfacet
  facet normal 3.205158e-02 9.994862e-01 -2.958824e-08
    outer loop
      vertex   1.665481e+02 -3.499923e+01 8.895000e+00
      vertex   1.665481e+02 -3.499923e+01 6.227500e+00
      vertex   1.663560e+02 -3.499307e+01 8.895000e+00
    endloop
  endfacet
  facet normal 3.205241e-02 9.994862e-01 3.023366e-08
    outer loop
      vertex   1.663560e+02 -3.499307e+01 8.895000e+00
      vertex   1.665481e+02 -3.499923e+01 6.227500e+00
      vertex   1.663560e+02 -3.499307e+01 6.227500e+00
    endloop
  endfacet
  facet normal 1.595999e-01 9.871818e-01 -3.023365e-08
    outer loop
      vertex   1.663560e+02 -3.499307e+01 8.895000e+00
      vertex   1.663560e+02 -3.499307e+01 6.227500e+00
      vertex   1.661662e+02 -3.496239e+01 8.895000e+00
    endloop
  endfacet
  facet normal 1.596007e-01 9.871816e-01 3.038264e-08
    outer loop
      vertex   1.661662e+02 -3.496239e+01 8.895000e+00
      vertex   1.663560e+02 -3.499307e+01 6.227500e+00
      vertex   1.661662e+02 -3.496239e+01 6.227500e+00
    endloop
  endfacet
  facet normal 2.845276e-01 9.586679e-01 -3.038263e-08
    outer loop
      vertex   1.661662e+02 -3.496239e+01 8.895000e+00
      vertex   1.661662e+02 -3.496239e+01 6.227500e+00
      vertex   1.659820e+02 -3.490770e+01 8.895000e+00
    endloop
  endfacet
  facet normal 2.845284e-01 9.586676e-01 3.003274e-08
    outer loop
      vertex   1.659820e+02 -3.490770e+01 8.895000e+00
      vertex   1.661662e+02 -3.496239e+01 6.227500e+00
      vertex   1.659820e+02 -3.490770e+01 6.227500e+00
    endloop
  endfacet
  facet normal 4.047833e-01 9.144126e-01 -3.003273e-08
    outer loop
      vertex   1.659820e+02 -3.490770e+01 8.895000e+00
      vertex   1.659820e+02 -3.490770e+01 6.227500e+00
      vertex   1.658062e+02 -3.482990e+01 8.895000e+00
    endloop
  endfacet
  facet normal 4.047841e-01 9.144123e-01 2.918970e-08
    outer loop
      vertex   1.658062e+02 -3.482990e+01 8.895000e+00
      vertex   1.659820e+02 -3.490770e+01 6.227500e+00
      vertex   1.658062e+02 -3.482990e+01 6.227500e+00
    endloop
  endfacet
  facet normal 5.183926e-01 8.551428e-01 -2.918970e-08
    outer loop
      vertex   1.658062e+02 -3.482990e+01 8.895000e+00
      vertex   1.658062e+02 -3.482990e+01 6.227500e+00
      vertex   1.656418e+02 -3.473026e+01 8.895000e+00
    endloop
  endfacet
  facet normal 5.183932e-01 8.551424e-01 2.786738e-08
    outer loop
      vertex   1.656418e+02 -3.473026e+01 8.895000e+00
      vertex   1.658062e+02 -3.482990e+01 6.227500e+00
      vertex   1.656418e+02 -3.473026e+01 6.227500e+00
    endloop
  endfacet
  facet normal 6.234898e-01 7.818315e-01 -2.786738e-08
    outer loop
      vertex   1.656418e+02 -3.473026e+01 8.895000e+00
      vertex   1.656418e+02 -3.473026e+01 6.227500e+00
      vertex   1.654916e+02 -3.461042e+01 8.895000e+00
    endloop
  endfacet
  facet normal 6.234904e-01 7.818310e-01 2.608747e-08
    outer loop
      vertex   1.654916e+02 -3.461042e+01 8.895000e+00
      vertex   1.656418e+02 -3.473026e+01 6.227500e+00
      vertex   1.654916e+02 -3.461042e+01 6.227500e+00
    endloop
  endfacet
  facet normal 7.183494e-01 6.956826e-01 -2.608748e-08
    outer loop
      vertex   1.654916e+02 -3.461042e+01 8.895000e+00
      vertex   1.654916e+02 -3.461042e+01 6.227500e+00
      vertex   1.653578e+02 -3.447234e+01 8.895000e+00
    endloop
  endfacet
  facet normal 7.183498e-01 6.956821e-01 2.387921e-08
    outer loop
      vertex   1.653578e+02 -3.447234e+01 8.895000e+00
      vertex   1.654916e+02 -3.461042e+01 6.227500e+00
      vertex   1.653578e+02 -3.447234e+01 6.227500e+00
    endloop
  endfacet
  facet normal 8.014136e-01 5.981105e-01 -2.387923e-08
    outer loop
      vertex   1.653578e+02 -3.447234e+01 8.895000e+00
      vertex   1.653578e+02 -3.447234e+01 6.227500e+00
      vertex   1.652429e+02 -3.431830e+01 8.895000e+00
    endloop
  endfacet
  facet normal 8.014140e-01 5.981100e-01 2.127887e-08
    outer loop
      vertex   1.652429e+02 -3.431830e+01 8.895000e+00
      vertex   1.653578e+02 -3.447234e+01 6.227500e+00
      vertex   1.652429e+02 -3.431830e+01 6.227500e+00
    endloop
  endfacet
  facet normal 8.713187e-01 4.907176e-01 -2.127887e-08
    outer loop
      vertex   1.652429e+02 -3.431830e+01 8.895000e+00
      vertex   1.652429e+02 -3.431830e+01 6.227500e+00
      vertex   1.651485e+02 -3.415083e+01 8.895000e+00
    endloop
  endfacet
  facet normal 8.713190e-01 4.907171e-01 1.832913e-08
    outer loop
      vertex   1.651485e+02 -3.415083e+01 8.895000e+00
      vertex   1.652429e+02 -3.431830e+01 6.227500e+00
      vertex   1.651485e+02 -3.415083e+01 6.227500e+00
    endloop
  endfacet
  facet normal 9.269168e-01 3.752670e-01 -1.832911e-08
    outer loop
      vertex   1.651485e+02 -3.415083e+01 8.895000e+00
      vertex   1.651485e+02 -3.415083e+01 6.227500e+00
      vertex   1.650764e+02 -3.397266e+01 8.895000e+00
    endloop
  endfacet
  facet normal 9.269169e-01 3.752666e-01 1.507842e-08
    outer loop
      vertex   1.650764e+02 -3.397266e+01 8.895000e+00
      vertex   1.651485e+02 -3.415083e+01 6.227500e+00
      vertex   1.650764e+02 -3.397266e+01 6.227500e+00
    endloop
  endfacet
  facet normal 9.672949e-01 2.536546e-01 -1.507839e-08
    outer loop
      vertex   1.650764e+02 -3.397266e+01 8.895000e+00
      vertex   1.650764e+02 -3.397266e+01 6.227500e+00
      vertex   1.650277e+02 -3.378674e+01 8.895000e+00
    endloop
  endfacet
  facet normal 9.672950e-01 2.536542e-01 1.158009e-08
    outer loop
      vertex   1.650277e+02 -3.378674e+01 8.895000e+00
      vertex   1.650764e+02 -3.397266e+01 6.227500e+00
      vertex   1.650277e+02 -3.378674e+01 6.227500e+00
    endloop
  endfacet
  facet normal 9.917900e-01 1.278772e-01 -1.158012e-08
    outer loop
      vertex   1.650277e+02 -3.378674e+01 8.895000e+00
      vertex   1.650277e+02 -3.378674e+01 6.227500e+00
      vertex   1.650031e+02 -3.359611e+01 8.895000e+00
    endloop
  endfacet
  facet normal 9.917900e-01 1.278769e-01 7.891649e-09
    outer loop
      vertex   1.650031e+02 -3.359611e+01 8.895000e+00
      vertex   1.650277e+02 -3.378674e+01 6.227500e+00
      vertex   1.650031e+02 -3.359611e+01 6.227500e+00
    endloop
  endfacet
  facet normal 1.000000e+00 0.000000e+00 -7.891646e-09
    outer loop
      vertex   1.650031e+02 -3.359611e+01 8.895000e+00
      vertex   1.650031e+02 -3.359611e+01 6.227500e+00
      vertex   1.650031e+02 -3.340390e+01 8.895000e+00
    endloop
  endfacet
  facet normal 1.000000e+00 -1.660540e-07 4.073601e-09
    outer loop
      vertex   1.650031e+02 -3.340390e+01 8.895000e+00
      vertex   1.650031e+02 -3.359611e+01 6.227500e+00
      vertex   1.650031e+02 -3.340389e+01 6.227500e+00
    endloop
  endfacet
  facet normal 9.917900e-01 -1.278772e-01 -4.073615e-09
    outer loop
      vertex   1.650031e+02 -3.340390e+01 8.895000e+00
      vertex   1.650031e+02 -3.340389e+01 6.227500e+00
      vertex   1.650277e+02 -3.321326e+01 8.895000e+00
    endloop
  endfacet
  facet normal 9.917900e-01 -1.278772e-01 1.886632e-10
    outer loop
      vertex   1.650277e+02 -3.321326e+01 8.895000e+00
      vertex   1.650031e+02 -3.340389e+01 6.227500e+00
      vertex   1.650277e+02 -3.321326e+01 6.227500e+00
    endloop
  endfacet
  facet normal 9.672949e-01 -2.536545e-01 -1.886860e-10
    outer loop
      vertex   1.650277e+02 -3.321326e+01 8.895000e+00
      vertex   1.650277e+02 -3.321326e+01 6.227500e+00
      vertex   1.650764e+02 -3.302734e+01 6.227500e+00
    endloop
  endfacet
  facet normal 9.672949e-01 -2.536545e-01 -9.350883e-07
    outer loop
      vertex   1.650764e+02 -3.302734e+01 6.227500e+00
      vertex   1.650277e+02 -3.321326e+01 6.227500e+00
      vertex   1.650764e+02 -3.302734e+01 3.560000e+00
    endloop
  endfacet
  facet normal 9.269168e-01 -3.752670e-01 -9.276896e-07
    outer loop
      vertex   1.650764e+02 -3.302734e+01 6.227500e+00
      vertex   1.650764e+02 -3.302734e+01 3.560000e+00
      vertex   1.651485e+02 -3.284917e+01 3.560000e+00
    endloop
  endfacet
  facet normal -9.979454e-01 -6.407036e-02 9.755975e-09
    outer loop
      vertex   1.680000e+02 -3.350000e+01 6.227500e+00
      vertex   1.679877e+02 -3.330818e+01 8.895000e+00
      vertex   1.679877e+02 -3.330818e+01 6.227500e+00
    endloop
  endfacet
  facet normal -9.815592e-01 -1.911586e-01 -9.755954e-09
    outer loop
      vertex   1.679877e+02 -3.330818e+01 6.227500e+00
      vertex   1.679877e+02 -3.330818e+01 8.895000e+00
      vertex   1.679509e+02 -3.311952e+01 8.895000e+00
    endloop
  endfacet
  facet normal -9.815591e-01 -1.911589e-01 1.335674e-08
    outer loop
      vertex   1.679877e+02 -3.330818e+01 6.227500e+00
      vertex   1.679509e+02 -3.311952e+01 8.895000e+00
      vertex   1.679509e+02 -3.311952e+01 6.227500e+00
    endloop
  endfacet
  facet normal -9.490557e-01 -3.151082e-01 -1.335676e-08
    outer loop
      vertex   1.679509e+02 -3.311952e+01 6.227500e+00
      vertex   1.679509e+02 -3.311952e+01 8.895000e+00
      vertex   1.678904e+02 -3.293710e+01 8.895000e+00
    endloop
  endfacet
  facet normal -9.490556e-01 -3.151086e-01 1.673822e-08
    outer loop
      vertex   1.679509e+02 -3.311952e+01 6.227500e+00
      vertex   1.678904e+02 -3.293710e+01 8.895000e+00
      vertex   1.678904e+02 -3.293710e+01 6.227500e+00
    endloop
  endfacet
  facet normal -9.009689e-01 -4.338837e-01 -1.673820e-08
    outer loop
      vertex   1.678904e+02 -3.293710e+01 6.227500e+00
      vertex   1.678904e+02 -3.293710e+01 8.895000e+00
      vertex   1.678070e+02 -3.276392e+01 8.895000e+00
    endloop
  endfacet
  facet normal -9.009686e-01 -4.338842e-01 1.984485e-08
    outer loop
      vertex   1.678904e+02 -3.293710e+01 6.227500e+00
      vertex   1.678070e+02 -3.276392e+01 8.895000e+00
      vertex   1.678070e+02 -3.276392e+01 6.227500e+00
    endloop
  endfacet
  facet normal -8.380881e-01 -5.455349e-01 -1.984481e-08
    outer loop
      vertex   1.678070e+02 -3.276392e+01 6.227500e+00
      vertex   1.678070e+02 -3.276392e+01 8.895000e+00
      vertex   1.677021e+02 -3.260283e+01 8.895000e+00
    endloop
  endfacet
  facet normal -8.380878e-01 -5.455354e-01 2.262561e-08
    outer loop
      vertex   1.678070e+02 -3.276392e+01 6.227500e+00
      vertex   1.677021e+02 -3.260283e+01 8.895000e+00
      vertex   1.677021e+02 -3.260283e+01 6.227500e+00
    endloop
  endfacet
  facet normal -7.614460e-01 -6.482284e-01 -2.262558e-08
    outer loop
      vertex   1.677021e+02 -3.260283e+01 6.227500e+00
      vertex   1.677021e+02 -3.260283e+01 8.895000e+00
      vertex   1.675775e+02 -3.245648e+01 8.895000e+00
    endloop
  endfacet
  facet normal -7.614455e-01 -6.482289e-01 2.503485e-08
    outer loop
      vertex   1.677021e+02 -3.260283e+01 6.227500e+00
      vertex   1.675775e+02 -3.245648e+01 8.895000e+00
      vertex   1.675775e+02 -3.245648e+01 6.227500e+00
    endloop
  endfacet
  facet normal -6.723009e-01 -7.402780e-01 -2.503484e-08
    outer loop
      vertex   1.675775e+02 -3.245648e+01 6.227500e+00
      vertex   1.675775e+02 -3.245648e+01 8.895000e+00
      vertex   1.674352e+02 -3.232725e+01 8.895000e+00
    endloop
  endfacet
  facet normal -6.723004e-01 -7.402785e-01 2.703304e-08
    outer loop
      vertex   1.675775e+02 -3.245648e+01 6.227500e+00
      vertex   1.674352e+02 -3.232725e+01 8.895000e+00
      vertex   1.674352e+02 -3.232725e+01 6.227500e+00
    endloop
  endfacet
  facet normal -5.721167e-01 -8.201723e-01 -2.703301e-08
    outer loop
      vertex   1.674352e+02 -3.232725e+01 6.227500e+00
      vertex   1.674352e+02 -3.232725e+01 8.895000e+00
      vertex   1.672776e+02 -3.221729e+01 8.895000e+00
    endloop
  endfacet
  facet normal -5.721160e-01 -8.201727e-01 2.858732e-08
    outer loop
      vertex   1.674352e+02 -3.232725e+01 6.227500e+00
      vertex   1.672776e+02 -3.221729e+01 8.895000e+00
      vertex   1.672776e+02 -3.221729e+01 6.227500e+00
    endloop
  endfacet
  facet normal -4.625383e-01 -8.865993e-01 -2.858731e-08
    outer loop
      vertex   1.672776e+02 -3.221729e+01 6.227500e+00
      vertex   1.672776e+02 -3.221729e+01 8.895000e+00
      vertex   1.671072e+02 -3.212838e+01 8.895000e+00
    endloop
  endfacet
  facet normal -4.625376e-01 -8.865997e-01 2.967221e-08
    outer loop
      vertex   1.672776e+02 -3.221729e+01 6.227500e+00
      vertex   1.671072e+02 -3.212838e+01 8.895000e+00
      vertex   1.671072e+02 -3.212838e+01 6.227500e+00
    endloop
  endfacet
  facet normal -3.453651e-01 -9.384684e-01 -2.967221e-08
    outer loop
      vertex   1.671072e+02 -3.212838e+01 6.227500e+00
      vertex   1.671072e+02 -3.212838e+01 8.895000e+00
      vertex   1.669268e+02 -3.206200e+01 8.895000e+00
    endloop
  endfacet
  facet normal -3.453643e-01 -9.384687e-01 3.026989e-08
    outer loop
      vertex   1.671072e+02 -3.212838e+01 6.227500e+00
      vertex   1.669268e+02 -3.206200e+01 8.895000e+00
      vertex   1.669268e+02 -3.206200e+01 6.227500e+00
    endloop
  endfacet
  facet normal -2.225209e-01 -9.749279e-01 -3.026989e-08
    outer loop
      vertex   1.669268e+02 -3.206200e+01 6.227500e+00
      vertex   1.669268e+02 -3.206200e+01 8.895000e+00
      vertex   1.667394e+02 -3.201923e+01 8.895000e+00
    endloop
  endfacet
  facet normal -2.225201e-01 -9.749281e-01 3.037054e-08
    outer loop
      vertex   1.669268e+02 -3.206200e+01 6.227500e+00
      vertex   1.667394e+02 -3.201923e+01 8.895000e+00
      vertex   1.667394e+02 -3.201923e+01 6.227500e+00
    endloop
  endfacet
  facet normal -9.602303e-02 -9.953791e-01 -3.037054e-08
    outer loop
      vertex   1.667394e+02 -3.201923e+01 6.227500e+00
      vertex   1.667394e+02 -3.201923e+01 8.895000e+00
      vertex   1.665481e+02 -3.200077e+01 8.895000e+00
    endloop
  endfacet
  facet normal -9.602219e-02 -9.953792e-01 2.997251e-08
    outer loop
      vertex   1.667394e+02 -3.201923e+01 6.227500e+00
      vertex   1.665481e+02 -3.200077e+01 8.895000e+00
      vertex   1.665481e+02 -3.200077e+01 6.227500e+00
    endloop
  endfacet
  facet normal 3.205158e-02 -9.994862e-01 -2.997251e-08
    outer loop
      vertex   1.665481e+02 -3.200077e+01 6.227500e+00
      vertex   1.665481e+02 -3.200077e+01 8.895000e+00
      vertex   1.663560e+02 -3.200693e+01 8.895000e+00
    endloop
  endfacet
  facet normal 3.205240e-02 -9.994862e-01 2.908234e-08
    outer loop
      vertex   1.665481e+02 -3.200077e+01 6.227500e+00
      vertex   1.663560e+02 -3.200693e+01 8.895000e+00
      vertex   1.663560e+02 -3.200693e+01 6.227500e+00
    endloop
  endfacet
  facet normal 1.595999e-01 -9.871818e-01 -2.908234e-08
    outer loop
      vertex   1.663560e+02 -3.200693e+01 6.227500e+00
      vertex   1.663560e+02 -3.200693e+01 8.895000e+00
      vertex   1.661662e+02 -3.203761e+01 8.895000e+00
    endloop
  endfacet
  facet normal 1.596007e-01 -9.871817e-01 2.771464e-08
    outer loop
      vertex   1.663560e+02 -3.200693e+01 6.227500e+00
      vertex   1.661662e+02 -3.203761e+01 8.895000e+00
      vertex   1.661662e+02 -3.203761e+01 6.227500e+00
    endloop
  endfacet
  facet normal 2.845276e-01 -9.586679e-01 -2.771463e-08
    outer loop
      vertex   1.661662e+02 -3.203761e+01 6.227500e+00
      vertex   1.661662e+02 -3.203761e+01 8.895000e+00
      vertex   1.659820e+02 -3.209230e+01 8.895000e+00
    endloop
  endfacet
  facet normal 2.845283e-01 -9.586676e-01 2.589186e-08
    outer loop
      vertex   1.661662e+02 -3.203761e+01 6.227500e+00
      vertex   1.659820e+02 -3.209230e+01 8.895000e+00
      vertex   1.659820e+02 -3.209230e+01 6.227500e+00
    endloop
  endfacet
  facet normal 4.047833e-01 -9.144126e-01 -2.589187e-08
    outer loop
      vertex   1.659820e+02 -3.209230e+01 6.227500e+00
      vertex   1.659820e+02 -3.209230e+01 8.895000e+00
      vertex   1.658062e+02 -3.217010e+01 8.895000e+00
    endloop
  endfacet
  facet normal 4.047840e-01 -9.144123e-01 2.364395e-08
    outer loop
      vertex   1.659820e+02 -3.209230e+01 6.227500e+00
      vertex   1.658062e+02 -3.217010e+01 8.895000e+00
      vertex   1.658062e+02 -3.217010e+01 6.227500e+00
    endloop
  endfacet
  facet normal 5.183926e-01 -8.551428e-01 -2.364395e-08
    outer loop
      vertex   1.658062e+02 -3.217010e+01 6.227500e+00
      vertex   1.658062e+02 -3.217010e+01 8.895000e+00
      vertex   1.656418e+02 -3.226974e+01 8.895000e+00
    endloop
  endfacet
  facet normal 5.183931e-01 -8.551424e-01 2.100780e-08
    outer loop
      vertex   1.658062e+02 -3.217010e+01 6.227500e+00
      vertex   1.656418e+02 -3.226974e+01 8.895000e+00
      vertex   1.656418e+02 -3.226974e+01 6.227500e+00
    endloop
  endfacet
  facet normal 6.234898e-01 -7.818315e-01 -2.100781e-08
    outer loop
      vertex   1.656418e+02 -3.226974e+01 6.227500e+00
      vertex   1.656418e+02 -3.226974e+01 8.895000e+00
      vertex   1.654916e+02 -3.238958e+01 8.895000e+00
    endloop
  endfacet
  facet normal 6.234902e-01 -7.818311e-01 1.802670e-08
    outer loop
      vertex   1.656418e+02 -3.226974e+01 6.227500e+00
      vertex   1.654916e+02 -3.238958e+01 8.895000e+00
      vertex   1.654916e+02 -3.238958e+01 6.227500e+00
    endloop
  endfacet
  facet normal 7.183494e-01 -6.956826e-01 -1.802671e-08
    outer loop
      vertex   1.654916e+02 -3.238958e+01 6.227500e+00
      vertex   1.654916e+02 -3.238958e+01 8.895000e+00
      vertex   1.653578e+02 -3.252766e+01 8.895000e+00
    endloop
  endfacet
  facet normal 7.183497e-01 -6.956822e-01 1.474961e-08
    outer loop
      vertex   1.654916e+02 -3.238958e+01 6.227500e+00
      vertex   1.653578e+02 -3.252766e+01 8.895000e+00
      vertex   1.653578e+02 -3.252766e+01 6.227500e+00
    endloop
  endfacet
  facet normal 8.014136e-01 -5.981105e-01 -1.474962e-08
    outer loop
      vertex   1.653578e+02 -3.252766e+01 6.227500e+00
      vertex   1.653578e+02 -3.252766e+01 8.895000e+00
      vertex   1.652429e+02 -3.268170e+01 8.895000e+00
    endloop
  endfacet
  facet normal 8.014138e-01 -5.981102e-01 1.123034e-08
    outer loop
      vertex   1.653578e+02 -3.252766e+01 6.227500e+00
      vertex   1.652429e+02 -3.268170e+01 8.895000e+00
      vertex   1.652429e+02 -3.268170e+01 6.227500e+00
    endloop
  endfacet
  facet normal 8.713187e-01 -4.907176e-01 -1.123033e-08
    outer loop
      vertex   1.652429e+02 -3.268170e+01 6.227500e+00
      vertex   1.652429e+02 -3.268170e+01 8.895000e+00
      vertex   1.651485e+02 -3.284917e+01 8.895000e+00
    endloop
  endfacet
  facet normal 8.713188e-01 -4.907173e-01 7.526637e-09
    outer loop
      vertex   1.652429e+02 -3.268170e+01 6.227500e+00
      vertex   1.651485e+02 -3.284917e+01 8.895000e+00
      vertex   1.651485e+02 -3.284918e+01 6.227500e+00
    endloop
  endfacet
  facet normal 9.269168e-01 -3.752670e-01 -7.526645e-09
    outer loop
      vertex   1.651485e+02 -3.284918e+01 6.227500e+00
      vertex   1.651485e+02 -3.284917e+01 8.895000e+00
      vertex   1.650764e+02 -3.302734e+01 8.895000e+00
    endloop
  endfacet
  facet normal 9.269168e-01 -3.752669e-01 3.699373e-09
    outer loop
      vertex   1.651485e+02 -3.284918e+01 6.227500e+00
      vertex   1.650764e+02 -3.302734e+01 8.895000e+00
      vertex   1.650764e+02 -3.302734e+01 6.227500e+00
    endloop
  endfacet
  facet normal 9.672949e-01 -2.536546e-01 -3.699342e-09
    outer loop
      vertex   1.650764e+02 -3.302734e+01 6.227500e+00
      vertex   1.650764e+02 -3.302734e+01 8.895000e+00
      vertex   1.650277e+02 -3.321326e+01 8.895000e+00
    endloop
  endfacet
  facet normal -9.979454e-01 6.407022e-02 9.485416e-07
    outer loop
      vertex   1.679877e+02 -3.369182e+01 3.560000e+00
      vertex   1.680000e+02 -3.350000e+01 6.227500e+00
      vertex   1.680000e+02 -3.350000e+01 3.560000e+00
    endloop
  endfacet
  facet normal -9.979454e-01 -6.407036e-02 9.245617e-07
    outer loop
      vertex   1.680000e+02 -3.350000e+01 3.560000e+00
      vertex   1.680000e+02 -3.350000e+01 6.227500e+00
      vertex   1.679877e+02 -3.330818e+01 6.227500e+00
    endloop
  endfacet
  facet normal -9.979454e-01 -6.407022e-02 9.148057e-07
    outer loop
      vertex   1.680000e+02 -3.350000e+01 3.560000e+00
      vertex   1.679877e+02 -3.330818e+01 6.227500e+00
      vertex   1.679877e+02 -3.330818e+01 3.560000e+00
    endloop
  endfacet
  facet normal -9.815591e-01 -1.911589e-01 8.952938e-07
    outer loop
      vertex   1.679877e+02 -3.330818e+01 3.560000e+00
      vertex   1.679877e+02 -3.330818e+01 6.227500e+00
      vertex   1.679509e+02 -3.311952e+01 6.227500e+00
    endloop
  endfacet
  facet normal -9.815592e-01 -1.911586e-01 8.721811e-07
    outer loop
      vertex   1.679877e+02 -3.330818e+01 3.560000e+00
      vertex   1.679509e+02 -3.311952e+01 6.227500e+00
      vertex   1.679509e+02 -3.311952e+01 3.560000e+00
    endloop
  endfacet
  facet normal -9.490556e-01 -3.151086e-01 8.454675e-07
    outer loop
      vertex   1.679509e+02 -3.311952e+01 3.560000e+00
      vertex   1.679509e+02 -3.311952e+01 6.227500e+00
      vertex   1.678904e+02 -3.293710e+01 6.227500e+00
    endloop
  endfacet
  facet normal -9.490557e-01 -3.151082e-01 8.153725e-07
    outer loop
      vertex   1.679509e+02 -3.311952e+01 3.560000e+00
      vertex   1.678904e+02 -3.293710e+01 6.227500e+00
      vertex   1.678904e+02 -3.293710e+01 3.560000e+00
    endloop
  endfacet
  facet normal -9.009686e-01 -4.338842e-01 7.818959e-07
    outer loop
      vertex   1.678904e+02 -3.293710e+01 3.560000e+00
      vertex   1.678904e+02 -3.293710e+01 6.227500e+00
      vertex   1.678070e+02 -3.276392e+01 6.227500e+00
    endloop
  endfacet
  facet normal -9.009689e-01 -4.338837e-01 7.453129e-07
    outer loop
      vertex   1.678904e+02 -3.293710e+01 3.560000e+00
      vertex   1.678070e+02 -3.276392e+01 6.227500e+00
      vertex   1.678070e+02 -3.276392e+01 3.560000e+00
    endloop
  endfacet
  facet normal -8.380878e-01 -5.455354e-01 7.056230e-07
    outer loop
      vertex   1.678070e+02 -3.276392e+01 3.560000e+00
      vertex   1.678070e+02 -3.276392e+01 6.227500e+00
      vertex   1.677021e+02 -3.260283e+01 6.227500e+00
    endloop
  endfacet
  facet normal -8.380881e-01 -5.455349e-01 6.631525e-07
    outer loop
      vertex   1.678070e+02 -3.276392e+01 3.560000e+00
      vertex   1.677021e+02 -3.260283e+01 6.227500e+00
      vertex   1.677021e+02 -3.260283e+01 3.560000e+00
    endloop
  endfacet
  facet normal -7.614455e-01 -6.482289e-01 6.179010e-07
    outer loop
      vertex   1.677021e+02 -3.260283e+01 3.560000e+00
      vertex   1.677021e+02 -3.260283e+01 6.227500e+00
      vertex   1.675775e+02 -3.245648e+01 6.227500e+00
    endloop
  endfacet
  facet normal -7.614460e-01 -6.482284e-01 5.702405e-07
    outer loop
      vertex   1.677021e+02 -3.260283e+01 3.560000e+00
      vertex   1.675775e+02 -3.245648e+01 6.227500e+00
      vertex   1.675775e+02 -3.245648e+01 3.560000e+00
    endloop
  endfacet
  facet normal -6.723004e-01 -7.402785e-01 5.201704e-07
    outer loop
      vertex   1.675775e+02 -3.245648e+01 3.560000e+00
      vertex   1.675775e+02 -3.245648e+01 6.227500e+00
      vertex   1.674352e+02 -3.232725e+01 6.227500e+00
    endloop
  endfacet
  facet normal -6.723009e-01 -7.402780e-01 4.681025e-07
    outer loop
      vertex   1.675775e+02 -3.245648e+01 3.560000e+00
      vertex   1.674352e+02 -3.232725e+01 6.227500e+00
      vertex   1.674352e+02 -3.232725e+01 3.560000e+00
    endloop
  endfacet
  facet normal -5.721160e-01 -8.201727e-01 4.140359e-07
    outer loop
      vertex   1.674352e+02 -3.232725e+01 3.560000e+00
      vertex   1.674352e+02 -3.232725e+01 6.227500e+00
      vertex   1.672776e+02 -3.221729e+01 6.227500e+00
    endloop
  endfacet
  facet normal -5.721167e-01 -8.201723e-01 3.584156e-07
    outer loop
      vertex   1.674352e+02 -3.232725e+01 3.560000e+00
      vertex   1.672776e+02 -3.221729e+01 6.227500e+00
      vertex   1.672776e+02 -3.221729e+01 3.560000e+00
    endloop
  endfacet
  facet normal -4.625376e-01 -8.865997e-01 3.012403e-07
    outer loop
      vertex   1.672776e+02 -3.221729e+01 3.560000e+00
      vertex   1.672776e+02 -3.221729e+01 6.227500e+00
      vertex   1.671072e+02 -3.212838e+01 6.227500e+00
    endloop
  endfacet
  facet normal -4.625383e-01 -8.865993e-01 2.429808e-07
    outer loop
      vertex   1.672776e+02 -3.221729e+01 3.560000e+00
      vertex   1.671072e+02 -3.212838e+01 6.227500e+00
      vertex   1.671072e+02 -3.212838e+01 3.560000e+00
    endloop
  endfacet
  facet normal -3.453643e-01 -9.384687e-01 1.836356e-07
    outer loop
      vertex   1.671072e+02 -3.212838e+01 3.560000e+00
      vertex   1.671072e+02 -3.212838e+01 6.227500e+00
      vertex   1.669268e+02 -3.206200e+01 6.227500e+00
    endloop
  endfacet
  facet normal -3.453651e-01 -9.384684e-01 1.236935e-07
    outer loop
      vertex   1.671072e+02 -3.212838e+01 3.560000e+00
      vertex   1.669268e+02 -3.206200e+01 6.227500e+00
      vertex   1.669268e+02 -3.206200e+01 3.560000e+00
    endloop
  endfacet
  facet normal -2.225201e-01 -9.749281e-01 6.315298e-08
    outer loop
      vertex   1.669268e+02 -3.206200e+01 3.560000e+00
      vertex   1.669268e+02 -3.206200e+01 6.227500e+00
      vertex   1.667394e+02 -3.201923e+01 6.227500e+00
    endloop
  endfacet
  facet normal -2.225209e-01 -9.749279e-01 2.512556e-09
    outer loop
      vertex   1.669268e+02 -3.206200e+01 3.560000e+00
      vertex   1.667394e+02 -3.201923e+01 6.227500e+00
      vertex   1.667394e+02 -3.201923e+01 3.560000e+00
    endloop
  endfacet
  facet normal -9.602219e-02 -9.953792e-01 -5.822932e-08
    outer loop
      vertex   1.667394e+02 -3.201923e+01 3.560000e+00
      vertex   1.667394e+02 -3.201923e+01 6.227500e+00
      vertex   1.665481e+02 -3.200077e+01 6.227500e+00
    endloop
  endfacet
  facet normal -9.602303e-02 -9.953791e-01 -1.185724e-07
    outer loop
      vertex   1.667394e+02 -3.201923e+01 3.560000e+00
      vertex   1.665481e+02 -3.200077e+01 6.227500e+00
      vertex   1.665481e+02 -3.200077e+01 3.560000e+00
    endloop
  endfacet
  facet normal 3.205240e-02 -9.994862e-01 -1.785182e-07
    outer loop
      vertex   1.665481e+02 -3.200077e+01 3.560000e+00
      vertex   1.665481e+02 -3.200077e+01 6.227500e+00
      vertex   1.663560e+02 -3.200693e+01 6.227500e+00
    endloop
  endfacet
  facet normal 3.205158e-02 -9.994862e-01 -2.375730e-07
    outer loop
      vertex   1.665481e+02 -3.200077e+01 3.560000e+00
      vertex   1.663560e+02 -3.200693e+01 6.227500e+00
      vertex   1.663560e+02 -3.200693e+01 3.560000e+00
    endloop
  endfacet
  facet normal 1.596007e-01 -9.871817e-01 -2.957385e-07
    outer loop
      vertex   1.663560e+02 -3.200693e+01 3.560000e+00
      vertex   1.663560e+02 -3.200693e+01 6.227500e+00
      vertex   1.661662e+02 -3.203761e+01 6.227500e+00
    endloop
  endfacet
  facet normal 1.595999e-01 -9.871818e-01 -3.525354e-07
    outer loop
      vertex   1.663560e+02 -3.200693e+01 3.560000e+00
      vertex   1.661662e+02 -3.203761e+01 6.227500e+00
      vertex   1.661662e+02 -3.203761e+01 3.560000e+00
    endloop
  endfacet
  facet normal 2.845283e-01 -9.586676e-01 -4.079654e-07
    outer loop
      vertex   1.661662e+02 -3.203761e+01 3.560000e+00
      vertex   1.661662e+02 -3.203761e+01 6.227500e+00
      vertex   1.659820e+02 -3.209230e+01 6.227500e+00
    endloop
  endfacet
  facet normal 2.845276e-01 -9.586679e-01 -4.615719e-07
    outer loop
      vertex   1.661662e+02 -3.203761e+01 3.560000e+00
      vertex   1.659820e+02 -3.209230e+01 6.227500e+00
      vertex   1.659820e+02 -3.209230e+01 3.560000e+00
    endloop
  endfacet
  facet normal 4.047840e-01 -9.144123e-01 -5.133563e-07
    outer loop
      vertex   1.659820e+02 -3.209230e+01 3.560000e+00
      vertex   1.659820e+02 -3.209230e+01 6.227500e+00
      vertex   1.658062e+02 -3.217010e+01 6.227500e+00
    endloop
  endfacet
  facet normal 4.047833e-01 -9.144126e-01 -5.628921e-07
    outer loop
      vertex   1.659820e+02 -3.209230e+01 3.560000e+00
      vertex   1.658062e+02 -3.217010e+01 6.227500e+00
      vertex   1.658062e+02 -3.217010e+01 3.560000e+00
    endloop
  endfacet
  facet normal 5.183931e-01 -8.551424e-01 -6.101806e-07
    outer loop
      vertex   1.658062e+02 -3.217010e+01 3.560000e+00
      vertex   1.658062e+02 -3.217010e+01 6.227500e+00
      vertex   1.656418e+02 -3.226974e+01 6.227500e+00
    endloop
  endfacet
  facet normal 5.183926e-01 -8.551428e-01 -6.548323e-07
    outer loop
      vertex   1.658062e+02 -3.217010e+01 3.560000e+00
      vertex   1.656418e+02 -3.226974e+01 6.227500e+00
      vertex   1.656418e+02 -3.226974e+01 3.560000e+00
    endloop
  endfacet
  facet normal 6.234902e-01 -7.818311e-01 -6.968484e-07
    outer loop
      vertex   1.656418e+02 -3.226974e+01 3.560000e+00
      vertex   1.656418e+02 -3.226974e+01 6.227500e+00
      vertex   1.654916e+02 -3.238958e+01 6.227500e+00
    endloop
  endfacet
  facet normal 6.234898e-01 -7.818315e-01 -7.358829e-07
    outer loop
      vertex   1.656418e+02 -3.226974e+01 3.560000e+00
      vertex   1.654916e+02 -3.238958e+01 6.227500e+00
      vertex   1.654915e+02 -3.238958e+01 3.560000e+00
    endloop
  endfacet
  facet normal 7.183497e-01 -6.956822e-01 -7.719367e-07
    outer loop
      vertex   1.654915e+02 -3.238958e+01 3.560000e+00
      vertex   1.654916e+02 -3.238958e+01 6.227500e+00
      vertex   1.653578e+02 -3.252766e+01 6.227500e+00
    endloop
  endfacet
  facet normal 7.183494e-01 -6.956826e-01 -8.047130e-07
    outer loop
      vertex   1.654915e+02 -3.238958e+01 3.560000e+00
      vertex   1.653578e+02 -3.252766e+01 6.227500e+00
      vertex   1.653578e+02 -3.252766e+01 3.560000e+00
    endloop
  endfacet
  facet normal 8.014138e-01 -5.981102e-01 -8.342125e-07
    outer loop
      vertex   1.653578e+02 -3.252766e+01 3.560000e+00
      vertex   1.653578e+02 -3.252766e+01 6.227500e+00
      vertex   1.652429e+02 -3.268170e+01 6.227500e+00
    endloop
  endfacet
  facet normal 8.014136e-01 -5.981105e-01 -8.601924e-07
    outer loop
      vertex   1.653578e+02 -3.252766e+01 3.560000e+00
      vertex   1.652429e+02 -3.268170e+01 6.227500e+00
      vertex   1.652429e+02 -3.268170e+01 3.560000e+00
    endloop
  endfacet
  facet normal 8.713188e-01 -4.907173e-01 -8.826533e-07
    outer loop
      vertex   1.652429e+02 -3.268170e+01 3.560000e+00
      vertex   1.652429e+02 -3.268170e+01 6.227500e+00
      vertex   1.651485e+02 -3.284918e+01 6.227500e+00
    endloop
  endfacet
  facet normal 8.713187e-01 -4.907176e-01 -9.014102e-07
    outer loop
      vertex   1.652429e+02 -3.268170e+01 3.560000e+00
      vertex   1.651485e+02 -3.284918e+01 6.227500e+00
      vertex   1.651485e+02 -3.284917e+01 3.560000e+00
    endloop
  endfacet
  facet normal 9.269168e-01 -3.752669e-01 -9.164636e-07
    outer loop
      vertex   1.651485e+02 -3.284917e+01 3.560000e+00
      vertex   1.651485e+02 -3.284918e+01 6.227500e+00
      vertex   1.650764e+02 -3.302734e+01 6.227500e+00
    endloop
  endfacet
  facet normal -9.979454e-01 6.407019e-02 9.506771e-07
    outer loop
      vertex   1.680000e+02 -3.350000e+01 6.227500e+00
      vertex   1.679877e+02 -3.369182e+01 3.560000e+00
      vertex   1.679877e+02 -3.369182e+01 6.227500e+00
    endloop
  endfacet
  facet normal -9.815592e-01 1.911586e-01 9.549482e-07
    outer loop
      vertex   1.679877e+02 -3.369182e+01 6.227500e+00
      vertex   1.679877e+02 -3.369182e+01 3.560000e+00
      vertex   1.679509e+02 -3.388048e+01 3.560000e+00
    endloop
  endfacet
  facet normal -9.815592e-01 1.911586e-01 9.553248e-07
    outer loop
      vertex   1.679877e+02 -3.369182e+01 6.227500e+00
      vertex   1.679509e+02 -3.388048e+01 3.560000e+00
      vertex   1.679509e+02 -3.388048e+01 6.227500e+00
    endloop
  endfacet
  facet normal -9.490557e-01 3.151083e-01 9.518069e-07
    outer loop
      vertex   1.679509e+02 -3.388048e+01 6.227500e+00
      vertex   1.679509e+02 -3.388048e+01 3.560000e+00
      vertex   1.678904e+02 -3.406290e+01 6.227500e+00
    endloop
  endfacet
  facet normal -9.490557e-01 3.151082e-01 9.444233e-07
    outer loop
      vertex   1.679509e+02 -3.388048e+01 3.560000e+00
      vertex   1.678904e+02 -3.406290e+01 3.560000e+00
      vertex   1.678904e+02 -3.406290e+01 6.227500e+00
    endloop
  endfacet
  facet normal -9.009688e-01 4.338839e-01 9.331741e-07
    outer loop
      vertex   1.678904e+02 -3.406290e+01 6.227500e+00
      vertex   1.678904e+02 -3.406290e+01 3.560000e+00
      vertex   1.678070e+02 -3.423608e+01 6.227500e+00
    endloop
  endfacet
  facet normal -9.009689e-01 4.338837e-01 9.181517e-07
    outer loop
      vertex   1.678904e+02 -3.406290e+01 3.560000e+00
      vertex   1.678070e+02 -3.423608e+01 3.560000e+00
      vertex   1.678070e+02 -3.423608e+01 6.227500e+00
    endloop
  endfacet
  facet normal -8.380879e-01 5.455352e-01 8.993560e-07
    outer loop
      vertex   1.678070e+02 -3.423608e+01 6.227500e+00
      vertex   1.678070e+02 -3.423608e+01 3.560000e+00
      vertex   1.677021e+02 -3.439717e+01 6.227500e+00
    endloop
  endfacet
  facet normal -8.380881e-01 5.455349e-01 8.769414e-07
    outer loop
      vertex   1.678070e+02 -3.423608e+01 3.560000e+00
      vertex   1.677021e+02 -3.439717e+01 3.560000e+00
      vertex   1.677021e+02 -3.439717e+01 6.227500e+00
    endloop
  endfacet
  facet normal -7.614457e-01 6.482287e-01 8.509078e-07
    outer loop
      vertex   1.677021e+02 -3.439717e+01 6.227500e+00
      vertex   1.677021e+02 -3.439717e+01 3.560000e+00
      vertex   1.675775e+02 -3.454352e+01 6.227500e+00
    endloop
  endfacet
  facet normal -7.614460e-01 6.482284e-01 8.214691e-07
    outer loop
      vertex   1.677021e+02 -3.439717e+01 3.560000e+00
      vertex   1.675775e+02 -3.454352e+01 3.560000e+00
      vertex   1.675775e+02 -3.454352e+01 6.227500e+00
    endloop
  endfacet
  facet normal -6.723005e-01 7.402783e-01 7.886250e-07
    outer loop
      vertex   1.675775e+02 -3.454352e+01 6.227500e+00
      vertex   1.675775e+02 -3.454352e+01 3.560000e+00
      vertex   1.674352e+02 -3.467275e+01 6.227500e+00
    endloop
  endfacet
  facet normal -6.723009e-01 7.402780e-01 7.526455e-07
    outer loop
      vertex   1.675775e+02 -3.454352e+01 3.560000e+00
      vertex   1.674352e+02 -3.467275e+01 3.560000e+00
      vertex   1.674352e+02 -3.467275e+01 6.227500e+00
    endloop
  endfacet
  facet normal -5.721162e-01 8.201726e-01 7.135303e-07
    outer loop
      vertex   1.674352e+02 -3.467275e+01 6.227500e+00
      vertex   1.674352e+02 -3.467275e+01 3.560000e+00
      vertex   1.672776e+02 -3.478272e+01 6.227500e+00
    endloop
  endfacet
  facet normal -5.721167e-01 8.201723e-01 6.716009e-07
    outer loop
      vertex   1.674352e+02 -3.467275e+01 3.560000e+00
      vertex   1.672776e+02 -3.478271e+01 3.560000e+00
      vertex   1.672776e+02 -3.478272e+01 6.227500e+00
    endloop
  endfacet
  facet normal -4.625377e-01 8.865996e-01 6.268567e-07
    outer loop
      vertex   1.672776e+02 -3.478272e+01 6.227500e+00
      vertex   1.672776e+02 -3.478271e+01 3.560000e+00
      vertex   1.671072e+02 -3.487162e+01 6.227500e+00
    endloop
  endfacet
  facet normal -4.625383e-01 8.865993e-01 5.796658e-07
    outer loop
      vertex   1.672776e+02 -3.478271e+01 3.560000e+00
      vertex   1.671072e+02 -3.487162e+01 3.560000e+00
      vertex   1.671072e+02 -3.487162e+01 6.227500e+00
    endloop
  endfacet
  facet normal -3.453644e-01 9.384687e-01 5.300275e-07
    outer loop
      vertex   1.671072e+02 -3.487162e+01 6.227500e+00
      vertex   1.671072e+02 -3.487162e+01 3.560000e+00
      vertex   1.669268e+02 -3.493800e+01 6.227500e+00
    endloop
  endfacet
  facet normal -3.453651e-01 9.384684e-01 4.783500e-07
    outer loop
      vertex   1.671072e+02 -3.487162e+01 3.560000e+00
      vertex   1.669268e+02 -3.493800e+01 3.560000e+00
      vertex   1.669268e+02 -3.493800e+01 6.227500e+00
    endloop
  endfacet
  facet normal -2.225202e-01 9.749281e-01 4.246325e-07
    outer loop
      vertex   1.669268e+02 -3.493800e+01 6.227500e+00
      vertex   1.669268e+02 -3.493800e+01 3.560000e+00
      vertex   1.667394e+02 -3.498077e+01 6.227500e+00
    endloop
  endfacet
  facet normal -2.225209e-01 9.749279e-01 3.693170e-07
    outer loop
      vertex   1.669268e+02 -3.493800e+01 3.560000e+00
      vertex   1.667394e+02 -3.498077e+01 3.560000e+00
      vertex   1.667394e+02 -3.498077e+01 6.227500e+00
    endloop
  endfacet
  facet normal -9.602222e-02 9.953792e-01 3.124024e-07
    outer loop
      vertex   1.667394e+02 -3.498077e+01 6.227500e+00
      vertex   1.667394e+02 -3.498077e+01 3.560000e+00
      vertex   1.665481e+02 -3.499923e+01 6.227500e+00
    endloop
  endfacet
  facet normal -9.602303e-02 9.953791e-01 2.543571e-07
    outer loop
      vertex   1.667394e+02 -3.498077e+01 3.560000e+00
      vertex   1.665481e+02 -3.499923e+01 3.560000e+00
      vertex   1.665481e+02 -3.499923e+01 6.227500e+00
    endloop
  endfacet
  facet normal 3.205241e-02 9.994862e-01 1.951799e-07
    outer loop
      vertex   1.665481e+02 -3.499923e+01 6.227500e+00
      vertex   1.665481e+02 -3.499923e+01 3.560000e+00
      vertex   1.663560e+02 -3.499307e+01 6.227500e+00
    endloop
  endfacet
  facet normal 3.205158e-02 9.994862e-01 1.353580e-07
    outer loop
      vertex   1.665481e+02 -3.499923e+01 3.560000e+00
      vertex   1.663560e+02 -3.499307e+01 3.560000e+00
      vertex   1.663560e+02 -3.499307e+01 6.227500e+00
    endloop
  endfacet
  facet normal 1.596007e-01 9.871816e-01 7.488996e-08
    outer loop
      vertex   1.663560e+02 -3.499307e+01 6.227500e+00
      vertex   1.663560e+02 -3.499307e+01 3.560000e+00
      vertex   1.661662e+02 -3.496239e+01 6.227500e+00
    endloop
  endfacet
  facet normal 1.595999e-01 9.871818e-01 1.427367e-08
    outer loop
      vertex   1.663560e+02 -3.499307e+01 3.560000e+00
      vertex   1.661662e+02 -3.496239e+01 3.560000e+00
      vertex   1.661662e+02 -3.496239e+01 6.227500e+00
    endloop
  endfacet
  facet normal 2.845284e-01 9.586676e-01 -4.649239e-08
    outer loop
      vertex   1.661662e+02 -3.496239e+01 6.227500e+00
      vertex   1.661662e+02 -3.496239e+01 3.560000e+00
      vertex   1.659820e+02 -3.490770e+01 6.227500e+00
    endloop
  endfacet
  facet normal 2.845276e-01 9.586679e-01 -1.069078e-07
    outer loop
      vertex   1.661662e+02 -3.496239e+01 3.560000e+00
      vertex   1.659820e+02 -3.490770e+01 3.560000e+00
      vertex   1.659820e+02 -3.490770e+01 6.227500e+00
    endloop
  endfacet
  facet normal 4.047841e-01 9.144123e-01 -1.669740e-07
    outer loop
      vertex   1.659820e+02 -3.490770e+01 6.227500e+00
      vertex   1.659820e+02 -3.490770e+01 3.560000e+00
      vertex   1.658062e+02 -3.482990e+01 6.227500e+00
    endloop
  endfacet
  facet normal 4.047833e-01 9.144126e-01 -2.261965e-07
    outer loop
      vertex   1.659820e+02 -3.490770e+01 3.560000e+00
      vertex   1.658062e+02 -3.482990e+01 3.560000e+00
      vertex   1.658062e+02 -3.482990e+01 6.227500e+00
    endloop
  endfacet
  facet normal 5.183932e-01 8.551424e-01 -2.845766e-07
    outer loop
      vertex   1.658062e+02 -3.482990e+01 6.227500e+00
      vertex   1.658062e+02 -3.482990e+01 3.560000e+00
      vertex   1.656418e+02 -3.473026e+01 6.227500e+00
    endloop
  endfacet
  facet normal 5.183926e-01 8.551428e-01 -3.416337e-07
    outer loop
      vertex   1.658062e+02 -3.482990e+01 3.560000e+00
      vertex   1.656418e+02 -3.473026e+01 3.560000e+00
      vertex   1.656418e+02 -3.473026e+01 6.227500e+00
    endloop
  endfacet
  facet normal 6.234904e-01 7.818310e-01 -3.973692e-07
    outer loop
      vertex   1.656418e+02 -3.473026e+01 6.227500e+00
      vertex   1.656418e+02 -3.473026e+01 3.560000e+00
      vertex   1.654916e+02 -3.461042e+01 6.227500e+00
    endloop
  endfacet
  facet normal 6.234898e-01 7.818315e-01 -4.513240e-07
    outer loop
      vertex   1.656418e+02 -3.473026e+01 3.560000e+00
      vertex   1.654915e+02 -3.461042e+01 3.560000e+00
      vertex   1.654916e+02 -3.461042e+01 6.227500e+00
    endloop
  endfacet
  facet normal 7.183498e-01 6.956821e-01 -5.034997e-07
    outer loop
      vertex   1.654916e+02 -3.461042e+01 6.227500e+00
      vertex   1.654915e+02 -3.461042e+01 3.560000e+00
      vertex   1.653578e+02 -3.447234e+01 6.227500e+00
    endloop
  endfacet
  facet normal 7.183494e-01 6.956826e-01 -5.534664e-07
    outer loop
      vertex   1.654915e+02 -3.461042e+01 3.560000e+00
      vertex   1.653578e+02 -3.447234e+01 3.560000e+00
      vertex   1.653578e+02 -3.447234e+01 6.227500e+00
    endloop
  endfacet
  facet normal 8.014140e-01 5.981100e-01 -6.012254e-07
    outer loop
      vertex   1.653578e+02 -3.447234e+01 6.227500e+00
      vertex   1.653578e+02 -3.447234e+01 3.560000e+00
      vertex   1.652429e+02 -3.431830e+01 6.227500e+00
    endloop
  endfacet
  facet normal 8.014136e-01 5.981105e-01 -6.463835e-07
    outer loop
      vertex   1.653578e+02 -3.447234e+01 3.560000e+00
      vertex   1.652429e+02 -3.431830e+01 3.560000e+00
      vertex   1.652429e+02 -3.431830e+01 6.227500e+00
    endloop
  endfacet
  facet normal 8.713190e-01 4.907171e-01 -6.889417e-07
    outer loop
      vertex   1.652429e+02 -3.431830e+01 6.227500e+00
      vertex   1.652429e+02 -3.431830e+01 3.560000e+00
      vertex   1.651485e+02 -3.415083e+01 6.227500e+00
    endloop
  endfacet
  facet normal 8.713187e-01 4.907176e-01 -7.285497e-07
    outer loop
      vertex   1.652429e+02 -3.431830e+01 3.560000e+00
      vertex   1.651485e+02 -3.415083e+01 3.560000e+00
      vertex   1.651485e+02 -3.415083e+01 6.227500e+00
    endloop
  endfacet
  facet normal 9.269169e-01 3.752666e-01 -7.652083e-07
    outer loop
      vertex   1.651485e+02 -3.415083e+01 6.227500e+00
      vertex   1.651485e+02 -3.415083e+01 3.560000e+00
      vertex   1.650764e+02 -3.397266e+01 6.227500e+00
    endloop
  endfacet
  facet normal 9.269168e-01 3.752670e-01 -7.986158e-07
    outer loop
      vertex   1.651485e+02 -3.415083e+01 3.560000e+00
      vertex   1.650764e+02 -3.397266e+01 3.560000e+00
      vertex   1.650764e+02 -3.397266e+01 6.227500e+00
    endloop
  endfacet
  facet normal 9.672950e-01 2.536542e-01 -8.287729e-07
    outer loop
      vertex   1.650764e+02 -3.397266e+01 6.227500e+00
      vertex   1.650764e+02 -3.397266e+01 3.560000e+00
      vertex   1.650277e+02 -3.378674e+01 6.227500e+00
    endloop
  endfacet
  facet normal 9.672949e-01 2.536546e-01 -8.554313e-07
    outer loop
      vertex   1.650764e+02 -3.397266e+01 3.560000e+00
      vertex   1.650277e+02 -3.378674e+01 3.560000e+00
      vertex   1.650277e+02 -3.378674e+01 6.227500e+00
    endloop
  endfacet
  facet normal 9.917900e-01 1.278769e-01 -8.785917e-07
    outer loop
      vertex   1.650277e+02 -3.378674e+01 6.227500e+00
      vertex   1.650277e+02 -3.378674e+01 3.560000e+00
      vertex   1.650031e+02 -3.359611e+01 6.227500e+00
    endloop
  endfacet
  facet normal 9.917900e-01 1.278772e-01 -8.980635e-07
    outer loop
      vertex   1.650277e+02 -3.378674e+01 3.560000e+00
      vertex   1.650031e+02 -3.359611e+01 3.560000e+00
      vertex   1.650031e+02 -3.359611e+01 6.227500e+00
    endloop
  endfacet
  facet normal 1.000000e+00 -1.660540e-07 -9.138469e-07
    outer loop
      vertex   1.650031e+02 -3.359611e+01 6.227500e+00
      vertex   1.650031e+02 -3.359611e+01 3.560000e+00
      vertex   1.650031e+02 -3.340389e+01 6.227500e+00
    endloop
  endfacet
  facet normal 1.000000e+00 0.000000e+00 -9.258121e-07
    outer loop
      vertex   1.650031e+02 -3.359611e+01 3.560000e+00
      vertex   1.650031e+02 -3.340389e+01 3.560000e+00
      vertex   1.650031e+02 -3.340389e+01 6.227500e+00
    endloop
  endfacet
  facet normal 9.917900e-01 -1.278772e-01 -9.339594e-07
    outer loop
      vertex   1.650031e+02 -3.340389e+01 6.227500e+00
      vertex   1.650031e+02 -3.340389e+01 3.560000e+00
      vertex   1.650277e+02 -3.321326e+01 6.227500e+00
    endloop
  endfacet
  facet normal 9.917900e-01 -1.278772e-01 -9.382217e-07
    outer loop
      vertex   1.650031e+02 -3.340389e+01 3.560000e+00
      vertex   1.650277e+02 -3.321326e+01 3.560000e+00
      vertex   1.650277e+02 -3.321326e+01 6.227500e+00
    endloop
  endfacet
  facet normal 9.672949e-01 -2.536546e-01 -9.385990e-07
    outer loop
      vertex   1.650277e+02 -3.321326e+01 6.227500e+00
      vertex   1.650277e+02 -3.321326e+01 3.560000e+00
      vertex   1.650764e+02 -3.302734e+01 3.560000e+00
    endloop
  endfacet
  facet normal -0.000000e+00 0.000000e+00 1.000000e+00
    outer loop
      vertex   1.520000e+02 -8.015000e+01 8.895000e+00
      vertex   1.520000e+02 -9.000000e+01 8.895000e+00
      vertex   1.601500e+02 -8.015000e+01 8.895000e+00
    endloop
  endfacet
  facet normal 0.000000e+00 0.000000e+00 1.000000e+00
    outer loop
      vertex   1.601500e+02 -8.015000e+01 8.895000e+00
      vertex   1.520000e+02 -9.000000e+01 8.895000e+00
      vertex   1.650764e+02 -8.697266e+01 8.895000e+00
    endloop
  endfacet
  facet normal 0.000000e+00 0.000000e+00 1.000000e+00
    outer loop
      vertex   1.601500e+02 -8.015000e+01 8.895000e+00
      vertex   1.650764e+02 -8.697266e+01 8.895000e+00
      vertex   1.650277e+02 -8.678674e+01 8.895000e+00
    endloop
  endfacet
  facet normal 0.000000e+00 0.000000e+00 1.000000e+00
    outer loop
      vertex   1.700000e+02 -9.000000e+01 8.895000e+00
      vertex   1.659820e+02 -8.790770e+01 8.895000e+00
      vertex   1.520000e+02 -9.000000e+01 8.895000e+00
    endloop
  endfacet
  facet normal 0.000000e+00 0.000000e+00 1.000000e+00
    outer loop
      vertex   1.520000e+02 -9.000000e+01 8.895000e+00
      vertex   1.659820e+02 -8.790770e+01 8.895000e+00
      vertex   1.658062e+02 -8.782990e+01 8.895000e+00
    endloop
  endfacet
  facet normal 0.000000e+00 0.000000e+00 1.000000e+00
    outer loop
      vertex   1.520000e+02 -9.000000e+01 8.895000e+00
      vertex   1.658062e+02 -8.782990e+01 8.895000e+00
      vertex   1.656418e+02 -8.773026e+01 8.895000e+00
    endloop
  endfacet
  facet normal 0.000000e+00 0.000000e+00 1.000000e+00
    outer loop
      vertex   1.700000e+02 -3.000000e+01 8.895000e+00
      vertex   1.678904e+02 -8.593710e+01 8.895000e+00
      vertex   1.700000e+02 -9.000000e+01 8.895000e+00
    endloop
  endfacet
  facet normal 0.000000e+00 0.000000e+00 1.000000e+00
    outer loop
      vertex   1.700000e+02 -9.000000e+01 8.895000e+00
      vertex   1.678904e+02 -8.593710e+01 8.895000e+00
      vertex   1.679509e+02 -8.611952e+01 8.895000e+00
    endloop
  endfacet
  facet normal 0.000000e+00 0.000000e+00 1.000000e+00
    outer loop
      vertex   1.700000e+02 -9.000000e+01 8.895000e+00
      vertex   1.679509e+02 -8.611952e+01 8.895000e+00
      vertex   1.679877e+02 -8.630819e+01 8.895000e+00
    endloop
  endfacet
  facet normal -0.000000e+00 0.000000e+00 1.000000e+00
    outer loop
      vertex   1.520000e+02 -3.000000e+01 8.895000e+00
      vertex   1.659820e+02 -3.209230e+01 8.895000e+00
      vertex   1.700000e+02 -3.000000e+01 8.895000e+00
    endloop
  endfacet
  facet normal 0.000000e+00 0.000000e+00 1.000000e+00
    outer loop
      vertex   1.700000e+02 -3.000000e+01 8.895000e+00
      vertex   1.659820e+02 -3.209230e+01 8.895000e+00
      vertex   1.661662e+02 -3.203761e+01 8.895000e+00
    endloop
  endfacet
  facet normal 0.000000e+00 0.000000e+00 1.000000e+00
    outer loop
      vertex   1.700000e+02 -3.000000e+01 8.895000e+00
      vertex   1.661662e+02 -3.203761e+01 8.895000e+00
      vertex   1.663560e+02 -3.200693e+01 8.895000e+00
    endloop
  endfacet
  facet normal 0.000000e+00 0.000000e+00 1.000000e+00
    outer loop
      vertex   1.520000e+02 -3.985000e+01 8.895000e+00
      vertex   1.601500e+02 -3.985000e+01 8.895000e+00
      vertex   1.520000e+02 -3.000000e+01 8.895000e+00
    endloop
  endfacet
  facet normal 0.000000e+00 0.000000e+00 1.000000e+00
    outer loop
      vertex   1.520000e+02 -3.000000e+01 8.895000e+00
      vertex   1.601500e+02 -3.985000e+01 8.895000e+00
      vertex   1.650764e+02 -3.302734e+01 8.895000e+00
    endloop
  endfacet
  facet normal 0.000000e+00 0.000000e+00 1.000000e+00
    outer loop
      vertex   1.520000e+02 -3.000000e+01 8.895000e+00
      vertex   1.650764e+02 -3.302734e+01 8.895000e+00
      vertex   1.651485e+02 -3.284917e+01 8.895000e+00
    endloop
  endfacet
  facet normal 0.000000e+00 0.000000e+00 1.000000e+00
    outer loop
      vertex   1.601500e+02 -8.015000e+01 8.895000e+00
      vertex   1.658062e+02 -3.482990e+01 8.895000e+00
      vertex   1.601500e+02 -3.985000e+01 8.895000e+00
    endloop
  endfacet
  facet normal 0.000000e+00 0.000000e+00 1.000000e+00
    outer loop
      vertex   1.601500e+02 -3.985000e+01 8.895000e+00
      vertex   1.658062e+02 -3.482990e+01 8.895000e+00
      vertex   1.656418e+02 -3.473026e+01 8.895000e+00
    endloop
  endfacet
  facet normal 0.000000e+00 0.000000e+00 1.000000e+00
    outer loop
      vertex   1.601500e+02 -3.985000e+01 8.895000e+00
      vertex   1.656418e+02 -3.473026e+01 8.895000e+00
      vertex   1.654916e+02 -3.461042e+01 8.895000e+00
    endloop
  endfacet
  facet normal -0.000000e+00 0.000000e+00 1.000000e+00
    outer loop
      vertex   1.679877e+02 -3.330818e+01 8.895000e+00
      vertex   1.680000e+02 -3.350000e+01 8.895000e+00
      vertex   1.700000e+02 -3.000000e+01 8.895000e+00
    endloop
  endfacet
  facet normal 0.000000e+00 0.000000e+00 1.000000e+00
    outer loop
      vertex   1.700000e+02 -3.000000e+01 8.895000e+00
      vertex   1.680000e+02 -3.350000e+01 8.895000e+00
      vertex   1.679877e+02 -3.369182e+01 8.895000e+00
    endloop
  endfacet
  facet normal 0.000000e+00 0.000000e+00 1.000000e+00
    outer loop
      vertex   1.700000e+02 -3.000000e+01 8.895000e+00
      vertex   1.679877e+02 -3.369182e+01 8.895000e+00
      vertex   1.679509e+02 -3.388048e+01 8.895000e+00
    endloop
  endfacet
  facet normal -0.000000e+00 0.000000e+00 1.000000e+00
    outer loop
      vertex   1.679509e+02 -3.388048e+01 8.895000e+00
      vertex   1.678904e+02 -3.406290e+01 8.895000e+00
      vertex   1.700000e+02 -3.000000e+01 8.895000e+00
    endloop
  endfacet
  facet normal 0.000000e+00 0.000000e+00 1.000000e+00
    outer loop
      vertex   1.700000e+02 -3.000000e+01 8.895000e+00
      vertex   1.678904e+02 -3.406290e+01 8.895000e+00
      vertex   1.678904e+02 -8.593710e+01 8.895000e+00
    endloop
  endfacet
  facet normal 0.000000e+00 0.000000e+00 1.000000e+00
    outer loop
      vertex   1.678904e+02 -3.406290e+01 8.895000e+00
      vertex   1.678070e+02 -3.423608e+01 8.895000e+00
      vertex   1.678904e+02 -8.593710e+01 8.895000e+00
    endloop
  endfacet
  facet normal 0.000000e+00 0.000000e+00 1.000000e+00
    outer loop
      vertex   1.678904e+02 -8.593710e+01 8.895000e+00
      vertex   1.678070e+02 -3.423608e+01 8.895000e+00
      vertex   1.678070e+02 -8.576392e+01 8.895000e+00
    endloop
  endfacet
  facet normal 0.000000e+00 -0.000000e+00 1.000000e+00
    outer loop
      vertex   1.678070e+02 -8.576392e+01 8.895000e+00
      vertex   1.678070e+02 -3.423608e+01 8.895000e+00
      vertex   1.677021e+02 -8.560284e+01 8.895000e+00
    endloop
  endfacet
  facet normal 0.000000e+00 0.000000e+00 1.000000e+00
    outer loop
      vertex   1.677021e+02 -8.560284e+01 8.895000e+00
      vertex   1.678070e+02 -3.423608e+01 8.895000e+00
      vertex   1.677021e+02 -3.439717e+01 8.895000e+00
    endloop
  endfacet
  facet normal 0.000000e+00 -0.000000e+00 1.000000e+00
    outer loop
      vertex   1.677021e+02 -8.560284e+01 8.895000e+00
      vertex   1.677021e+02 -3.439717e+01 8.895000e+00
      vertex   1.675775e+02 -8.545648e+01 8.895000e+00
    endloop
  endfacet
  facet normal 0.000000e+00 0.000000e+00 1.000000e+00
    outer loop
      vertex   1.675775e+02 -8.545648e+01 8.895000e+00
      vertex   1.677021e+02 -3.439717e+01 8.895000e+00
      vertex   1.675775e+02 -3.454352e+01 8.895000e+00
    endloop
  endfacet
  facet normal 0.000000e+00 -0.000000e+00 1.000000e+00
    outer loop
      vertex   1.675775e+02 -8.545648e+01 8.895000e+00
      vertex   1.675775e+02 -3.454352e+01 8.895000e+00
      vertex   1.674352e+02 -8.532725e+01 8.895000e+00
    endloop
  endfacet
  facet normal 0.000000e+00 0.000000e+00 1.000000e+00
    outer loop
      vertex   1.674352e+02 -8.532725e+01 8.895000e+00
      vertex   1.675775e+02 -3.454352e+01 8.895000e+00
      vertex   1.674352e+02 -3.467275e+01 8.895000e+00
    endloop
  endfacet
  facet normal 0.000000e+00 -0.000000e+00 1.000000e+00
    outer loop
      vertex   1.674352e+02 -8.532725e+01 8.895000e+00
      vertex   1.674352e+02 -3.467275e+01 8.895000e+00
      vertex   1.672776e+02 -8.521729e+01 8.895000e+00
    endloop
  endfacet
  facet normal 0.000000e+00 0.000000e+00 1.000000e+00
    outer loop
      vertex   1.672776e+02 -8.521729e+01 8.895000e+00
      vertex   1.674352e+02 -3.467275e+01 8.895000e+00
      vertex   1.672776e+02 -3.478271e+01 8.895000e+00
    endloop
  endfacet
  facet normal 0.000000e+00 -0.000000e+00 1.000000e+00
    outer loop
      vertex   1.672776e+02 -8.521729e+01 8.895000e+00
      vertex   1.672776e+02 -3.478271e+01 8.895000e+00
      vertex   1.671072e+02 -8.512838e+01 8.895000e+00
    endloop
  endfacet
  facet normal 0.000000e+00 0.000000e+00 1.000000e+00
    outer loop
      vertex   1.671072e+02 -8.512838e+01 8.895000e+00
      vertex   1.672776e+02 -3.478271e+01 8.895000e+00
      vertex   1.671072e+02 -3.487162e+01 8.895000e+00
    endloop
  endfacet
  facet normal 0.000000e+00 -0.000000e+00 1.000000e+00
    outer loop
      vertex   1.671072e+02 -8.512838e+01 8.895000e+00
      vertex   1.671072e+02 -3.487162e+01 8.895000e+00
      vertex   1.669268e+02 -8.506200e+01 8.895000e+00
    endloop
  endfacet
  facet normal 0.000000e+00 0.000000e+00 1.000000e+00
    outer loop
      vertex   1.669268e+02 -8.506200e+01 8.895000e+00
      vertex   1.671072e+02 -3.487162e+01 8.895000e+00
      vertex   1.669268e+02 -3.493800e+01 8.895000e+00
    endloop
  endfacet
  facet normal 0.000000e+00 -0.000000e+00 1.000000e+00
    outer loop
      vertex   1.669268e+02 -8.506200e+01 8.895000e+00
      vertex   1.669268e+02 -3.493800e+01 8.895000e+00
      vertex   1.667394e+02 -8.501923e+01 8.895000e+00
    endloop
  endfacet
  facet normal 0.000000e+00 0.000000e+00 1.000000e+00
    outer loop
      vertex   1.667394e+02 -8.501923e+01 8.895000e+00
      vertex   1.669268e+02 -3.493800e+01 8.895000e+00
      vertex   1.667394e+02 -3.498077e+01 8.895000e+00
    endloop
  endfacet
  facet normal 0.000000e+00 -0.000000e+00 1.000000e+00
    outer loop
      vertex   1.667394e+02 -8.501923e+01 8.895000e+00
      vertex   1.667394e+02 -3.498077e+01 8.895000e+00
      vertex   1.665481e+02 -8.500077e+01 8.895000e+00
    endloop
  endfacet
  facet normal 0.000000e+00 0.000000e+00 1.000000e+00
    outer loop
      vertex   1.665481e+02 -8.500077e+01 8.895000e+00
      vertex   1.667394e+02 -3.498077e+01 8.895000e+00
      vertex   1.665481e+02 -3.499923e+01 8.895000e+00
    endloop
  endfacet
  facet normal 0.000000e+00 -0.000000e+00 1.000000e+00
    outer loop
      vertex   1.665481e+02 -8.500077e+01 8.895000e+00
      vertex   1.665481e+02 -3.499923e+01 8.895000e+00
      vertex   1.663560e+02 -8.500693e+01 8.895000e+00
    endloop
  endfacet
  facet normal 0.000000e+00 0.000000e+00 1.000000e+00
    outer loop
      vertex   1.663560e+02 -8.500693e+01 8.895000e+00
      vertex   1.665481e+02 -3.499923e+01 8.895000e+00
      vertex   1.663560e+02 -3.499307e+01 8.895000e+00
    endloop
  endfacet
  facet normal 0.000000e+00 -0.000000e+00 1.000000e+00
    outer loop
      vertex   1.663560e+02 -8.500693e+01 8.895000e+00
      vertex   1.663560e+02 -3.499307e+01 8.895000e+00
      vertex   1.661662e+02 -8.503761e+01 8.895000e+00
    endloop
  endfacet
  facet normal 0.000000e+00 0.000000e+00 1.000000e+00
    outer loop
      vertex   1.661662e+02 -8.503761e+01 8.895000e+00
      vertex   1.663560e+02 -3.499307e+01 8.895000e+00
      vertex   1.661662e+02 -3.496239e+01 8.895000e+00
    endloop
  endfacet
  facet normal 0.000000e+00 -0.000000e+00 1.000000e+00
    outer loop
      vertex   1.661662e+02 -8.503761e+01 8.895000e+00
      vertex   1.661662e+02 -3.496239e+01 8.895000e+00
      vertex   1.659820e+02 -8.509230e+01 8.895000e+00
    endloop
  endfacet
  facet normal 0.000000e+00 0.000000e+00 1.000000e+00
    outer loop
      vertex   1.659820e+02 -8.509230e+01 8.895000e+00
      vertex   1.661662e+02 -3.496239e+01 8.895000e+00
      vertex   1.659820e+02 -3.490770e+01 8.895000e+00
    endloop
  endfacet
  facet normal 0.000000e+00 -0.000000e+00 1.000000e+00
    outer loop
      vertex   1.659820e+02 -8.509230e+01 8.895000e+00
      vertex   1.659820e+02 -3.490770e+01 8.895000e+00
      vertex   1.658062e+02 -8.517010e+01 8.895000e+00
    endloop
  endfacet
  facet normal 0.000000e+00 0.000000e+00 1.000000e+00
    outer loop
      vertex   1.658062e+02 -8.517010e+01 8.895000e+00
      vertex   1.659820e+02 -3.490770e+01 8.895000e+00
      vertex   1.658062e+02 -3.482990e+01 8.895000e+00
    endloop
  endfacet
  facet normal 0.000000e+00 -0.000000e+00 1.000000e+00
    outer loop
      vertex   1.658062e+02 -8.517010e+01 8.895000e+00
      vertex   1.658062e+02 -3.482990e+01 8.895000e+00
      vertex   1.601500e+02 -8.015000e+01 8.895000e+00
    endloop
  endfacet
  facet normal 0.000000e+00 0.000000e+00 1.000000e+00
    outer loop
      vertex   1.654916e+02 -3.461042e+01 8.895000e+00
      vertex   1.653578e+02 -3.447234e+01 8.895000e+00
      vertex   1.601500e+02 -3.985000e+01 8.895000e+00
    endloop
  endfacet
  facet normal 0.000000e+00 0.000000e+00 1.000000e+00
    outer loop
      vertex   1.601500e+02 -3.985000e+01 8.895000e+00
      vertex   1.653578e+02 -3.447234e+01 8.895000e+00
      vertex   1.652429e+02 -3.431830e+01 8.895000e+00
    endloop
  endfacet
  facet normal 0.000000e+00 0.000000e+00 1.000000e+00
    outer loop
      vertex   1.601500e+02 -3.985000e+01 8.895000e+00
      vertex   1.652429e+02 -3.431830e+01 8.895000e+00
      vertex   1.651485e+02 -3.415083e+01 8.895000e+00
    endloop
  endfacet
  facet normal 0.000000e+00 0.000000e+00 1.000000e+00
    outer loop
      vertex   1.651485e+02 -3.415083e+01 8.895000e+00
      vertex   1.650764e+02 -3.397266e+01 8.895000e+00
      vertex   1.601500e+02 -3.985000e+01 8.895000e+00
    endloop
  endfacet
  facet normal 0.000000e+00 0.000000e+00 1.000000e+00
    outer loop
      vertex   1.601500e+02 -3.985000e+01 8.895000e+00
      vertex   1.650764e+02 -3.397266e+01 8.895000e+00
      vertex   1.650277e+02 -3.378674e+01 8.895000e+00
    endloop
  endfacet
  facet normal 0.000000e+00 0.000000e+00 1.000000e+00
    outer loop
      vertex   1.601500e+02 -3.985000e+01 8.895000e+00
      vertex   1.650277e+02 -3.378674e+01 8.895000e+00
      vertex   1.650031e+02 -3.359611e+01 8.895000e+00
    endloop
  endfacet
  facet normal 0.000000e+00 -0.000000e+00 1.000000e+00
    outer loop
      vertex   1.650031e+02 -3.359611e+01 8.895000e+00
      vertex   1.650031e+02 -3.340390e+01 8.895000e+00
      vertex   1.601500e+02 -3.985000e+01 8.895000e+00
    endloop
  endfacet
  facet normal 0.000000e+00 0.000000e+00 1.000000e+00
    outer loop
      vertex   1.601500e+02 -3.985000e+01 8.895000e+00
      vertex   1.650031e+02 -3.340390e+01 8.895000e+00
      vertex   1.650277e+02 -3.321326e+01 8.895000e+00
    endloop
  endfacet
  facet normal 0.000000e+00 0.000000e+00 1.000000e+00
    outer loop
      vertex   1.601500e+02 -3.985000e+01 8.895000e+00
      vertex   1.650277e+02 -3.321326e+01 8.895000e+00
      vertex   1.650764e+02 -3.302734e+01 8.895000e+00
    endloop
  endfacet
  facet normal 0.000000e+00 -0.000000e+00 1.000000e+00
    outer loop
      vertex   1.651485e+02 -3.284917e+01 8.895000e+00
      vertex   1.652429e+02 -3.268170e+01 8.895000e+00
      vertex   1.520000e+02 -3.000000e+01 8.895000e+00
    endloop
  endfacet
  facet normal 0.000000e+00 0.000000e+00 1.000000e+00
    outer loop
      vertex   1.520000e+02 -3.000000e+01 8.895000e+00
      vertex   1.652429e+02 -3.268170e+01 8.895000e+00
      vertex   1.653578e+02 -3.252766e+01 8.895000e+00
    endloop
  endfacet
  facet normal 0.000000e+00 0.000000e+00 1.000000e+00
    outer loop
      vertex   1.520000e+02 -3.000000e+01 8.895000e+00
      vertex   1.653578e+02 -3.252766e+01 8.895000e+00
      vertex   1.654916e+02 -3.238958e+01 8.895000e+00
    endloop
  endfacet
  facet normal 0.000000e+00 -0.000000e+00 1.000000e+00
    outer loop
      vertex   1.654916e+02 -3.238958e+01 8.895000e+00
      vertex   1.656418e+02 -3.226974e+01 8.895000e+00
      vertex   1.520000e+02 -3.000000e+01 8.895000e+00
    endloop
  endfacet
  facet normal 0.000000e+00 0.000000e+00 1.000000e+00
    outer loop
      vertex   1.520000e+02 -3.000000e+01 8.895000e+00
      vertex   1.656418e+02 -3.226974e+01 8.895000e+00
      vertex   1.658062e+02 -3.217010e+01 8.895000e+00
    endloop
  endfacet
  facet normal 0.000000e+00 0.000000e+00 1.000000e+00
    outer loop
      vertex   1.520000e+02 -3.000000e+01 8.895000e+00
      vertex   1.658062e+02 -3.217010e+01 8.895000e+00
      vertex   1.659820e+02 -3.209230e+01 8.895000e+00
    endloop
  endfacet
  facet normal 0.000000e+00 0.000000e+00 1.000000e+00
    outer loop
      vertex   1.663560e+02 -3.200693e+01 8.895000e+00
      vertex   1.665481e+02 -3.200077e+01 8.895000e+00
      vertex   1.700000e+02 -3.000000e+01 8.895000e+00
    endloop
  endfacet
  facet normal 0.000000e+00 0.000000e+00 1.000000e+00
    outer loop
      vertex   1.700000e+02 -3.000000e+01 8.895000e+00
      vertex   1.665481e+02 -3.200077e+01 8.895000e+00
      vertex   1.667394e+02 -3.201923e+01 8.895000e+00
    endloop
  endfacet
  facet normal 0.000000e+00 0.000000e+00 1.000000e+00
    outer loop
      vertex   1.700000e+02 -3.000000e+01 8.895000e+00
      vertex   1.667394e+02 -3.201923e+01 8.895000e+00
      vertex   1.669268e+02 -3.206200e+01 8.895000e+00
    endloop
  endfacet
  facet normal -0.000000e+00 0.000000e+00 1.000000e+00
    outer loop
      vertex   1.669268e+02 -3.206200e+01 8.895000e+00
      vertex   1.671072e+02 -3.212838e+01 8.895000e+00
      vertex   1.700000e+02 -3.000000e+01 8.895000e+00
    endloop
  endfacet
  facet normal 0.000000e+00 0.000000e+00 1.000000e+00
    outer loop
      vertex   1.700000e+02 -3.000000e+01 8.895000e+00
      vertex   1.671072e+02 -3.212838e+01 8.895000e+00
      vertex   1.672776e+02 -3.221729e+01 8.895000e+00
    endloop
  endfacet
  facet normal 0.000000e+00 0.000000e+00 1.000000e+00
    outer loop
      vertex   1.700000e+02 -3.000000e+01 8.895000e+00
      vertex   1.672776e+02 -3.221729e+01 8.895000e+00
      vertex   1.674352e+02 -3.232725e+01 8.895000e+00
    endloop
  endfacet
  facet normal -0.000000e+00 0.000000e+00 1.000000e+00
    outer loop
      vertex   1.674352e+02 -3.232725e+01 8.895000e+00
      vertex   1.675775e+02 -3.245648e+01 8.895000e+00
      vertex   1.700000e+02 -3.000000e+01 8.895000e+00
    endloop
  endfacet
  facet normal 0.000000e+00 0.000000e+00 1.000000e+00
    outer loop
      vertex   1.700000e+02 -3.000000e+01 8.895000e+00
      vertex   1.675775e+02 -3.245648e+01 8.895000e+00
      vertex   1.677021e+02 -3.260283e+01 8.895000e+00
    endloop
  endfacet
  facet normal 0.000000e+00 0.000000e+00 1.000000e+00
    outer loop
      vertex   1.700000e+02 -3.000000e+01 8.895000e+00
      vertex   1.677021e+02 -3.260283e+01 8.895000e+00
      vertex   1.678070e+02 -3.276392e+01 8.895000e+00
    endloop
  endfacet
  facet normal -0.000000e+00 0.000000e+00 1.000000e+00
    outer loop
      vertex   1.678070e+02 -3.276392e+01 8.895000e+00
      vertex   1.678904e+02 -3.293710e+01 8.895000e+00
      vertex   1.700000e+02 -3.000000e+01 8.895000e+00
    endloop
  endfacet
  facet normal 0.000000e+00 0.000000e+00 1.000000e+00
    outer loop
      vertex   1.700000e+02 -3.000000e+01 8.895000e+00
      vertex   1.678904e+02 -3.293710e+01 8.895000e+00
      vertex   1.679509e+02 -3.311952e+01 8.895000e+00
    endloop
  endfacet
  facet normal 0.000000e+00 0.000000e+00 1.000000e+00
    outer loop
      vertex   1.700000e+02 -3.000000e+01 8.895000e+00
      vertex   1.679509e+02 -3.311952e+01 8.895000e+00
      vertex   1.679877e+02 -3.330818e+01 8.895000e+00
    endloop
  endfacet
  facet normal 0.000000e+00 0.000000e+00 1.000000e+00
    outer loop
      vertex   1.679877e+02 -8.630819e+01 8.895000e+00
      vertex   1.680000e+02 -8.650000e+01 8.895000e+00
      vertex   1.700000e+02 -9.000000e+01 8.895000e+00
    endloop
  endfacet
  facet normal 0.000000e+00 0.000000e+00 1.000000e+00
    outer loop
      vertex   1.700000e+02 -9.000000e+01 8.895000e+00
      vertex   1.680000e+02 -8.650000e+01 8.895000e+00
      vertex   1.679877e+02 -8.669182e+01 8.895000e+00
    endloop
  endfacet
  facet normal 0.000000e+00 0.000000e+00 1.000000e+00
    outer loop
      vertex   1.700000e+02 -9.000000e+01 8.895000e+00
      vertex   1.679877e+02 -8.669182e+01 8.895000e+00
      vertex   1.679509e+02 -8.688048e+01 8.895000e+00
    endloop
  endfacet
  facet normal 0.000000e+00 0.000000e+00 1.000000e+00
    outer loop
      vertex   1.679509e+02 -8.688048e+01 8.895000e+00
      vertex   1.678904e+02 -8.706290e+01 8.895000e+00
      vertex   1.700000e+02 -9.000000e+01 8.895000e+00
    endloop
  endfacet
  facet normal 0.000000e+00 0.000000e+00 1.000000e+00
    outer loop
      vertex   1.700000e+02 -9.000000e+01 8.895000e+00
      vertex   1.678904e+02 -8.706290e+01 8.895000e+00
      vertex   1.678070e+02 -8.723608e+01 8.895000e+00
    endloop
  endfacet
  facet normal 0.000000e+00 0.000000e+00 1.000000e+00
    outer loop
      vertex   1.700000e+02 -9.000000e+01 8.895000e+00
      vertex   1.678070e+02 -8.723608e+01 8.895000e+00
      vertex   1.677021e+02 -8.739717e+01 8.895000e+00
    endloop
  endfacet
  facet normal 0.000000e+00 0.000000e+00 1.000000e+00
    outer loop
      vertex   1.677021e+02 -8.739717e+01 8.895000e+00
      vertex   1.675775e+02 -8.754353e+01 8.895000e+00
      vertex   1.700000e+02 -9.000000e+01 8.895000e+00
    endloop
  endfacet
  facet normal 0.000000e+00 0.000000e+00 1.000000e+00
    outer loop
      vertex   1.700000e+02 -9.000000e+01 8.895000e+00
      vertex   1.675775e+02 -8.754353e+01 8.895000e+00
      vertex   1.674352e+02 -8.767275e+01 8.895000e+00
    endloop
  endfacet
  facet normal 0.000000e+00 0.000000e+00 1.000000e+00
    outer loop
      vertex   1.700000e+02 -9.000000e+01 8.895000e+00
      vertex   1.674352e+02 -8.767275e+01 8.895000e+00
      vertex   1.672776e+02 -8.778272e+01 8.895000e+00
    endloop
  endfacet
  facet normal 0.000000e+00 0.000000e+00 1.000000e+00
    outer loop
      vertex   1.672776e+02 -8.778272e+01 8.895000e+00
      vertex   1.671072e+02 -8.787162e+01 8.895000e+00
      vertex   1.700000e+02 -9.000000e+01 8.895000e+00
    endloop
  endfacet
  facet normal 0.000000e+00 0.000000e+00 1.000000e+00
    outer loop
      vertex   1.700000e+02 -9.000000e+01 8.895000e+00
      vertex   1.671072e+02 -8.787162e+01 8.895000e+00
      vertex   1.669268e+02 -8.793800e+01 8.895000e+00
    endloop
  endfacet
  facet normal 0.000000e+00 0.000000e+00 1.000000e+00
    outer loop
      vertex   1.700000e+02 -9.000000e+01 8.895000e+00
      vertex   1.669268e+02 -8.793800e+01 8.895000e+00
      vertex   1.667394e+02 -8.798077e+01 8.895000e+00
    endloop
  endfacet
  facet normal 0.000000e+00 0.000000e+00 1.000000e+00
    outer loop
      vertex   1.667394e+02 -8.798077e+01 8.895000e+00
      vertex   1.665481e+02 -8.799923e+01 8.895000e+00
      vertex   1.700000e+02 -9.000000e+01 8.895000e+00
    endloop
  endfacet
  facet normal 0.000000e+00 0.000000e+00 1.000000e+00
    outer loop
      vertex   1.700000e+02 -9.000000e+01 8.895000e+00
      vertex   1.665481e+02 -8.799923e+01 8.895000e+00
      vertex   1.663560e+02 -8.799307e+01 8.895000e+00
    endloop
  endfacet
  facet normal 0.000000e+00 0.000000e+00 1.000000e+00
    outer loop
      vertex   1.700000e+02 -9.000000e+01 8.895000e+00
      vertex   1.663560e+02 -8.799307e+01 8.895000e+00
      vertex   1.661662e+02 -8.796239e+01 8.895000e+00
    endloop
  endfacet
  facet normal 0.000000e+00 0.000000e+00 1.000000e+00
    outer loop
      vertex   1.661662e+02 -8.796239e+01 8.895000e+00
      vertex   1.659820e+02 -8.790770e+01 8.895000e+00
      vertex   1.700000e+02 -9.000000e+01 8.895000e+00
    endloop
  endfacet
  facet normal 0.000000e+00 0.000000e+00 1.000000e+00
    outer loop
      vertex   1.656418e+02 -8.773026e+01 8.895000e+00
      vertex   1.654916e+02 -8.761042e+01 8.895000e+00
      vertex   1.520000e+02 -9.000000e+01 8.895000e+00
    endloop
  endfacet
  facet normal 0.000000e+00 0.000000e+00 1.000000e+00
    outer loop
      vertex   1.520000e+02 -9.000000e+01 8.895000e+00
      vertex   1.654916e+02 -8.761042e+01 8.895000e+00
      vertex   1.653578e+02 -8.747234e+01 8.895000e+00
    endloop
  endfacet
  facet normal 0.000000e+00 0.000000e+00 1.000000e+00
    outer loop
      vertex   1.520000e+02 -9.000000e+01 8.895000e+00
      vertex   1.653578e+02 -8.747234e+01 8.895000e+00
      vertex   1.652429e+02 -8.731830e+01 8.895000e+00
    endloop
  endfacet
  facet normal 0.000000e+00 0.000000e+00 1.000000e+00
    outer loop
      vertex   1.652429e+02 -8.731830e+01 8.895000e+00
      vertex   1.651485e+02 -8.715083e+01 8.895000e+00
      vertex   1.520000e+02 -9.000000e+01 8.895000e+00
    endloop
  endfacet
  facet normal 0.000000e+00 0.000000e+00 1.000000e+00
    outer loop
      vertex   1.520000e+02 -9.000000e+01 8.895000e+00
      vertex   1.651485e+02 -8.715083e+01 8.895000e+00
      vertex   1.650764e+02 -8.697266e+01 8.895000e+00
    endloop
  endfacet
  facet normal 0.000000e+00 0.000000e+00 1.000000e+00
    outer loop
      vertex   1.650277e+02 -8.678674e+01 8.895000e+00
      vertex   1.650031e+02 -8.659611e+01 8.895000e+00
      vertex   1.601500e+02 -8.015000e+01 8.895000e+00
    endloop
  endfacet
  facet normal 0.000000e+00 0.000000e+00 1.000000e+00
    outer loop
      vertex   1.601500e+02 -8.015000e+01 8.895000e+00
      vertex   1.650031e+02 -8.659611e+01 8.895000e+00
      vertex   1.650031e+02 -8.640390e+01 8.895000e+00
    endloop
  endfacet
  facet normal 0.000000e+00 0.000000e+00 1.000000e+00
    outer loop
      vertex   1.601500e+02 -8.015000e+01 8.895000e+00
      vertex   1.650031e+02 -8.640390e+01 8.895000e+00
      vertex   1.650277e+02 -8.621326e+01 8.895000e+00
    endloop
  endfacet
  facet normal 0.000000e+00 -0.000000e+00 1.000000e+00
    outer loop
      vertex   1.650277e+02 -8.621326e+01 8.895000e+00
      vertex   1.650764e+02 -8.602734e+01 8.895000e+00
      vertex   1.601500e+02 -8.015000e+01 8.895000e+00
    endloop
  endfacet
  facet normal 0.000000e+00 0.000000e+00 1.000000e+00
    outer loop
      vertex   1.601500e+02 -8.015000e+01 8.895000e+00
      vertex   1.650764e+02 -8.602734e+01 8.895000e+00
      vertex   1.651485e+02 -8.584918e+01 8.895000e+00
    endloop
  endfacet
  facet normal 0.000000e+00 0.000000e+00 1.000000e+00
    outer loop
      vertex   1.601500e+02 -8.015000e+01 8.895000e+00
      vertex   1.651485e+02 -8.584918e+01 8.895000e+00
      vertex   1.652429e+02 -8.568170e+01 8.895000e+00
    endloop
  endfacet
  facet normal 0.000000e+00 -0.000000e+00 1.000000e+00
    outer loop
      vertex   1.652429e+02 -8.568170e+01 8.895000e+00
      vertex   1.653578e+02 -8.552766e+01 8.895000e+00
      vertex   1.601500e+02 -8.015000e+01 8.895000e+00
    endloop
  endfacet
  facet normal 0.000000e+00 0.000000e+00 1.000000e+00
    outer loop
      vertex   1.601500e+02 -8.015000e+01 8.895000e+00
      vertex   1.653578e+02 -8.552766e+01 8.895000e+00
      vertex   1.654916e+02 -8.538958e+01 8.895000e+00
    endloop
  endfacet
  facet normal 0.000000e+00 0.000000e+00 1.000000e+00
    outer loop
      vertex   1.601500e+02 -8.015000e+01 8.895000e+00
      vertex   1.654916e+02 -8.538958e+01 8.895000e+00
      vertex   1.656418e+02 -8.526974e+01 8.895000e+00
    endloop
  endfacet
  facet normal 0.000000e+00 -0.000000e+00 1.000000e+00
    outer loop
      vertex   1.656418e+02 -8.526974e+01 8.895000e+00
      vertex   1.658062e+02 -8.517010e+01 8.895000e+00
      vertex   1.601500e+02 -8.015000e+01 8.895000e+00
    endloop
  endfacet
  facet normal -9.979454e-01 6.407022e-02 0.000000e+00
    outer loop
      vertex   1.679877e+02 -3.369182e+01 2.060000e+00
      vertex   1.679877e+02 -3.369182e+01 3.560000e+00
      vertex   1.680000e+02 -3.350000e+01 2.060000e+00
    endloop
  endfacet
  facet normal -9.979454e-01 6.407022e-02 0.000000e+00
    outer loop
      vertex   1.680000e+02 -3.350000e+01 2.060000e+00
      vertex   1.679877e+02 -3.369182e+01 3.560000e+00
      vertex   1.680000e+02 -3.350000e+01 3.560000e+00
    endloop
  endfacet
  facet normal -9.979454e-01 -6.407022e-02 0.000000e+00
    outer loop
      vertex   1.680000e+02 -3.350000e+01 2.060000e+00
      vertex   1.680000e+02 -3.350000e+01 3.560000e+00
      vertex   1.679877e+02 -3.330818e+01 2.060000e+00
    endloop
  endfacet
  facet normal -9.979454e-01 -6.407022e-02 1.860538e-14
    outer loop
      vertex   1.679877e+02 -3.330818e+01 2.060000e+00
      vertex   1.680000e+02 -3.350000e+01 3.560000e+00
      vertex   1.679877e+02 -3.330818e+01 3.560000e+00
    endloop
  endfacet
  facet normal -9.815592e-01 -1.911586e-01 1.769288e-14
    outer loop
      vertex   1.679877e+02 -3.330818e+01 2.060000e+00
      vertex   1.679877e+02 -3.330818e+01 3.560000e+00
      vertex   1.679509e+02 -3.311952e+01 2.060000e+00
    endloop
  endfacet
  facet normal -9.815592e-01 -1.911586e-01 -9.055092e-16
    outer loop
      vertex   1.679509e+02 -3.311952e+01 2.060000e+00
      vertex   1.679877e+02 -3.330818e+01 3.560000e+00
      vertex   1.679509e+02 -3.311952e+01 3.560000e+00
    endloop
  endfacet
  facet normal -9.490557e-01 -3.151082e-01 -1.492652e-15
    outer loop
      vertex   1.679509e+02 -3.311952e+01 2.060000e+00
      vertex   1.679509e+02 -3.311952e+01 3.560000e+00
      vertex   1.678904e+02 -3.293710e+01 2.060000e+00
    endloop
  endfacet
  facet normal -9.490557e-01 -3.151082e-01 0.000000e+00
    outer loop
      vertex   1.678904e+02 -3.293710e+01 2.060000e+00
      vertex   1.679509e+02 -3.311952e+01 3.560000e+00
      vertex   1.678904e+02 -3.293710e+01 3.560000e+00
    endloop
  endfacet
  facet normal -9.009689e-01 -4.338837e-01 0.000000e+00
    outer loop
      vertex   1.678904e+02 -3.293710e+01 2.060000e+00
      vertex   1.678904e+02 -3.293710e+01 3.560000e+00
      vertex   1.678070e+02 -3.276392e+01 2.060000e+00
    endloop
  endfacet
  facet normal -9.009689e-01 -4.338837e-01 -2.055286e-15
    outer loop
      vertex   1.678070e+02 -3.276392e+01 2.060000e+00
      vertex   1.678904e+02 -3.293710e+01 3.560000e+00
      vertex   1.678070e+02 -3.276392e+01 3.560000e+00
    endloop
  endfacet
  facet normal -8.380881e-01 -5.455349e-01 -2.584172e-15
    outer loop
      vertex   1.678070e+02 -3.276392e+01 2.060000e+00
      vertex   1.678070e+02 -3.276392e+01 3.560000e+00
      vertex   1.677021e+02 -3.260283e+01 2.060000e+00
    endloop
  endfacet
  facet normal -8.380881e-01 -5.455349e-01 1.587993e-14
    outer loop
      vertex   1.677021e+02 -3.260283e+01 2.060000e+00
      vertex   1.678070e+02 -3.276392e+01 3.560000e+00
      vertex   1.677021e+02 -3.260283e+01 3.560000e+00
    endloop
  endfacet
  facet normal -7.614460e-01 -6.482284e-01 1.442773e-14
    outer loop
      vertex   1.677021e+02 -3.260283e+01 2.060000e+00
      vertex   1.677021e+02 -3.260283e+01 3.560000e+00
      vertex   1.675775e+02 -3.245648e+01 2.060000e+00
    endloop
  endfacet
  facet normal -7.614460e-01 -6.482284e-01 -3.070627e-15
    outer loop
      vertex   1.675775e+02 -3.245648e+01 2.060000e+00
      vertex   1.677021e+02 -3.260283e+01 3.560000e+00
      vertex   1.675775e+02 -3.245648e+01 3.560000e+00
    endloop
  endfacet
  facet normal -6.723009e-01 -7.402780e-01 -3.506661e-15
    outer loop
      vertex   1.675775e+02 -3.245648e+01 2.060000e+00
      vertex   1.675775e+02 -3.245648e+01 3.560000e+00
      vertex   1.674352e+02 -3.232725e+01 2.060000e+00
    endloop
  endfacet
  facet normal -6.723009e-01 -7.402780e-01 2.197059e-14
    outer loop
      vertex   1.674352e+02 -3.232725e+01 2.060000e+00
      vertex   1.675775e+02 -3.245648e+01 3.560000e+00
      vertex   1.674352e+02 -3.232725e+01 3.560000e+00
    endloop
  endfacet
  facet normal -5.721167e-01 -8.201723e-01 1.779560e-14
    outer loop
      vertex   1.674352e+02 -3.232725e+01 2.060000e+00
      vertex   1.674352e+02 -3.232725e+01 3.560000e+00
      vertex   1.672776e+02 -3.221729e+01 2.060000e+00
    endloop
  endfacet
  facet normal -5.721167e-01 -8.201723e-01 0.000000e+00
    outer loop
      vertex   1.672776e+02 -3.221729e+01 2.060000e+00
      vertex   1.674352e+02 -3.232725e+01 3.560000e+00
      vertex   1.672776e+02 -3.221729e+01 3.560000e+00
    endloop
  endfacet
  facet normal -4.625383e-01 -8.865993e-01 0.000000e+00
    outer loop
      vertex   1.672776e+02 -3.221729e+01 2.060000e+00
      vertex   1.672776e+02 -3.221729e+01 3.560000e+00
      vertex   1.671072e+02 -3.212838e+01 2.060000e+00
    endloop
  endfacet
  facet normal -4.625383e-01 -8.865993e-01 0.000000e+00
    outer loop
      vertex   1.671072e+02 -3.212838e+01 2.060000e+00
      vertex   1.672776e+02 -3.221729e+01 3.560000e+00
      vertex   1.671072e+02 -3.212838e+01 3.560000e+00
    endloop
  endfacet
  facet normal -3.453651e-01 -9.384684e-01 0.000000e+00
    outer loop
      vertex   1.671072e+02 -3.212838e+01 2.060000e+00
      vertex   1.671072e+02 -3.212838e+01 3.560000e+00
      vertex   1.669268e+02 -3.206200e+01 2.060000e+00
    endloop
  endfacet
  facet normal -3.453651e-01 -9.384684e-01 -4.445479e-15
    outer loop
      vertex   1.669268e+02 -3.206200e+01 2.060000e+00
      vertex   1.671072e+02 -3.212838e+01 3.560000e+00
      vertex   1.669268e+02 -3.206200e+01 3.560000e+00
    endloop
  endfacet
  facet normal -2.225209e-01 -9.749279e-01 -4.618186e-15
    outer loop
      vertex   1.669268e+02 -3.206200e+01 2.060000e+00
      vertex   1.669268e+02 -3.206200e+01 3.560000e+00
      vertex   1.667394e+02 -3.201923e+01 2.060000e+00
    endloop
  endfacet
  facet normal -2.225209e-01 -9.749279e-01 0.000000e+00
    outer loop
      vertex   1.667394e+02 -3.201923e+01 2.060000e+00
      vertex   1.669268e+02 -3.206200e+01 3.560000e+00
      vertex   1.667394e+02 -3.201923e+01 3.560000e+00
    endloop
  endfacet
  facet normal -9.602303e-02 -9.953791e-01 0.000000e+00
    outer loop
      vertex   1.667394e+02 -3.201923e+01 2.060000e+00
      vertex   1.667394e+02 -3.201923e+01 3.560000e+00
      vertex   1.665481e+02 -3.200077e+01 2.060000e+00
    endloop
  endfacet
  facet normal -9.602303e-02 -9.953791e-01 0.000000e+00
    outer loop
      vertex   1.665481e+02 -3.200077e+01 2.060000e+00
      vertex   1.667394e+02 -3.201923e+01 3.560000e+00
      vertex   1.665481e+02 -3.200077e+01 3.560000e+00
    endloop
  endfacet
  facet normal 3.205158e-02 -9.994862e-01 0.000000e+00
    outer loop
      vertex   1.665481e+02 -3.200077e+01 2.060000e+00
      vertex   1.665481e+02 -3.200077e+01 3.560000e+00
      vertex   1.663560e+02 -3.200693e+01 2.060000e+00
    endloop
  endfacet
  facet normal 3.205158e-02 -9.994862e-01 4.734518e-15
    outer loop
      vertex   1.663560e+02 -3.200693e+01 2.060000e+00
      vertex   1.665481e+02 -3.200077e+01 3.560000e+00
      vertex   1.663560e+02 -3.200693e+01 3.560000e+00
    endloop
  endfacet
  facet normal 1.595999e-01 -9.871818e-01 4.676232e-15
    outer loop
      vertex   1.663560e+02 -3.200693e+01 2.060000e+00
      vertex   1.663560e+02 -3.200693e+01 3.560000e+00
      vertex   1.661662e+02 -3.203761e+01 2.060000e+00
    endloop
  endfacet
  facet normal 1.595999e-01 -9.871818e-01 4.676232e-15
    outer loop
      vertex   1.661662e+02 -3.203761e+01 2.060000e+00
      vertex   1.663560e+02 -3.200693e+01 3.560000e+00
      vertex   1.661662e+02 -3.203761e+01 3.560000e+00
    endloop
  endfacet
  facet normal 2.845276e-01 -9.586679e-01 4.541163e-15
    outer loop
      vertex   1.661662e+02 -3.203761e+01 2.060000e+00
      vertex   1.661662e+02 -3.203761e+01 3.560000e+00
      vertex   1.659820e+02 -3.209230e+01 2.060000e+00
    endloop
  endfacet
  facet normal 2.845276e-01 -9.586679e-01 4.541163e-15
    outer loop
      vertex   1.659820e+02 -3.209230e+01 2.060000e+00
      vertex   1.661662e+02 -3.203761e+01 3.560000e+00
      vertex   1.659820e+02 -3.209230e+01 3.560000e+00
    endloop
  endfacet
  facet normal 4.047833e-01 -9.144126e-01 4.331528e-15
    outer loop
      vertex   1.659820e+02 -3.209230e+01 2.060000e+00
      vertex   1.659820e+02 -3.209230e+01 3.560000e+00
      vertex   1.658062e+02 -3.217010e+01 2.060000e+00
    endloop
  endfacet
  facet normal 4.047833e-01 -9.144126e-01 0.000000e+00
    outer loop
      vertex   1.658062e+02 -3.217010e+01 2.060000e+00
      vertex   1.659820e+02 -3.209230e+01 3.560000e+00
      vertex   1.658062e+02 -3.217010e+01 3.560000e+00
    endloop
  endfacet
  facet normal 5.183926e-01 -8.551428e-01 0.000000e+00
    outer loop
      vertex   1.658062e+02 -3.217010e+01 2.060000e+00
      vertex   1.658062e+02 -3.217010e+01 3.560000e+00
      vertex   1.656418e+02 -3.226974e+01 2.060000e+00
    endloop
  endfacet
  facet normal 5.183926e-01 -8.551428e-01 4.050770e-15
    outer loop
      vertex   1.656418e+02 -3.226974e+01 2.060000e+00
      vertex   1.658062e+02 -3.217010e+01 3.560000e+00
      vertex   1.656418e+02 -3.226974e+01 3.560000e+00
    endloop
  endfacet
  facet normal 6.234898e-01 -7.818315e-01 3.703498e-15
    outer loop
      vertex   1.656418e+02 -3.226974e+01 2.060000e+00
      vertex   1.656418e+02 -3.226974e+01 3.560000e+00
      vertex   1.654915e+02 -3.238958e+01 2.060000e+00
    endloop
  endfacet
  facet normal 6.234898e-01 -7.818315e-01 0.000000e+00
    outer loop
      vertex   1.654915e+02 -3.238958e+01 2.060000e+00
      vertex   1.656418e+02 -3.226974e+01 3.560000e+00
      vertex   1.654915e+02 -3.238958e+01 3.560000e+00
    endloop
  endfacet
  facet normal 7.183494e-01 -6.956826e-01 0.000000e+00
    outer loop
      vertex   1.654915e+02 -3.238958e+01 2.060000e+00
      vertex   1.654915e+02 -3.238958e+01 3.560000e+00
      vertex   1.653578e+02 -3.252766e+01 2.060000e+00
    endloop
  endfacet
  facet normal 7.183494e-01 -6.956826e-01 3.295415e-15
    outer loop
      vertex   1.653578e+02 -3.252766e+01 2.060000e+00
      vertex   1.654915e+02 -3.238958e+01 3.560000e+00
      vertex   1.653578e+02 -3.252766e+01 3.560000e+00
    endloop
  endfacet
  facet normal 8.014136e-01 -5.981105e-01 2.833221e-15
    outer loop
      vertex   1.653578e+02 -3.252766e+01 2.060000e+00
      vertex   1.653578e+02 -3.252766e+01 3.560000e+00
      vertex   1.652429e+02 -3.268170e+01 2.060000e+00
    endloop
  endfacet
  facet normal 8.014136e-01 -5.981105e-01 0.000000e+00
    outer loop
      vertex   1.652429e+02 -3.268170e+01 2.060000e+00
      vertex   1.653578e+02 -3.252766e+01 3.560000e+00
      vertex   1.652429e+02 -3.268170e+01 3.560000e+00
    endloop
  endfacet
  facet normal 8.713187e-01 -4.907176e-01 0.000000e+00
    outer loop
      vertex   1.652429e+02 -3.268170e+01 2.060000e+00
      vertex   1.652429e+02 -3.268170e+01 3.560000e+00
      vertex   1.651485e+02 -3.284917e+01 2.060000e+00
    endloop
  endfacet
  facet normal 8.713187e-01 -4.907176e-01 0.000000e+00
    outer loop
      vertex   1.651485e+02 -3.284917e+01 2.060000e+00
      vertex   1.652429e+02 -3.268170e+01 3.560000e+00
      vertex   1.651485e+02 -3.284917e+01 3.560000e+00
    endloop
  endfacet
  facet normal 9.269168e-01 -3.752670e-01 0.000000e+00
    outer loop
      vertex   1.651485e+02 -3.284917e+01 2.060000e+00
      vertex   1.651485e+02 -3.284917e+01 3.560000e+00
      vertex   1.650764e+02 -3.302734e+01 2.060000e+00
    endloop
  endfacet
  facet normal 9.269168e-01 -3.752670e-01 0.000000e+00
    outer loop
      vertex   1.650764e+02 -3.302734e+01 2.060000e+00
      vertex   1.651485e+02 -3.284917e+01 3.560000e+00
      vertex   1.650764e+02 -3.302734e+01 3.560000e+00
    endloop
  endfacet
  facet normal 9.672949e-01 -2.536546e-01 0.000000e+00
    outer loop
      vertex   1.650764e+02 -3.302734e+01 2.060000e+00
      vertex   1.650764e+02 -3.302734e+01 3.560000e+00
      vertex   1.650277e+02 -3.321326e+01 2.060000e+00
    endloop
  endfacet
  facet normal 9.672949e-01 -2.536546e-01 0.000000e+00
    outer loop
      vertex   1.650277e+02 -3.321326e+01 2.060000e+00
      vertex   1.650764e+02 -3.302734e+01 3.560000e+00
      vertex   1.650277e+02 -3.321326e+01 3.560000e+00
    endloop
  endfacet
  facet normal 9.917900e-01 -1.278772e-01 0.000000e+00
    outer loop
      vertex   1.650277e+02 -3.321326e+01 2.060000e+00
      vertex   1.650277e+02 -3.321326e+01 3.560000e+00
      vertex   1.650031e+02 -3.340389e+01 2.060000e+00
    endloop
  endfacet
  facet normal 9.917900e-01 -1.278772e-01 6.057479e-16
    outer loop
      vertex   1.650031e+02 -3.340389e+01 2.060000e+00
      vertex   1.650277e+02 -3.321326e+01 3.560000e+00
      vertex   1.650031e+02 -3.340389e+01 3.560000e+00
    endloop
  endfacet
  facet normal 1.000000e+00 0.000000e+00 -0.000000e+00
    outer loop
      vertex   1.650031e+02 -3.340389e+01 2.060000e+00
      vertex   1.650031e+02 -3.340389e+01 3.560000e+00
      vertex   1.650031e+02 -3.359611e+01 2.060000e+00
    endloop
  endfacet
  facet normal 1.000000e+00 0.000000e+00 0.000000e+00
    outer loop
      vertex   1.650031e+02 -3.359611e+01 2.060000e+00
      vertex   1.650031e+02 -3.340389e+01 3.560000e+00
      vertex   1.650031e+02 -3.359611e+01 3.560000e+00
    endloop
  endfacet
  facet normal 9.917900e-01 1.278772e-01 -6.057479e-16
    outer loop
      vertex   1.650031e+02 -3.359611e+01 2.060000e+00
      vertex   1.650031e+02 -3.359611e+01 3.560000e+00
      vertex   1.650277e+02 -3.378674e+01 2.060000e+00
    endloop
  endfacet
  facet normal 9.917900e-01 1.278772e-01 -0.000000e+00
    outer loop
      vertex   1.650277e+02 -3.378674e+01 2.060000e+00
      vertex   1.650031e+02 -3.359611e+01 3.560000e+00
      vertex   1.650277e+02 -3.378674e+01 3.560000e+00
    endloop
  endfacet
  facet normal 9.672949e-01 2.536546e-01 -0.000000e+00
    outer loop
      vertex   1.650277e+02 -3.378674e+01 2.060000e+00
      vertex   1.650277e+02 -3.378674e+01 3.560000e+00
      vertex   1.650764e+02 -3.397266e+01 2.060000e+00
    endloop
  endfacet
  facet normal 9.672949e-01 2.536546e-01 -0.000000e+00
    outer loop
      vertex   1.650764e+02 -3.397266e+01 2.060000e+00
      vertex   1.650277e+02 -3.378674e+01 3.560000e+00
      vertex   1.650764e+02 -3.397266e+01 3.560000e+00
    endloop
  endfacet
  facet normal 9.269168e-01 3.752670e-01 -0.000000e+00
    outer loop
      vertex   1.650764e+02 -3.397266e+01 2.060000e+00
      vertex   1.650764e+02 -3.397266e+01 3.560000e+00
      vertex   1.651485e+02 -3.415083e+01 2.060000e+00
    endloop
  endfacet
  facet normal 9.269168e-01 3.752670e-01 -1.777622e-15
    outer loop
      vertex   1.651485e+02 -3.415083e+01 2.060000e+00
      vertex   1.650764e+02 -3.397266e+01 3.560000e+00
      vertex   1.651485e+02 -3.415083e+01 3.560000e+00
    endloop
  endfacet
  facet normal 8.713187e-01 4.907176e-01 -2.324505e-15
    outer loop
      vertex   1.651485e+02 -3.415083e+01 2.060000e+00
      vertex   1.651485e+02 -3.415083e+01 3.560000e+00
      vertex   1.652429e+02 -3.431830e+01 2.060000e+00
    endloop
  endfacet
  facet normal 8.713187e-01 4.907176e-01 -0.000000e+00
    outer loop
      vertex   1.652429e+02 -3.431830e+01 2.060000e+00
      vertex   1.651485e+02 -3.415083e+01 3.560000e+00
      vertex   1.652429e+02 -3.431830e+01 3.560000e+00
    endloop
  endfacet
  facet normal 8.014136e-01 5.981105e-01 -0.000000e+00
    outer loop
      vertex   1.652429e+02 -3.431830e+01 2.060000e+00
      vertex   1.652429e+02 -3.431830e+01 3.560000e+00
      vertex   1.653578e+02 -3.447234e+01 2.060000e+00
    endloop
  endfacet
  facet normal 8.014136e-01 5.981105e-01 -0.000000e+00
    outer loop
      vertex   1.653578e+02 -3.447234e+01 2.060000e+00
      vertex   1.652429e+02 -3.431830e+01 3.560000e+00
      vertex   1.653578e+02 -3.447234e+01 3.560000e+00
    endloop
  endfacet
  facet normal 7.183494e-01 6.956826e-01 -0.000000e+00
    outer loop
      vertex   1.653578e+02 -3.447234e+01 2.060000e+00
      vertex   1.653578e+02 -3.447234e+01 3.560000e+00
      vertex   1.654915e+02 -3.461042e+01 2.060000e+00
    endloop
  endfacet
  facet normal 7.183494e-01 6.956826e-01 -0.000000e+00
    outer loop
      vertex   1.654915e+02 -3.461042e+01 2.060000e+00
      vertex   1.653578e+02 -3.447234e+01 3.560000e+00
      vertex   1.654915e+02 -3.461042e+01 3.560000e+00
    endloop
  endfacet
  facet normal 6.234898e-01 7.818315e-01 -0.000000e+00
    outer loop
      vertex   1.654915e+02 -3.461042e+01 2.060000e+00
      vertex   1.654915e+02 -3.461042e+01 3.560000e+00
      vertex   1.656418e+02 -3.473026e+01 2.060000e+00
    endloop
  endfacet
  facet normal 6.234898e-01 7.818315e-01 -0.000000e+00
    outer loop
      vertex   1.656418e+02 -3.473026e+01 2.060000e+00
      vertex   1.654915e+02 -3.461042e+01 3.560000e+00
      vertex   1.656418e+02 -3.473026e+01 3.560000e+00
    endloop
  endfacet
  facet normal 5.183926e-01 8.551428e-01 -0.000000e+00
    outer loop
      vertex   1.656418e+02 -3.473026e+01 2.060000e+00
      vertex   1.656418e+02 -3.473026e+01 3.560000e+00
      vertex   1.658062e+02 -3.482990e+01 2.060000e+00
    endloop
  endfacet
  facet normal 5.183926e-01 8.551428e-01 -0.000000e+00
    outer loop
      vertex   1.658062e+02 -3.482990e+01 2.060000e+00
      vertex   1.656418e+02 -3.473026e+01 3.560000e+00
      vertex   1.658062e+02 -3.482990e+01 3.560000e+00
    endloop
  endfacet
  facet normal 4.047833e-01 9.144126e-01 -0.000000e+00
    outer loop
      vertex   1.658062e+02 -3.482990e+01 2.060000e+00
      vertex   1.658062e+02 -3.482990e+01 3.560000e+00
      vertex   1.659820e+02 -3.490770e+01 2.060000e+00
    endloop
  endfacet
  facet normal 4.047833e-01 9.144126e-01 -0.000000e+00
    outer loop
      vertex   1.659820e+02 -3.490770e+01 2.060000e+00
      vertex   1.658062e+02 -3.482990e+01 3.560000e+00
      vertex   1.659820e+02 -3.490770e+01 3.560000e+00
    endloop
  endfacet
  facet normal 2.845276e-01 9.586679e-01 -0.000000e+00
    outer loop
      vertex   1.659820e+02 -3.490770e+01 2.060000e+00
      vertex   1.659820e+02 -3.490770e+01 3.560000e+00
      vertex   1.661662e+02 -3.496239e+01 2.060000e+00
    endloop
  endfacet
  facet normal 2.845276e-01 9.586679e-01 -0.000000e+00
    outer loop
      vertex   1.661662e+02 -3.496239e+01 2.060000e+00
      vertex   1.659820e+02 -3.490770e+01 3.560000e+00
      vertex   1.661662e+02 -3.496239e+01 3.560000e+00
    endloop
  endfacet
  facet normal 1.595999e-01 9.871818e-01 -0.000000e+00
    outer loop
      vertex   1.661662e+02 -3.496239e+01 2.060000e+00
      vertex   1.661662e+02 -3.496239e+01 3.560000e+00
      vertex   1.663560e+02 -3.499307e+01 2.060000e+00
    endloop
  endfacet
  facet normal 1.595999e-01 9.871818e-01 -0.000000e+00
    outer loop
      vertex   1.663560e+02 -3.499307e+01 2.060000e+00
      vertex   1.661662e+02 -3.496239e+01 3.560000e+00
      vertex   1.663560e+02 -3.499307e+01 3.560000e+00
    endloop
  endfacet
  facet normal 3.205158e-02 9.994862e-01 -0.000000e+00
    outer loop
      vertex   1.663560e+02 -3.499307e+01 2.060000e+00
      vertex   1.663560e+02 -3.499307e+01 3.560000e+00
      vertex   1.665481e+02 -3.499923e+01 2.060000e+00
    endloop
  endfacet
  facet normal 3.205158e-02 9.994862e-01 -0.000000e+00
    outer loop
      vertex   1.665481e+02 -3.499923e+01 2.060000e+00
      vertex   1.663560e+02 -3.499307e+01 3.560000e+00
      vertex   1.665481e+02 -3.499923e+01 3.560000e+00
    endloop
  endfacet
  facet normal -9.602303e-02 9.953791e-01 0.000000e+00
    outer loop
      vertex   1.665481e+02 -3.499923e+01 2.060000e+00
      vertex   1.665481e+02 -3.499923e+01 3.560000e+00
      vertex   1.667394e+02 -3.498077e+01 2.060000e+00
    endloop
  endfacet
  facet normal -9.602303e-02 9.953791e-01 -1.819426e-15
    outer loop
      vertex   1.667394e+02 -3.498077e+01 2.060000e+00
      vertex   1.665481e+02 -3.499923e+01 3.560000e+00
      vertex   1.667394e+02 -3.498077e+01 3.560000e+00
    endloop
  endfacet
  facet normal -2.225209e-01 9.749279e-01 -4.216284e-15
    outer loop
      vertex   1.667394e+02 -3.498077e+01 2.060000e+00
      vertex   1.667394e+02 -3.498077e+01 3.560000e+00
      vertex   1.669268e+02 -3.493800e+01 2.060000e+00
    endloop
  endfacet
  facet normal -2.225209e-01 9.749279e-01 0.000000e+00
    outer loop
      vertex   1.669268e+02 -3.493800e+01 2.060000e+00
      vertex   1.667394e+02 -3.498077e+01 3.560000e+00
      vertex   1.669268e+02 -3.493800e+01 3.560000e+00
    endloop
  endfacet
  facet normal -3.453651e-01 9.384684e-01 0.000000e+00
    outer loop
      vertex   1.669268e+02 -3.493800e+01 2.060000e+00
      vertex   1.669268e+02 -3.493800e+01 3.560000e+00
      vertex   1.671072e+02 -3.487162e+01 2.060000e+00
    endloop
  endfacet
  facet normal -3.453651e-01 9.384684e-01 -2.098431e-15
    outer loop
      vertex   1.671072e+02 -3.487162e+01 2.060000e+00
      vertex   1.669268e+02 -3.493800e+01 3.560000e+00
      vertex   1.671072e+02 -3.487162e+01 3.560000e+00
    endloop
  endfacet
  facet normal -4.625383e-01 8.865993e-01 -4.564308e-15
    outer loop
      vertex   1.671072e+02 -3.487162e+01 2.060000e+00
      vertex   1.671072e+02 -3.487162e+01 3.560000e+00
      vertex   1.672776e+02 -3.478271e+01 2.060000e+00
    endloop
  endfacet
  facet normal -4.625383e-01 8.865993e-01 0.000000e+00
    outer loop
      vertex   1.672776e+02 -3.478271e+01 2.060000e+00
      vertex   1.671072e+02 -3.487162e+01 3.560000e+00
      vertex   1.672776e+02 -3.478271e+01 3.560000e+00
    endloop
  endfacet
  facet normal -5.721167e-01 8.201723e-01 0.000000e+00
    outer loop
      vertex   1.672776e+02 -3.478271e+01 2.060000e+00
      vertex   1.672776e+02 -3.478271e+01 3.560000e+00
      vertex   1.674352e+02 -3.467275e+01 2.060000e+00
    endloop
  endfacet
  facet normal -5.721167e-01 8.201723e-01 0.000000e+00
    outer loop
      vertex   1.674352e+02 -3.467275e+01 2.060000e+00
      vertex   1.672776e+02 -3.478271e+01 3.560000e+00
      vertex   1.674352e+02 -3.467275e+01 3.560000e+00
    endloop
  endfacet
  facet normal -6.723009e-01 7.402780e-01 0.000000e+00
    outer loop
      vertex   1.674352e+02 -3.467275e+01 2.060000e+00
      vertex   1.674352e+02 -3.467275e+01 3.560000e+00
      vertex   1.675775e+02 -3.454352e+01 2.060000e+00
    endloop
  endfacet
  facet normal -6.723009e-01 7.402780e-01 0.000000e+00
    outer loop
      vertex   1.675775e+02 -3.454352e+01 2.060000e+00
      vertex   1.674352e+02 -3.467275e+01 3.560000e+00
      vertex   1.675775e+02 -3.454352e+01 3.560000e+00
    endloop
  endfacet
  facet normal -7.614460e-01 6.482284e-01 0.000000e+00
    outer loop
      vertex   1.675775e+02 -3.454352e+01 2.060000e+00
      vertex   1.675775e+02 -3.454352e+01 3.560000e+00
      vertex   1.677021e+02 -3.439717e+01 2.060000e+00
    endloop
  endfacet
  facet normal -7.614460e-01 6.482284e-01 3.070627e-15
    outer loop
      vertex   1.677021e+02 -3.439717e+01 2.060000e+00
      vertex   1.675775e+02 -3.454352e+01 3.560000e+00
      vertex   1.677021e+02 -3.439717e+01 3.560000e+00
    endloop
  endfacet
  facet normal -8.380881e-01 5.455349e-01 2.584172e-15
    outer loop
      vertex   1.677021e+02 -3.439717e+01 2.060000e+00
      vertex   1.677021e+02 -3.439717e+01 3.560000e+00
      vertex   1.678070e+02 -3.423608e+01 2.060000e+00
    endloop
  endfacet
  facet normal -8.380881e-01 5.455349e-01 0.000000e+00
    outer loop
      vertex   1.678070e+02 -3.423608e+01 2.060000e+00
      vertex   1.677021e+02 -3.439717e+01 3.560000e+00
      vertex   1.678070e+02 -3.423608e+01 3.560000e+00
    endloop
  endfacet
  facet normal -9.009689e-01 4.338837e-01 0.000000e+00
    outer loop
      vertex   1.678070e+02 -3.423608e+01 2.060000e+00
      vertex   1.678070e+02 -3.423608e+01 3.560000e+00
      vertex   1.678904e+02 -3.406290e+01 2.060000e+00
    endloop
  endfacet
  facet normal -9.009689e-01 4.338837e-01 2.055286e-15
    outer loop
      vertex   1.678904e+02 -3.406290e+01 2.060000e+00
      vertex   1.678070e+02 -3.423608e+01 3.560000e+00
      vertex   1.678904e+02 -3.406290e+01 3.560000e+00
    endloop
  endfacet
  facet normal -9.490557e-01 3.151082e-01 1.492652e-15
    outer loop
      vertex   1.678904e+02 -3.406290e+01 2.060000e+00
      vertex   1.678904e+02 -3.406290e+01 3.560000e+00
      vertex   1.679509e+02 -3.388048e+01 2.060000e+00
    endloop
  endfacet
  facet normal -9.490557e-01 3.151082e-01 1.492652e-15
    outer loop
      vertex   1.679509e+02 -3.388048e+01 2.060000e+00
      vertex   1.678904e+02 -3.406290e+01 3.560000e+00
      vertex   1.679509e+02 -3.388048e+01 3.560000e+00
    endloop
  endfacet
  facet normal -9.815592e-01 1.911586e-01 9.055092e-16
    outer loop
      vertex   1.679509e+02 -3.388048e+01 2.060000e+00
      vertex   1.679509e+02 -3.388048e+01 3.560000e+00
      vertex   1.679877e+02 -3.369182e+01 2.060000e+00
    endloop
  endfacet
  facet normal -9.815592e-01 1.911586e-01 0.000000e+00
    outer loop
      vertex   1.679877e+02 -3.369182e+01 2.060000e+00
      vertex   1.679509e+02 -3.388048e+01 3.560000e+00
      vertex   1.679877e+02 -3.369182e+01 3.560000e+00
    endloop
  endfacet
  facet normal 1.000000e+00 0.000000e+00 0.000000e+00
    outer loop
      vertex   1.540000e+02 -8.100000e+01 2.060000e+00
      vertex   1.540000e+02 -5.400000e+01 2.060000e+00
      vertex   1.540000e+02 -8.100000e+01 3.560000e+00
    endloop
  endfacet
  facet normal 1.000000e+00 -0.000000e+00 0.000000e+00
    outer loop
      vertex   1.540000e+02 -8.100000e+01 3.560000e+00
      vertex   1.540000e+02 -5.400000e+01 2.060000e+00
      vertex   1.540000e+02 -5.400000e+01 3.560000e+00
    endloop
  endfacet
  facet normal 0.000000e+00 1.000000e+00 -0.000000e+00
    outer loop
      vertex   1.670000e+02 -8.100000e+01 2.060000e+00
      vertex   1.540000e+02 -8.100000e+01 2.060000e+00
      vertex   1.670000e+02 -8.100000e+01 3.560000e+00
    endloop
  endfacet
  facet normal 0.000000e+00 1.000000e+00 0.000000e+00
    outer loop
      vertex   1.670000e+02 -8.100000e+01 3.560000e+00
      vertex   1.540000e+02 -8.100000e+01 2.060000e+00
      vertex   1.540000e+02 -8.100000e+01 3.560000e+00
    endloop
  endfacet
  facet normal -9.979454e-01 6.407022e-02 0.000000e+00
    outer loop
      vertex   1.679877e+02 -8.669182e+01 2.060000e+00
      vertex   1.679877e+02 -8.669182e+01 3.560000e+00
      vertex   1.680000e+02 -8.650000e+01 2.060000e+00
    endloop
  endfacet
  facet normal -9.979454e-01 6.407022e-02 0.000000e+00
    outer loop
      vertex   1.680000e+02 -8.650000e+01 2.060000e+00
      vertex   1.679877e+02 -8.669182e+01 3.560000e+00
      vertex   1.680000e+02 -8.650000e+01 3.560000e+00
    endloop
  endfacet
  facet normal -9.979454e-01 -6.407022e-02 0.000000e+00
    outer loop
      vertex   1.680000e+02 -8.650000e+01 2.060000e+00
      vertex   1.680000e+02 -8.650000e+01 3.560000e+00
      vertex   1.679877e+02 -8.630818e+01 2.060000e+00
    endloop
  endfacet
  facet normal -9.979454e-01 -6.407022e-02 0.000000e+00
    outer loop
      vertex   1.679877e+02 -8.630818e+01 2.060000e+00
      vertex   1.680000e+02 -8.650000e+01 3.560000e+00
      vertex   1.679877e+02 -8.630818e+01 3.560000e+00
    endloop
  endfacet
  facet normal -9.815592e-01 -1.911586e-01 0.000000e+00
    outer loop
      vertex   1.679877e+02 -8.630818e+01 2.060000e+00
      vertex   1.679877e+02 -8.630818e+01 3.560000e+00
      vertex   1.679509e+02 -8.611952e+01 2.060000e+00
    endloop
  endfacet
  facet normal -9.815592e-01 -1.911586e-01 0.000000e+00
    outer loop
      vertex   1.679509e+02 -8.611952e+01 2.060000e+00
      vertex   1.679877e+02 -8.630818e+01 3.560000e+00
      vertex   1.679509e+02 -8.611952e+01 3.560000e+00
    endloop
  endfacet
  facet normal -9.490557e-01 -3.151082e-01 0.000000e+00
    outer loop
      vertex   1.679509e+02 -8.611952e+01 2.060000e+00
      vertex   1.679509e+02 -8.611952e+01 3.560000e+00
      vertex   1.678904e+02 -8.593710e+01 2.060000e+00
    endloop
  endfacet
  facet normal -9.490557e-01 -3.151082e-01 0.000000e+00
    outer loop
      vertex   1.678904e+02 -8.593710e+01 2.060000e+00
      vertex   1.679509e+02 -8.611952e+01 3.560000e+00
      vertex   1.678904e+02 -8.593710e+01 3.560000e+00
    endloop
  endfacet
  facet normal -9.009689e-01 -4.338837e-01 0.000000e+00
    outer loop
      vertex   1.678904e+02 -8.593710e+01 2.060000e+00
      vertex   1.678904e+02 -8.593710e+01 3.560000e+00
      vertex   1.678070e+02 -8.576392e+01 2.060000e+00
    endloop
  endfacet
  facet normal -9.009689e-01 -4.338837e-01 0.000000e+00
    outer loop
      vertex   1.678070e+02 -8.576392e+01 2.060000e+00
      vertex   1.678904e+02 -8.593710e+01 3.560000e+00
      vertex   1.678070e+02 -8.576392e+01 3.560000e+00
    endloop
  endfacet
  facet normal -8.380881e-01 -5.455349e-01 0.000000e+00
    outer loop
      vertex   1.678070e+02 -8.576392e+01 2.060000e+00
      vertex   1.678070e+02 -8.576392e+01 3.560000e+00
      vertex   1.677021e+02 -8.560283e+01 2.060000e+00
    endloop
  endfacet
  facet normal -8.380881e-01 -5.455349e-01 0.000000e+00
    outer loop
      vertex   1.677021e+02 -8.560283e+01 2.060000e+00
      vertex   1.678070e+02 -8.576392e+01 3.560000e+00
      vertex   1.677021e+02 -8.560283e+01 3.560000e+00
    endloop
  endfacet
  facet normal -7.614460e-01 -6.482284e-01 0.000000e+00
    outer loop
      vertex   1.677021e+02 -8.560283e+01 2.060000e+00
      vertex   1.677021e+02 -8.560283e+01 3.560000e+00
      vertex   1.675775e+02 -8.545648e+01 2.060000e+00
    endloop
  endfacet
  facet normal -7.614460e-01 -6.482284e-01 0.000000e+00
    outer loop
      vertex   1.675775e+02 -8.545648e+01 2.060000e+00
      vertex   1.677021e+02 -8.560283e+01 3.560000e+00
      vertex   1.675775e+02 -8.545648e+01 3.560000e+00
    endloop
  endfacet
  facet normal -6.723009e-01 -7.402780e-01 0.000000e+00
    outer loop
      vertex   1.675775e+02 -8.545648e+01 2.060000e+00
      vertex   1.675775e+02 -8.545648e+01 3.560000e+00
      vertex   1.674352e+02 -8.532725e+01 2.060000e+00
    endloop
  endfacet
  facet normal -6.723009e-01 -7.402780e-01 0.000000e+00
    outer loop
      vertex   1.674352e+02 -8.532725e+01 2.060000e+00
      vertex   1.675775e+02 -8.545648e+01 3.560000e+00
      vertex   1.674352e+02 -8.532725e+01 3.560000e+00
    endloop
  endfacet
  facet normal -5.721167e-01 -8.201723e-01 0.000000e+00
    outer loop
      vertex   1.674352e+02 -8.532725e+01 2.060000e+00
      vertex   1.674352e+02 -8.532725e+01 3.560000e+00
      vertex   1.672776e+02 -8.521729e+01 2.060000e+00
    endloop
  endfacet
  facet normal -5.721167e-01 -8.201723e-01 0.000000e+00
    outer loop
      vertex   1.672776e+02 -8.521729e+01 2.060000e+00
      vertex   1.674352e+02 -8.532725e+01 3.560000e+00
      vertex   1.672776e+02 -8.521729e+01 3.560000e+00
    endloop
  endfacet
  facet normal -4.625383e-01 -8.865993e-01 0.000000e+00
    outer loop
      vertex   1.672776e+02 -8.521729e+01 2.060000e+00
      vertex   1.672776e+02 -8.521729e+01 3.560000e+00
      vertex   1.671072e+02 -8.512838e+01 2.060000e+00
    endloop
  endfacet
  facet normal -4.625383e-01 -8.865993e-01 0.000000e+00
    outer loop
      vertex   1.671072e+02 -8.512838e+01 2.060000e+00
      vertex   1.672776e+02 -8.521729e+01 3.560000e+00
      vertex   1.671072e+02 -8.512838e+01 3.560000e+00
    endloop
  endfacet
  facet normal -3.453651e-01 -9.384684e-01 0.000000e+00
    outer loop
      vertex   1.671072e+02 -8.512838e+01 2.060000e+00
      vertex   1.671072e+02 -8.512838e+01 3.560000e+00
      vertex   1.669268e+02 -8.506200e+01 2.060000e+00
    endloop
  endfacet
  facet normal -3.453651e-01 -9.384684e-01 0.000000e+00
    outer loop
      vertex   1.669268e+02 -8.506200e+01 2.060000e+00
      vertex   1.671072e+02 -8.512838e+01 3.560000e+00
      vertex   1.669268e+02 -8.506200e+01 3.560000e+00
    endloop
  endfacet
  facet normal -2.225209e-01 -9.749279e-01 0.000000e+00
    outer loop
      vertex   1.669268e+02 -8.506200e+01 2.060000e+00
      vertex   1.669268e+02 -8.506200e+01 3.560000e+00
      vertex   1.667394e+02 -8.501923e+01 2.060000e+00
    endloop
  endfacet
  facet normal -2.225209e-01 -9.749279e-01 0.000000e+00
    outer loop
      vertex   1.667394e+02 -8.501923e+01 2.060000e+00
      vertex   1.669268e+02 -8.506200e+01 3.560000e+00
      vertex   1.667394e+02 -8.501923e+01 3.560000e+00
    endloop
  endfacet
  facet normal -9.602303e-02 -9.953791e-01 0.000000e+00
    outer loop
      vertex   1.667394e+02 -8.501923e+01 2.060000e+00
      vertex   1.667394e+02 -8.501923e+01 3.560000e+00
      vertex   1.665481e+02 -8.500077e+01 2.060000e+00
    endloop
  endfacet
  facet normal -9.602303e-02 -9.953791e-01 0.000000e+00
    outer loop
      vertex   1.665481e+02 -8.500077e+01 2.060000e+00
      vertex   1.667394e+02 -8.501923e+01 3.560000e+00
      vertex   1.665481e+02 -8.500077e+01 3.560000e+00
    endloop
  endfacet
  facet normal 3.205158e-02 -9.994862e-01 0.000000e+00
    outer loop
      vertex   1.665481e+02 -8.500077e+01 2.060000e+00
      vertex   1.665481e+02 -8.500077e+01 3.560000e+00
      vertex   1.663560e+02 -8.500693e+01 2.060000e+00
    endloop
  endfacet
  facet normal 3.205158e-02 -9.994862e-01 0.000000e+00
    outer loop
      vertex   1.663560e+02 -8.500693e+01 2.060000e+00
      vertex   1.665481e+02 -8.500077e+01 3.560000e+00
      vertex   1.663560e+02 -8.500693e+01 3.560000e+00
    endloop
  endfacet
  facet normal 1.595999e-01 -9.871818e-01 0.000000e+00
    outer loop
      vertex   1.663560e+02 -8.500693e+01 2.060000e+00
      vertex   1.663560e+02 -8.500693e+01 3.560000e+00
      vertex   1.661662e+02 -8.503761e+01 2.060000e+00
    endloop
  endfacet
  facet normal 1.595999e-01 -9.871818e-01 0.000000e+00
    outer loop
      vertex   1.661662e+02 -8.503761e+01 2.060000e+00
      vertex   1.663560e+02 -8.500693e+01 3.560000e+00
      vertex   1.661662e+02 -8.503761e+01 3.560000e+00
    endloop
  endfacet
  facet normal 2.845276e-01 -9.586679e-01 0.000000e+00
    outer loop
      vertex   1.661662e+02 -8.503761e+01 2.060000e+00
      vertex   1.661662e+02 -8.503761e+01 3.560000e+00
      vertex   1.659820e+02 -8.509230e+01 2.060000e+00
    endloop
  endfacet
  facet normal 2.845276e-01 -9.586679e-01 0.000000e+00
    outer loop
      vertex   1.659820e+02 -8.509230e+01 2.060000e+00
      vertex   1.661662e+02 -8.503761e+01 3.560000e+00
      vertex   1.659820e+02 -8.509230e+01 3.560000e+00
    endloop
  endfacet
  facet normal 4.047833e-01 -9.144126e-01 0.000000e+00
    outer loop
      vertex   1.659820e+02 -8.509230e+01 2.060000e+00
      vertex   1.659820e+02 -8.509230e+01 3.560000e+00
      vertex   1.658062e+02 -8.517010e+01 2.060000e+00
    endloop
  endfacet
  facet normal 4.047833e-01 -9.144126e-01 0.000000e+00
    outer loop
      vertex   1.658062e+02 -8.517010e+01 2.060000e+00
      vertex   1.659820e+02 -8.509230e+01 3.560000e+00
      vertex   1.658062e+02 -8.517010e+01 3.560000e+00
    endloop
  endfacet
  facet normal 5.183926e-01 -8.551428e-01 0.000000e+00
    outer loop
      vertex   1.658062e+02 -8.517010e+01 2.060000e+00
      vertex   1.658062e+02 -8.517010e+01 3.560000e+00
      vertex   1.656418e+02 -8.526974e+01 2.060000e+00
    endloop
  endfacet
  facet normal 5.183926e-01 -8.551428e-01 0.000000e+00
    outer loop
      vertex   1.656418e+02 -8.526974e+01 2.060000e+00
      vertex   1.658062e+02 -8.517010e+01 3.560000e+00
      vertex   1.656418e+02 -8.526974e+01 3.560000e+00
    endloop
  endfacet
  facet normal 6.234898e-01 -7.818315e-01 0.000000e+00
    outer loop
      vertex   1.656418e+02 -8.526974e+01 2.060000e+00
      vertex   1.656418e+02 -8.526974e+01 3.560000e+00
      vertex   1.654915e+02 -8.538958e+01 2.060000e+00
    endloop
  endfacet
  facet normal 6.234898e-01 -7.818315e-01 0.000000e+00
    outer loop
      vertex   1.654915e+02 -8.538958e+01 2.060000e+00
      vertex   1.656418e+02 -8.526974e+01 3.560000e+00
      vertex   1.654915e+02 -8.538958e+01 3.560000e+00
    endloop
  endfacet
  facet normal 7.183494e-01 -6.956826e-01 0.000000e+00
    outer loop
      vertex   1.654915e+02 -8.538958e+01 2.060000e+00
      vertex   1.654915e+02 -8.538958e+01 3.560000e+00
      vertex   1.653578e+02 -8.552766e+01 2.060000e+00
    endloop
  endfacet
  facet normal 7.183494e-01 -6.956826e-01 0.000000e+00
    outer loop
      vertex   1.653578e+02 -8.552766e+01 2.060000e+00
      vertex   1.654915e+02 -8.538958e+01 3.560000e+00
      vertex   1.653578e+02 -8.552766e+01 3.560000e+00
    endloop
  endfacet
  facet normal 8.014136e-01 -5.981105e-01 0.000000e+00
    outer loop
      vertex   1.653578e+02 -8.552766e+01 2.060000e+00
      vertex   1.653578e+02 -8.552766e+01 3.560000e+00
      vertex   1.652429e+02 -8.568170e+01 2.060000e+00
    endloop
  endfacet
  facet normal 8.014136e-01 -5.981105e-01 0.000000e+00
    outer loop
      vertex   1.652429e+02 -8.568170e+01 2.060000e+00
      vertex   1.653578e+02 -8.552766e+01 3.560000e+00
      vertex   1.652429e+02 -8.568170e+01 3.560000e+00
    endloop
  endfacet
  facet normal 8.713187e-01 -4.907176e-01 0.000000e+00
    outer loop
      vertex   1.652429e+02 -8.568170e+01 2.060000e+00
      vertex   1.652429e+02 -8.568170e+01 3.560000e+00
      vertex   1.651485e+02 -8.584917e+01 2.060000e+00
    endloop
  endfacet
  facet normal 8.713187e-01 -4.907176e-01 0.000000e+00
    outer loop
      vertex   1.651485e+02 -8.584917e+01 2.060000e+00
      vertex   1.652429e+02 -8.568170e+01 3.560000e+00
      vertex   1.651485e+02 -8.584917e+01 3.560000e+00
    endloop
  endfacet
  facet normal 9.269168e-01 -3.752670e-01 0.000000e+00
    outer loop
      vertex   1.651485e+02 -8.584917e+01 2.060000e+00
      vertex   1.651485e+02 -8.584917e+01 3.560000e+00
      vertex   1.650764e+02 -8.602734e+01 2.060000e+00
    endloop
  endfacet
  facet normal 9.269168e-01 -3.752670e-01 0.000000e+00
    outer loop
      vertex   1.650764e+02 -8.602734e+01 2.060000e+00
      vertex   1.651485e+02 -8.584917e+01 3.560000e+00
      vertex   1.650764e+02 -8.602734e+01 3.560000e+00
    endloop
  endfacet
  facet normal 9.672949e-01 -2.536546e-01 0.000000e+00
    outer loop
      vertex   1.650764e+02 -8.602734e+01 2.060000e+00
      vertex   1.650764e+02 -8.602734e+01 3.560000e+00
      vertex   1.650277e+02 -8.621326e+01 2.060000e+00
    endloop
  endfacet
  facet normal 9.672949e-01 -2.536546e-01 0.000000e+00
    outer loop
      vertex   1.650277e+02 -8.621326e+01 2.060000e+00
      vertex   1.650764e+02 -8.602734e+01 3.560000e+00
      vertex   1.650277e+02 -8.621326e+01 3.560000e+00
    endloop
  endfacet
  facet normal 9.917900e-01 -1.278772e-01 0.000000e+00
    outer loop
      vertex   1.650277e+02 -8.621326e+01 2.060000e+00
      vertex   1.650277e+02 -8.621326e+01 3.560000e+00
      vertex   1.650031e+02 -8.640389e+01 2.060000e+00
    endloop
  endfacet
  facet normal 9.917900e-01 -1.278772e-01 0.000000e+00
    outer loop
      vertex   1.650031e+02 -8.640389e+01 2.060000e+00
      vertex   1.650277e+02 -8.621326e+01 3.560000e+00
      vertex   1.650031e+02 -8.640389e+01 3.560000e+00
    endloop
  endfacet
  facet normal 1.000000e+00 0.000000e+00 -0.000000e+00
    outer loop
      vertex   1.650031e+02 -8.640389e+01 2.060000e+00
      vertex   1.650031e+02 -8.640389e+01 3.560000e+00
      vertex   1.650031e+02 -8.659611e+01 2.060000e+00
    endloop
  endfacet
  facet normal 1.000000e+00 0.000000e+00 0.000000e+00
    outer loop
      vertex   1.650031e+02 -8.659611e+01 2.060000e+00
      vertex   1.650031e+02 -8.640389e+01 3.560000e+00
      vertex   1.650031e+02 -8.659611e+01 3.560000e+00
    endloop
  endfacet
  facet normal 9.917900e-01 1.278772e-01 -0.000000e+00
    outer loop
      vertex   1.650031e+02 -8.659611e+01 2.060000e+00
      vertex   1.650031e+02 -8.659611e+01 3.560000e+00
      vertex   1.650277e+02 -8.678674e+01 2.060000e+00
    endloop
  endfacet
  facet normal 9.917900e-01 1.278772e-01 -0.000000e+00
    outer loop
      vertex   1.650277e+02 -8.678674e+01 2.060000e+00
      vertex   1.650031e+02 -8.659611e+01 3.560000e+00
      vertex   1.650277e+02 -8.678674e+01 3.560000e+00
    endloop
  endfacet
  facet normal 9.672949e-01 2.536546e-01 -0.000000e+00
    outer loop
      vertex   1.650277e+02 -8.678674e+01 2.060000e+00
      vertex   1.650277e+02 -8.678674e+01 3.560000e+00
      vertex   1.650764e+02 -8.697266e+01 2.060000e+00
    endloop
  endfacet
  facet normal 9.672949e-01 2.536546e-01 -0.000000e+00
    outer loop
      vertex   1.650764e+02 -8.697266e+01 2.060000e+00
      vertex   1.650277e+02 -8.678674e+01 3.560000e+00
      vertex   1.650764e+02 -8.697266e+01 3.560000e+00
    endloop
  endfacet
  facet normal 9.269168e-01 3.752670e-01 -0.000000e+00
    outer loop
      vertex   1.650764e+02 -8.697266e+01 2.060000e+00
      vertex   1.650764e+02 -8.697266e+01 3.560000e+00
      vertex   1.651485e+02 -8.715083e+01 2.060000e+00
    endloop
  endfacet
  facet normal 9.269168e-01 3.752670e-01 -0.000000e+00
    outer loop
      vertex   1.651485e+02 -8.715083e+01 2.060000e+00
      vertex   1.650764e+02 -8.697266e+01 3.560000e+00
      vertex   1.651485e+02 -8.715083e+01 3.560000e+00
    endloop
  endfacet
  facet normal 8.713187e-01 4.907176e-01 -0.000000e+00
    outer loop
      vertex   1.651485e+02 -8.715083e+01 2.060000e+00
      vertex   1.651485e+02 -8.715083e+01 3.560000e+00
      vertex   1.652429e+02 -8.731830e+01 2.060000e+00
    endloop
  endfacet
  facet normal 8.713187e-01 4.907176e-01 -0.000000e+00
    outer loop
      vertex   1.652429e+02 -8.731830e+01 2.060000e+00
      vertex   1.651485e+02 -8.715083e+01 3.560000e+00
      vertex   1.652429e+02 -8.731830e+01 3.560000e+00
    endloop
  endfacet
  facet normal 8.014136e-01 5.981105e-01 -0.000000e+00
    outer loop
      vertex   1.652429e+02 -8.731830e+01 2.060000e+00
      vertex   1.652429e+02 -8.731830e+01 3.560000e+00
      vertex   1.653578e+02 -8.747234e+01 2.060000e+00
    endloop
  endfacet
  facet normal 8.014136e-01 5.981105e-01 -0.000000e+00
    outer loop
      vertex   1.653578e+02 -8.747234e+01 2.060000e+00
      vertex   1.652429e+02 -8.731830e+01 3.560000e+00
      vertex   1.653578e+02 -8.747234e+01 3.560000e+00
    endloop
  endfacet
  facet normal 7.183494e-01 6.956826e-01 -0.000000e+00
    outer loop
      vertex   1.653578e+02 -8.747234e+01 2.060000e+00
      vertex   1.653578e+02 -8.747234e+01 3.560000e+00
      vertex   1.654915e+02 -8.761042e+01 2.060000e+00
    endloop
  endfacet
  facet normal 7.183494e-01 6.956826e-01 -0.000000e+00
    outer loop
      vertex   1.654915e+02 -8.761042e+01 2.060000e+00
      vertex   1.653578e+02 -8.747234e+01 3.560000e+00
      vertex   1.654915e+02 -8.761042e+01 3.560000e+00
    endloop
  endfacet
  facet normal 6.234898e-01 7.818315e-01 -0.000000e+00
    outer loop
      vertex   1.654915e+02 -8.761042e+01 2.060000e+00
      vertex   1.654915e+02 -8.761042e+01 3.560000e+00
      vertex   1.656418e+02 -8.773026e+01 2.060000e+00
    endloop
  endfacet
  facet normal 6.234898e-01 7.818315e-01 -0.000000e+00
    outer loop
      vertex   1.656418e+02 -8.773026e+01 2.060000e+00
      vertex   1.654915e+02 -8.761042e+01 3.560000e+00
      vertex   1.656418e+02 -8.773026e+01 3.560000e+00
    endloop
  endfacet
  facet normal 5.183926e-01 8.551428e-01 -0.000000e+00
    outer loop
      vertex   1.656418e+02 -8.773026e+01 2.060000e+00
      vertex   1.656418e+02 -8.773026e+01 3.560000e+00
      vertex   1.658062e+02 -8.782990e+01 2.060000e+00
    endloop
  endfacet
  facet normal 5.183926e-01 8.551428e-01 -0.000000e+00
    outer loop
      vertex   1.658062e+02 -8.782990e+01 2.060000e+00
      vertex   1.656418e+02 -8.773026e+01 3.560000e+00
      vertex   1.658062e+02 -8.782990e+01 3.560000e+00
    endloop
  endfacet
  facet normal 4.047833e-01 9.144126e-01 -0.000000e+00
    outer loop
      vertex   1.658062e+02 -8.782990e+01 2.060000e+00
      vertex   1.658062e+02 -8.782990e+01 3.560000e+00
      vertex   1.659820e+02 -8.790770e+01 2.060000e+00
    endloop
  endfacet
  facet normal 4.047833e-01 9.144126e-01 -0.000000e+00
    outer loop
      vertex   1.659820e+02 -8.790770e+01 2.060000e+00
      vertex   1.658062e+02 -8.782990e+01 3.560000e+00
      vertex   1.659820e+02 -8.790770e+01 3.560000e+00
    endloop
  endfacet
  facet normal 2.845276e-01 9.586679e-01 -0.000000e+00
    outer loop
      vertex   1.659820e+02 -8.790770e+01 2.060000e+00
      vertex   1.659820e+02 -8.790770e+01 3.560000e+00
      vertex   1.661662e+02 -8.796239e+01 2.060000e+00
    endloop
  endfacet
  facet normal 2.845276e-01 9.586679e-01 -0.000000e+00
    outer loop
      vertex   1.661662e+02 -8.796239e+01 2.060000e+00
      vertex   1.659820e+02 -8.790770e+01 3.560000e+00
      vertex   1.661662e+02 -8.796239e+01 3.560000e+00
    endloop
  endfacet
  facet normal 1.595999e-01 9.871818e-01 -0.000000e+00
    outer loop
      vertex   1.661662e+02 -8.796239e+01 2.060000e+00
      vertex   1.661662e+02 -8.796239e+01 3.560000e+00
      vertex   1.663560e+02 -8.799307e+01 2.060000e+00
    endloop
  endfacet
  facet normal 1.595999e-01 9.871818e-01 -0.000000e+00
    outer loop
      vertex   1.663560e+02 -8.799307e+01 2.060000e+00
      vertex   1.661662e+02 -8.796239e+01 3.560000e+00
      vertex   1.663560e+02 -8.799307e+01 3.560000e+00
    endloop
  endfacet
  facet normal 3.205158e-02 9.994862e-01 -0.000000e+00
    outer loop
      vertex   1.663560e+02 -8.799307e+01 2.060000e+00
      vertex   1.663560e+02 -8.799307e+01 3.560000e+00
      vertex   1.665481e+02 -8.799923e+01 2.060000e+00
    endloop
  endfacet
  facet normal 3.205158e-02 9.994862e-01 -0.000000e+00
    outer loop
      vertex   1.665481e+02 -8.799923e+01 2.060000e+00
      vertex   1.663560e+02 -8.799307e+01 3.560000e+00
      vertex   1.665481e+02 -8.799923e+01 3.560000e+00
    endloop
  endfacet
  facet normal -9.602303e-02 9.953791e-01 0.000000e+00
    outer loop
      vertex   1.665481e+02 -8.799923e+01 2.060000e+00
      vertex   1.665481e+02 -8.799923e+01 3.560000e+00
      vertex   1.667394e+02 -8.798077e+01 2.060000e+00
    endloop
  endfacet
  facet normal -9.602303e-02 9.953791e-01 0.000000e+00
    outer loop
      vertex   1.667394e+02 -8.798077e+01 2.060000e+00
      vertex   1.665481e+02 -8.799923e+01 3.560000e+00
      vertex   1.667394e+02 -8.798077e+01 3.560000e+00
    endloop
  endfacet
  facet normal -2.225209e-01 9.749279e-01 0.000000e+00
    outer loop
      vertex   1.667394e+02 -8.798077e+01 2.060000e+00
      vertex   1.667394e+02 -8.798077e+01 3.560000e+00
      vertex   1.669268e+02 -8.793800e+01 2.060000e+00
    endloop
  endfacet
  facet normal -2.225209e-01 9.749279e-01 0.000000e+00
    outer loop
      vertex   1.669268e+02 -8.793800e+01 2.060000e+00
      vertex   1.667394e+02 -8.798077e+01 3.560000e+00
      vertex   1.669268e+02 -8.793800e+01 3.560000e+00
    endloop
  endfacet
  facet normal -3.453651e-01 9.384684e-01 0.000000e+00
    outer loop
      vertex   1.669268e+02 -8.793800e+01 2.060000e+00
      vertex   1.669268e+02 -8.793800e+01 3.560000e+00
      vertex   1.671072e+02 -8.787162e+01 2.060000e+00
    endloop
  endfacet
  facet normal -3.453651e-01 9.384684e-01 0.000000e+00
    outer loop
      vertex   1.671072e+02 -8.787162e+01 2.060000e+00
      vertex   1.669268e+02 -8.793800e+01 3.560000e+00
      vertex   1.671072e+02 -8.787162e+01 3.560000e+00
    endloop
  endfacet
  facet normal -4.625383e-01 8.865993e-01 0.000000e+00
    outer loop
      vertex   1.671072e+02 -8.787162e+01 2.060000e+00
      vertex   1.671072e+02 -8.787162e+01 3.560000e+00
      vertex   1.672776e+02 -8.778271e+01 2.060000e+00
    endloop
  endfacet
  facet normal -4.625383e-01 8.865993e-01 0.000000e+00
    outer loop
      vertex   1.672776e+02 -8.778271e+01 2.060000e+00
      vertex   1.671072e+02 -8.787162e+01 3.560000e+00
      vertex   1.672776e+02 -8.778271e+01 3.560000e+00
    endloop
  endfacet
  facet normal -5.721167e-01 8.201723e-01 0.000000e+00
    outer loop
      vertex   1.672776e+02 -8.778271e+01 2.060000e+00
      vertex   1.672776e+02 -8.778271e+01 3.560000e+00
      vertex   1.674352e+02 -8.767275e+01 2.060000e+00
    endloop
  endfacet
  facet normal -5.721167e-01 8.201723e-01 0.000000e+00
    outer loop
      vertex   1.674352e+02 -8.767275e+01 2.060000e+00
      vertex   1.672776e+02 -8.778271e+01 3.560000e+00
      vertex   1.674352e+02 -8.767275e+01 3.560000e+00
    endloop
  endfacet
  facet normal -6.723009e-01 7.402780e-01 0.000000e+00
    outer loop
      vertex   1.674352e+02 -8.767275e+01 2.060000e+00
      vertex   1.674352e+02 -8.767275e+01 3.560000e+00
      vertex   1.675775e+02 -8.754352e+01 2.060000e+00
    endloop
  endfacet
  facet normal -6.723009e-01 7.402780e-01 0.000000e+00
    outer loop
      vertex   1.675775e+02 -8.754352e+01 2.060000e+00
      vertex   1.674352e+02 -8.767275e+01 3.560000e+00
      vertex   1.675775e+02 -8.754352e+01 3.560000e+00
    endloop
  endfacet
  facet normal -7.614460e-01 6.482284e-01 0.000000e+00
    outer loop
      vertex   1.675775e+02 -8.754352e+01 2.060000e+00
      vertex   1.675775e+02 -8.754352e+01 3.560000e+00
      vertex   1.677021e+02 -8.739717e+01 2.060000e+00
    endloop
  endfacet
  facet normal -7.614460e-01 6.482284e-01 0.000000e+00
    outer loop
      vertex   1.677021e+02 -8.739717e+01 2.060000e+00
      vertex   1.675775e+02 -8.754352e+01 3.560000e+00
      vertex   1.677021e+02 -8.739717e+01 3.560000e+00
    endloop
  endfacet
  facet normal -8.380881e-01 5.455349e-01 0.000000e+00
    outer loop
      vertex   1.677021e+02 -8.739717e+01 2.060000e+00
      vertex   1.677021e+02 -8.739717e+01 3.560000e+00
      vertex   1.678070e+02 -8.723608e+01 2.060000e+00
    endloop
  endfacet
  facet normal -8.380881e-01 5.455349e-01 0.000000e+00
    outer loop
      vertex   1.678070e+02 -8.723608e+01 2.060000e+00
      vertex   1.677021e+02 -8.739717e+01 3.560000e+00
      vertex   1.678070e+02 -8.723608e+01 3.560000e+00
    endloop
  endfacet
  facet normal -9.009689e-01 4.338837e-01 0.000000e+00
    outer loop
      vertex   1.678070e+02 -8.723608e+01 2.060000e+00
      vertex   1.678070e+02 -8.723608e+01 3.560000e+00
      vertex   1.678904e+02 -8.706290e+01 2.060000e+00
    endloop
  endfacet
  facet normal -9.009689e-01 4.338837e-01 0.000000e+00
    outer loop
      vertex   1.678904e+02 -8.706290e+01 2.060000e+00
      vertex   1.678070e+02 -8.723608e+01 3.560000e+00
      vertex   1.678904e+02 -8.706290e+01 3.560000e+00
    endloop
  endfacet
  facet normal -9.490557e-01 3.151082e-01 0.000000e+00
    outer loop
      vertex   1.678904e+02 -8.706290e+01 2.060000e+00
      vertex   1.678904e+02 -8.706290e+01 3.560000e+00
      vertex   1.679509e+02 -8.688048e+01 2.060000e+00
    endloop
  endfacet
  facet normal -9.490557e-01 3.151082e-01 0.000000e+00
    outer loop
      vertex   1.679509e+02 -8.688048e+01 2.060000e+00
      vertex   1.678904e+02 -8.706290e+01 3.560000e+00
      vertex   1.679509e+02 -8.688048e+01 3.560000e+00
    endloop
  endfacet
  facet normal -9.815592e-01 1.911586e-01 0.000000e+00
    outer loop
      vertex   1.679509e+02 -8.688048e+01 2.060000e+00
      vertex   1.679509e+02 -8.688048e+01 3.560000e+00
      vertex   1.679877e+02 -8.669182e+01 2.060000e+00
    endloop
  endfacet
  facet normal -9.815592e-01 1.911586e-01 0.000000e+00
    outer loop
      vertex   1.679877e+02 -8.669182e+01 2.060000e+00
      vertex   1.679509e+02 -8.688048e+01 3.560000e+00
      vertex   1.679877e+02 -8.669182e+01 3.560000e+00
    endloop
  endfacet
  facet normal 1.000000e+00 0.000000e+00 0.000000e+00
    outer loop
      vertex   1.700000e+02 -3.000000e+01 2.060000e+00
      vertex   1.700000e+02 -3.000000e+01 8.895000e+00
      vertex   1.700000e+02 -9.000000e+01 2.060000e+00
    endloop
  endfacet
  facet normal 1.000000e+00 0.000000e+00 0.000000e+00
    outer loop
      vertex   1.700000e+02 -9.000000e+01 2.060000e+00
      vertex   1.700000e+02 -3.000000e+01 8.895000e+00
      vertex   1.700000e+02 -9.000000e+01 8.895000e+00
    endloop
  endfacet
  facet normal 0.000000e+00 -1.000000e+00 0.000000e+00
    outer loop
      vertex   1.520000e+02 -9.000000e+01 2.060000e+00
      vertex   1.700000e+02 -9.000000e+01 2.060000e+00
      vertex   1.520000e+02 -9.000000e+01 8.895000e+00
    endloop
  endfacet
  facet normal 0.000000e+00 -1.000000e+00 0.000000e+00
    outer loop
      vertex   1.520000e+02 -9.000000e+01 8.895000e+00
      vertex   1.700000e+02 -9.000000e+01 2.060000e+00
      vertex   1.700000e+02 -9.000000e+01 8.895000e+00
    endloop
  endfacet
endsolid
