ISO-10303-21;
HEADER;
/* Generated by software containing ST-Developer
 * from STEP Tools, Inc. (www.steptools.com) 
 */

FILE_DESCRIPTION(
/* description */ ('STEP AP214'),
/* implementation_level */ '2;1');

FILE_NAME(
/* name */ 'CU_SKV606021 v1.step',
/* time_stamp */ '2025-08-02T19:48:04-07:00',
/* author */ (''),
/* organization */ (''),
/* preprocessor_version */ 'ST-DEVELOPER v20.1',
/* originating_system */ 'Autodesk Translation Framework v14.10.0.0',
/* authorisation */ '');

FILE_SCHEMA (('AUTOMOTIVE_DESIGN { 1 0 10303 214 3 1 1 }'));
ENDSEC;

DATA;
#10=MECHANICAL_DESIGN_GEOMETRIC_PRESENTATION_REPRESENTATION('',(#20,#21),
#4733);
#11=CONTEXT_DEPENDENT_OVER_RIDING_STYLED_ITEM('',(#4758),#4744,#21,(#15));
#12=MAPPED_ITEM('',#13,#3145);
#13=REPRESENTATION_MAP(#3145,#4743);
#14=ITEM_DEFINED_TRANSFORMATION($,$,#2977,#3144);
#15=(
REPRESENTATION_RELATIONSHIP($,$,#4744,#4743)
REPRESENTATION_RELATIONSHIP_WITH_TRANSFORMATION(#14)
SHAPE_REPRESENTATION_RELATIONSHIP()
);
#16=CONTEXT_DEPENDENT_SHAPE_REPRESENTATION(#15,#4742);
#17=NEXT_ASSEMBLY_USAGE_OCCURRENCE('skived_fin_CU_skv606021:1',
'skived_fin_CU_skv606021:1','skived_fin_CU_skv606021:1',#4746,#4747,
'skived_fin_CU_skv606021:1');
#18=SHAPE_REPRESENTATION_RELATIONSHIP('SRR','None',#4744,#19);
#19=ADVANCED_BREP_SHAPE_REPRESENTATION('',(#22),#4732);
#20=STYLED_ITEM('',(#4758),#22);
#21=STYLED_ITEM('',(#4759),#12);
#22=MANIFOLD_SOLID_BREP('Body1',#2963);
#23=FACE_BOUND('',#342,.T.);
#24=FACE_BOUND('',#343,.T.);
#25=FACE_BOUND('',#344,.T.);
#26=FACE_BOUND('',#345,.T.);
#27=FACE_BOUND('',#440,.T.);
#28=FACE_BOUND('',#444,.T.);
#29=FACE_BOUND('',#448,.T.);
#30=FACE_BOUND('',#452,.T.);
#31=PLANE('',#2990);
#32=PLANE('',#2991);
#33=PLANE('',#2992);
#34=PLANE('',#2995);
#35=PLANE('',#2998);
#36=PLANE('',#2999);
#37=PLANE('',#3000);
#38=PLANE('',#3001);
#39=PLANE('',#3002);
#40=PLANE('',#3003);
#41=PLANE('',#3004);
#42=PLANE('',#3005);
#43=PLANE('',#3006);
#44=PLANE('',#3007);
#45=PLANE('',#3008);
#46=PLANE('',#3009);
#47=PLANE('',#3010);
#48=PLANE('',#3011);
#49=PLANE('',#3012);
#50=PLANE('',#3013);
#51=PLANE('',#3014);
#52=PLANE('',#3015);
#53=PLANE('',#3016);
#54=PLANE('',#3017);
#55=PLANE('',#3018);
#56=PLANE('',#3019);
#57=PLANE('',#3020);
#58=PLANE('',#3023);
#59=PLANE('',#3026);
#60=PLANE('',#3027);
#61=PLANE('',#3028);
#62=PLANE('',#3029);
#63=PLANE('',#3030);
#64=PLANE('',#3031);
#65=PLANE('',#3032);
#66=PLANE('',#3033);
#67=PLANE('',#3034);
#68=PLANE('',#3035);
#69=PLANE('',#3036);
#70=PLANE('',#3037);
#71=PLANE('',#3038);
#72=PLANE('',#3039);
#73=PLANE('',#3042);
#74=PLANE('',#3043);
#75=PLANE('',#3044);
#76=PLANE('',#3045);
#77=PLANE('',#3046);
#78=PLANE('',#3047);
#79=PLANE('',#3048);
#80=PLANE('',#3049);
#81=PLANE('',#3050);
#82=PLANE('',#3051);
#83=PLANE('',#3052);
#84=PLANE('',#3053);
#85=PLANE('',#3054);
#86=PLANE('',#3055);
#87=PLANE('',#3056);
#88=PLANE('',#3057);
#89=PLANE('',#3058);
#90=PLANE('',#3059);
#91=PLANE('',#3060);
#92=PLANE('',#3061);
#93=PLANE('',#3062);
#94=PLANE('',#3063);
#95=PLANE('',#3064);
#96=PLANE('',#3065);
#97=PLANE('',#3066);
#98=PLANE('',#3067);
#99=PLANE('',#3068);
#100=PLANE('',#3069);
#101=PLANE('',#3070);
#102=PLANE('',#3071);
#103=PLANE('',#3072);
#104=PLANE('',#3073);
#105=PLANE('',#3074);
#106=PLANE('',#3075);
#107=PLANE('',#3076);
#108=PLANE('',#3077);
#109=PLANE('',#3078);
#110=PLANE('',#3079);
#111=PLANE('',#3080);
#112=PLANE('',#3081);
#113=PLANE('',#3082);
#114=PLANE('',#3083);
#115=PLANE('',#3084);
#116=PLANE('',#3085);
#117=PLANE('',#3086);
#118=PLANE('',#3087);
#119=PLANE('',#3088);
#120=PLANE('',#3089);
#121=PLANE('',#3090);
#122=PLANE('',#3091);
#123=PLANE('',#3092);
#124=PLANE('',#3093);
#125=PLANE('',#3094);
#126=PLANE('',#3095);
#127=PLANE('',#3096);
#128=PLANE('',#3097);
#129=PLANE('',#3098);
#130=PLANE('',#3099);
#131=PLANE('',#3100);
#132=PLANE('',#3101);
#133=PLANE('',#3102);
#134=PLANE('',#3103);
#135=PLANE('',#3104);
#136=PLANE('',#3105);
#137=PLANE('',#3106);
#138=PLANE('',#3107);
#139=PLANE('',#3108);
#140=PLANE('',#3109);
#141=PLANE('',#3110);
#142=PLANE('',#3111);
#143=PLANE('',#3112);
#144=PLANE('',#3113);
#145=PLANE('',#3116);
#146=PLANE('',#3117);
#147=PLANE('',#3118);
#148=PLANE('',#3119);
#149=PLANE('',#3120);
#150=PLANE('',#3121);
#151=PLANE('',#3122);
#152=PLANE('',#3123);
#153=PLANE('',#3124);
#154=PLANE('',#3125);
#155=PLANE('',#3126);
#156=PLANE('',#3128);
#157=PLANE('',#3129);
#158=PLANE('',#3130);
#159=PLANE('',#3132);
#160=PLANE('',#3133);
#161=PLANE('',#3134);
#162=PLANE('',#3136);
#163=PLANE('',#3137);
#164=PLANE('',#3138);
#165=FACE_OUTER_BOUND('',#307,.T.);
#166=FACE_OUTER_BOUND('',#308,.T.);
#167=FACE_OUTER_BOUND('',#309,.T.);
#168=FACE_OUTER_BOUND('',#310,.T.);
#169=FACE_OUTER_BOUND('',#311,.T.);
#170=FACE_OUTER_BOUND('',#312,.T.);
#171=FACE_OUTER_BOUND('',#313,.T.);
#172=FACE_OUTER_BOUND('',#314,.T.);
#173=FACE_OUTER_BOUND('',#315,.T.);
#174=FACE_OUTER_BOUND('',#316,.T.);
#175=FACE_OUTER_BOUND('',#317,.T.);
#176=FACE_OUTER_BOUND('',#318,.T.);
#177=FACE_OUTER_BOUND('',#319,.T.);
#178=FACE_OUTER_BOUND('',#320,.T.);
#179=FACE_OUTER_BOUND('',#321,.T.);
#180=FACE_OUTER_BOUND('',#322,.T.);
#181=FACE_OUTER_BOUND('',#323,.T.);
#182=FACE_OUTER_BOUND('',#324,.T.);
#183=FACE_OUTER_BOUND('',#325,.T.);
#184=FACE_OUTER_BOUND('',#326,.T.);
#185=FACE_OUTER_BOUND('',#327,.T.);
#186=FACE_OUTER_BOUND('',#328,.T.);
#187=FACE_OUTER_BOUND('',#329,.T.);
#188=FACE_OUTER_BOUND('',#330,.T.);
#189=FACE_OUTER_BOUND('',#331,.T.);
#190=FACE_OUTER_BOUND('',#332,.T.);
#191=FACE_OUTER_BOUND('',#333,.T.);
#192=FACE_OUTER_BOUND('',#334,.T.);
#193=FACE_OUTER_BOUND('',#335,.T.);
#194=FACE_OUTER_BOUND('',#336,.T.);
#195=FACE_OUTER_BOUND('',#337,.T.);
#196=FACE_OUTER_BOUND('',#338,.T.);
#197=FACE_OUTER_BOUND('',#339,.T.);
#198=FACE_OUTER_BOUND('',#340,.T.);
#199=FACE_OUTER_BOUND('',#341,.T.);
#200=FACE_OUTER_BOUND('',#346,.T.);
#201=FACE_OUTER_BOUND('',#347,.T.);
#202=FACE_OUTER_BOUND('',#348,.T.);
#203=FACE_OUTER_BOUND('',#349,.T.);
#204=FACE_OUTER_BOUND('',#350,.T.);
#205=FACE_OUTER_BOUND('',#351,.T.);
#206=FACE_OUTER_BOUND('',#352,.T.);
#207=FACE_OUTER_BOUND('',#353,.T.);
#208=FACE_OUTER_BOUND('',#354,.T.);
#209=FACE_OUTER_BOUND('',#355,.T.);
#210=FACE_OUTER_BOUND('',#356,.T.);
#211=FACE_OUTER_BOUND('',#357,.T.);
#212=FACE_OUTER_BOUND('',#358,.T.);
#213=FACE_OUTER_BOUND('',#359,.T.);
#214=FACE_OUTER_BOUND('',#360,.T.);
#215=FACE_OUTER_BOUND('',#361,.T.);
#216=FACE_OUTER_BOUND('',#362,.T.);
#217=FACE_OUTER_BOUND('',#363,.T.);
#218=FACE_OUTER_BOUND('',#364,.T.);
#219=FACE_OUTER_BOUND('',#365,.T.);
#220=FACE_OUTER_BOUND('',#366,.T.);
#221=FACE_OUTER_BOUND('',#367,.T.);
#222=FACE_OUTER_BOUND('',#368,.T.);
#223=FACE_OUTER_BOUND('',#369,.T.);
#224=FACE_OUTER_BOUND('',#370,.T.);
#225=FACE_OUTER_BOUND('',#371,.T.);
#226=FACE_OUTER_BOUND('',#372,.T.);
#227=FACE_OUTER_BOUND('',#373,.T.);
#228=FACE_OUTER_BOUND('',#374,.T.);
#229=FACE_OUTER_BOUND('',#375,.T.);
#230=FACE_OUTER_BOUND('',#376,.T.);
#231=FACE_OUTER_BOUND('',#377,.T.);
#232=FACE_OUTER_BOUND('',#378,.T.);
#233=FACE_OUTER_BOUND('',#379,.T.);
#234=FACE_OUTER_BOUND('',#380,.T.);
#235=FACE_OUTER_BOUND('',#381,.T.);
#236=FACE_OUTER_BOUND('',#382,.T.);
#237=FACE_OUTER_BOUND('',#383,.T.);
#238=FACE_OUTER_BOUND('',#384,.T.);
#239=FACE_OUTER_BOUND('',#385,.T.);
#240=FACE_OUTER_BOUND('',#386,.T.);
#241=FACE_OUTER_BOUND('',#387,.T.);
#242=FACE_OUTER_BOUND('',#388,.T.);
#243=FACE_OUTER_BOUND('',#389,.T.);
#244=FACE_OUTER_BOUND('',#390,.T.);
#245=FACE_OUTER_BOUND('',#391,.T.);
#246=FACE_OUTER_BOUND('',#392,.T.);
#247=FACE_OUTER_BOUND('',#393,.T.);
#248=FACE_OUTER_BOUND('',#394,.T.);
#249=FACE_OUTER_BOUND('',#395,.T.);
#250=FACE_OUTER_BOUND('',#396,.T.);
#251=FACE_OUTER_BOUND('',#397,.T.);
#252=FACE_OUTER_BOUND('',#398,.T.);
#253=FACE_OUTER_BOUND('',#399,.T.);
#254=FACE_OUTER_BOUND('',#400,.T.);
#255=FACE_OUTER_BOUND('',#401,.T.);
#256=FACE_OUTER_BOUND('',#402,.T.);
#257=FACE_OUTER_BOUND('',#403,.T.);
#258=FACE_OUTER_BOUND('',#404,.T.);
#259=FACE_OUTER_BOUND('',#405,.T.);
#260=FACE_OUTER_BOUND('',#406,.T.);
#261=FACE_OUTER_BOUND('',#407,.T.);
#262=FACE_OUTER_BOUND('',#408,.T.);
#263=FACE_OUTER_BOUND('',#409,.T.);
#264=FACE_OUTER_BOUND('',#410,.T.);
#265=FACE_OUTER_BOUND('',#411,.T.);
#266=FACE_OUTER_BOUND('',#412,.T.);
#267=FACE_OUTER_BOUND('',#413,.T.);
#268=FACE_OUTER_BOUND('',#414,.T.);
#269=FACE_OUTER_BOUND('',#415,.T.);
#270=FACE_OUTER_BOUND('',#416,.T.);
#271=FACE_OUTER_BOUND('',#417,.T.);
#272=FACE_OUTER_BOUND('',#418,.T.);
#273=FACE_OUTER_BOUND('',#419,.T.);
#274=FACE_OUTER_BOUND('',#420,.T.);
#275=FACE_OUTER_BOUND('',#421,.T.);
#276=FACE_OUTER_BOUND('',#422,.T.);
#277=FACE_OUTER_BOUND('',#423,.T.);
#278=FACE_OUTER_BOUND('',#424,.T.);
#279=FACE_OUTER_BOUND('',#425,.T.);
#280=FACE_OUTER_BOUND('',#426,.T.);
#281=FACE_OUTER_BOUND('',#427,.T.);
#282=FACE_OUTER_BOUND('',#428,.T.);
#283=FACE_OUTER_BOUND('',#429,.T.);
#284=FACE_OUTER_BOUND('',#430,.T.);
#285=FACE_OUTER_BOUND('',#431,.T.);
#286=FACE_OUTER_BOUND('',#432,.T.);
#287=FACE_OUTER_BOUND('',#433,.T.);
#288=FACE_OUTER_BOUND('',#434,.T.);
#289=FACE_OUTER_BOUND('',#435,.T.);
#290=FACE_OUTER_BOUND('',#436,.T.);
#291=FACE_OUTER_BOUND('',#437,.T.);
#292=FACE_OUTER_BOUND('',#438,.T.);
#293=FACE_OUTER_BOUND('',#439,.T.);
#294=FACE_OUTER_BOUND('',#441,.T.);
#295=FACE_OUTER_BOUND('',#442,.T.);
#296=FACE_OUTER_BOUND('',#443,.T.);
#297=FACE_OUTER_BOUND('',#445,.T.);
#298=FACE_OUTER_BOUND('',#446,.T.);
#299=FACE_OUTER_BOUND('',#447,.T.);
#300=FACE_OUTER_BOUND('',#449,.T.);
#301=FACE_OUTER_BOUND('',#450,.T.);
#302=FACE_OUTER_BOUND('',#451,.T.);
#303=FACE_OUTER_BOUND('',#453,.T.);
#304=FACE_OUTER_BOUND('',#454,.T.);
#305=FACE_OUTER_BOUND('',#455,.T.);
#306=FACE_OUTER_BOUND('',#456,.T.);
#307=EDGE_LOOP('',(#1973,#1974,#1975,#1976));
#308=EDGE_LOOP('',(#1977,#1978,#1979,#1980));
#309=EDGE_LOOP('',(#1981,#1982,#1983,#1984));
#310=EDGE_LOOP('',(#1985,#1986,#1987,#1988));
#311=EDGE_LOOP('',(#1989,#1990,#1991,#1992));
#312=EDGE_LOOP('',(#1993,#1994,#1995,#1996));
#313=EDGE_LOOP('',(#1997,#1998,#1999,#2000,#2001,#2002));
#314=EDGE_LOOP('',(#2003,#2004,#2005,#2006,#2007,#2008,#2009,#2010));
#315=EDGE_LOOP('',(#2011,#2012,#2013,#2014));
#316=EDGE_LOOP('',(#2015,#2016,#2017,#2018));
#317=EDGE_LOOP('',(#2019,#2020,#2021,#2022));
#318=EDGE_LOOP('',(#2023,#2024,#2025,#2026));
#319=EDGE_LOOP('',(#2027,#2028,#2029,#2030));
#320=EDGE_LOOP('',(#2031,#2032,#2033,#2034));
#321=EDGE_LOOP('',(#2035,#2036,#2037,#2038));
#322=EDGE_LOOP('',(#2039,#2040,#2041,#2042));
#323=EDGE_LOOP('',(#2043,#2044,#2045,#2046));
#324=EDGE_LOOP('',(#2047,#2048,#2049,#2050));
#325=EDGE_LOOP('',(#2051,#2052,#2053,#2054));
#326=EDGE_LOOP('',(#2055,#2056,#2057,#2058));
#327=EDGE_LOOP('',(#2059,#2060,#2061,#2062));
#328=EDGE_LOOP('',(#2063,#2064,#2065,#2066));
#329=EDGE_LOOP('',(#2067,#2068,#2069,#2070));
#330=EDGE_LOOP('',(#2071,#2072,#2073,#2074));
#331=EDGE_LOOP('',(#2075,#2076,#2077,#2078));
#332=EDGE_LOOP('',(#2079,#2080,#2081,#2082));
#333=EDGE_LOOP('',(#2083,#2084,#2085,#2086));
#334=EDGE_LOOP('',(#2087,#2088,#2089,#2090));
#335=EDGE_LOOP('',(#2091,#2092,#2093,#2094));
#336=EDGE_LOOP('',(#2095,#2096,#2097,#2098));
#337=EDGE_LOOP('',(#2099,#2100,#2101,#2102,#2103,#2104,#2105,#2106));
#338=EDGE_LOOP('',(#2107,#2108,#2109,#2110,#2111,#2112));
#339=EDGE_LOOP('',(#2113,#2114,#2115,#2116));
#340=EDGE_LOOP('',(#2117,#2118,#2119,#2120,#2121,#2122,#2123,#2124));
#341=EDGE_LOOP('',(#2125,#2126,#2127,#2128));
#342=EDGE_LOOP('',(#2129));
#343=EDGE_LOOP('',(#2130));
#344=EDGE_LOOP('',(#2131));
#345=EDGE_LOOP('',(#2132));
#346=EDGE_LOOP('',(#2133,#2134,#2135,#2136,#2137,#2138,#2139,#2140));
#347=EDGE_LOOP('',(#2141,#2142,#2143,#2144));
#348=EDGE_LOOP('',(#2145,#2146,#2147,#2148,#2149,#2150,#2151,#2152,#2153,
#2154,#2155,#2156,#2157,#2158,#2159,#2160,#2161,#2162,#2163,#2164,#2165,
#2166,#2167,#2168,#2169,#2170,#2171,#2172,#2173,#2174,#2175,#2176,#2177,
#2178,#2179,#2180,#2181,#2182,#2183,#2184,#2185,#2186,#2187,#2188,#2189,
#2190,#2191,#2192,#2193,#2194,#2195,#2196,#2197,#2198,#2199,#2200,#2201,
#2202,#2203,#2204,#2205,#2206,#2207,#2208,#2209,#2210,#2211,#2212,#2213,
#2214,#2215,#2216,#2217,#2218,#2219,#2220,#2221,#2222,#2223,#2224,#2225,
#2226,#2227,#2228,#2229,#2230,#2231,#2232,#2233,#2234,#2235,#2236,#2237,
#2238,#2239,#2240,#2241,#2242,#2243,#2244));
#349=EDGE_LOOP('',(#2245,#2246,#2247,#2248,#2249,#2250,#2251,#2252,#2253,
#2254,#2255,#2256,#2257,#2258,#2259,#2260,#2261,#2262,#2263,#2264,#2265,
#2266,#2267,#2268,#2269,#2270,#2271,#2272,#2273,#2274,#2275,#2276,#2277,
#2278,#2279,#2280,#2281,#2282,#2283,#2284,#2285,#2286,#2287,#2288,#2289,
#2290,#2291,#2292,#2293,#2294,#2295,#2296,#2297,#2298,#2299,#2300,#2301,
#2302,#2303,#2304,#2305,#2306,#2307,#2308,#2309,#2310,#2311,#2312,#2313,
#2314,#2315,#2316,#2317,#2318,#2319,#2320,#2321,#2322,#2323,#2324,#2325,
#2326,#2327,#2328,#2329,#2330,#2331,#2332,#2333,#2334,#2335,#2336,#2337,
#2338,#2339,#2340,#2341,#2342,#2343,#2344));
#350=EDGE_LOOP('',(#2345,#2346,#2347,#2348));
#351=EDGE_LOOP('',(#2349,#2350,#2351,#2352));
#352=EDGE_LOOP('',(#2353,#2354,#2355,#2356));
#353=EDGE_LOOP('',(#2357,#2358,#2359,#2360));
#354=EDGE_LOOP('',(#2361,#2362,#2363,#2364));
#355=EDGE_LOOP('',(#2365,#2366,#2367,#2368));
#356=EDGE_LOOP('',(#2369,#2370,#2371,#2372));
#357=EDGE_LOOP('',(#2373,#2374,#2375,#2376));
#358=EDGE_LOOP('',(#2377,#2378,#2379,#2380));
#359=EDGE_LOOP('',(#2381,#2382,#2383,#2384));
#360=EDGE_LOOP('',(#2385,#2386,#2387,#2388));
#361=EDGE_LOOP('',(#2389,#2390,#2391,#2392));
#362=EDGE_LOOP('',(#2393,#2394,#2395,#2396));
#363=EDGE_LOOP('',(#2397,#2398,#2399,#2400));
#364=EDGE_LOOP('',(#2401,#2402,#2403,#2404));
#365=EDGE_LOOP('',(#2405,#2406,#2407,#2408));
#366=EDGE_LOOP('',(#2409,#2410,#2411,#2412));
#367=EDGE_LOOP('',(#2413,#2414,#2415,#2416));
#368=EDGE_LOOP('',(#2417,#2418,#2419,#2420));
#369=EDGE_LOOP('',(#2421,#2422,#2423,#2424));
#370=EDGE_LOOP('',(#2425,#2426,#2427,#2428));
#371=EDGE_LOOP('',(#2429,#2430,#2431,#2432));
#372=EDGE_LOOP('',(#2433,#2434,#2435,#2436));
#373=EDGE_LOOP('',(#2437,#2438,#2439,#2440));
#374=EDGE_LOOP('',(#2441,#2442,#2443,#2444));
#375=EDGE_LOOP('',(#2445,#2446,#2447,#2448));
#376=EDGE_LOOP('',(#2449,#2450,#2451,#2452));
#377=EDGE_LOOP('',(#2453,#2454,#2455,#2456));
#378=EDGE_LOOP('',(#2457,#2458,#2459,#2460));
#379=EDGE_LOOP('',(#2461,#2462,#2463,#2464));
#380=EDGE_LOOP('',(#2465,#2466,#2467,#2468));
#381=EDGE_LOOP('',(#2469,#2470,#2471,#2472));
#382=EDGE_LOOP('',(#2473,#2474,#2475,#2476));
#383=EDGE_LOOP('',(#2477,#2478,#2479,#2480));
#384=EDGE_LOOP('',(#2481,#2482,#2483,#2484));
#385=EDGE_LOOP('',(#2485,#2486,#2487,#2488));
#386=EDGE_LOOP('',(#2489,#2490,#2491,#2492));
#387=EDGE_LOOP('',(#2493,#2494,#2495,#2496));
#388=EDGE_LOOP('',(#2497,#2498,#2499,#2500));
#389=EDGE_LOOP('',(#2501,#2502,#2503,#2504));
#390=EDGE_LOOP('',(#2505,#2506,#2507,#2508));
#391=EDGE_LOOP('',(#2509,#2510,#2511,#2512));
#392=EDGE_LOOP('',(#2513,#2514,#2515,#2516));
#393=EDGE_LOOP('',(#2517,#2518,#2519,#2520));
#394=EDGE_LOOP('',(#2521,#2522,#2523,#2524));
#395=EDGE_LOOP('',(#2525,#2526,#2527,#2528));
#396=EDGE_LOOP('',(#2529,#2530,#2531,#2532));
#397=EDGE_LOOP('',(#2533,#2534,#2535,#2536));
#398=EDGE_LOOP('',(#2537,#2538,#2539,#2540));
#399=EDGE_LOOP('',(#2541,#2542,#2543,#2544));
#400=EDGE_LOOP('',(#2545,#2546,#2547,#2548));
#401=EDGE_LOOP('',(#2549,#2550,#2551,#2552));
#402=EDGE_LOOP('',(#2553,#2554,#2555,#2556));
#403=EDGE_LOOP('',(#2557,#2558,#2559,#2560));
#404=EDGE_LOOP('',(#2561,#2562,#2563,#2564));
#405=EDGE_LOOP('',(#2565,#2566,#2567,#2568));
#406=EDGE_LOOP('',(#2569,#2570,#2571,#2572));
#407=EDGE_LOOP('',(#2573,#2574,#2575,#2576));
#408=EDGE_LOOP('',(#2577,#2578,#2579,#2580));
#409=EDGE_LOOP('',(#2581,#2582,#2583,#2584));
#410=EDGE_LOOP('',(#2585,#2586,#2587,#2588));
#411=EDGE_LOOP('',(#2589,#2590,#2591,#2592));
#412=EDGE_LOOP('',(#2593,#2594,#2595,#2596));
#413=EDGE_LOOP('',(#2597,#2598,#2599,#2600));
#414=EDGE_LOOP('',(#2601,#2602,#2603,#2604));
#415=EDGE_LOOP('',(#2605,#2606,#2607,#2608));
#416=EDGE_LOOP('',(#2609,#2610,#2611,#2612));
#417=EDGE_LOOP('',(#2613,#2614,#2615,#2616));
#418=EDGE_LOOP('',(#2617,#2618,#2619,#2620));
#419=EDGE_LOOP('',(#2621,#2622,#2623,#2624));
#420=EDGE_LOOP('',(#2625,#2626,#2627,#2628));
#421=EDGE_LOOP('',(#2629,#2630,#2631,#2632));
#422=EDGE_LOOP('',(#2633,#2634,#2635,#2636));
#423=EDGE_LOOP('',(#2637,#2638,#2639,#2640));
#424=EDGE_LOOP('',(#2641,#2642,#2643,#2644));
#425=EDGE_LOOP('',(#2645,#2646,#2647,#2648));
#426=EDGE_LOOP('',(#2649,#2650,#2651,#2652));
#427=EDGE_LOOP('',(#2653,#2654,#2655,#2656));
#428=EDGE_LOOP('',(#2657,#2658,#2659,#2660));
#429=EDGE_LOOP('',(#2661,#2662,#2663,#2664));
#430=EDGE_LOOP('',(#2665,#2666,#2667,#2668));
#431=EDGE_LOOP('',(#2669,#2670,#2671,#2672));
#432=EDGE_LOOP('',(#2673,#2674,#2675,#2676));
#433=EDGE_LOOP('',(#2677,#2678,#2679,#2680));
#434=EDGE_LOOP('',(#2681,#2682,#2683,#2684));
#435=EDGE_LOOP('',(#2685,#2686,#2687,#2688));
#436=EDGE_LOOP('',(#2689,#2690,#2691,#2692));
#437=EDGE_LOOP('',(#2693,#2694,#2695,#2696));
#438=EDGE_LOOP('',(#2697,#2698,#2699,#2700,#2701,#2702,#2703,#2704,#2705,
#2706,#2707,#2708));
#439=EDGE_LOOP('',(#2709,#2710,#2711,#2712,#2713));
#440=EDGE_LOOP('',(#2714));
#441=EDGE_LOOP('',(#2715,#2716,#2717,#2718));
#442=EDGE_LOOP('',(#2719,#2720,#2721,#2722,#2723,#2724,#2725,#2726,#2727,
#2728,#2729,#2730));
#443=EDGE_LOOP('',(#2731,#2732,#2733,#2734,#2735));
#444=EDGE_LOOP('',(#2736));
#445=EDGE_LOOP('',(#2737,#2738,#2739,#2740));
#446=EDGE_LOOP('',(#2741,#2742,#2743,#2744,#2745,#2746,#2747,#2748,#2749,
#2750,#2751,#2752));
#447=EDGE_LOOP('',(#2753,#2754,#2755,#2756,#2757));
#448=EDGE_LOOP('',(#2758));
#449=EDGE_LOOP('',(#2759,#2760,#2761,#2762));
#450=EDGE_LOOP('',(#2763,#2764,#2765,#2766,#2767,#2768,#2769,#2770,#2771,
#2772,#2773,#2774));
#451=EDGE_LOOP('',(#2775,#2776,#2777,#2778,#2779));
#452=EDGE_LOOP('',(#2780));
#453=EDGE_LOOP('',(#2781,#2782,#2783,#2784,#2785,#2786,#2787,#2788));
#454=EDGE_LOOP('',(#2789,#2790,#2791,#2792,#2793,#2794,#2795,#2796));
#455=EDGE_LOOP('',(#2797,#2798,#2799,#2800,#2801,#2802,#2803,#2804));
#456=EDGE_LOOP('',(#2805,#2806,#2807,#2808,#2809,#2810,#2811,#2812));
#457=LINE('',#3888,#853);
#458=LINE('',#3894,#854);
#459=LINE('',#3900,#855);
#460=LINE('',#3906,#856);
#461=LINE('',#3911,#857);
#462=LINE('',#3913,#858);
#463=LINE('',#3915,#859);
#464=LINE('',#3916,#860);
#465=LINE('',#3920,#861);
#466=LINE('',#3922,#862);
#467=LINE('',#3924,#863);
#468=LINE('',#3925,#864);
#469=LINE('',#3929,#865);
#470=LINE('',#3931,#866);
#471=LINE('',#3935,#867);
#472=LINE('',#3938,#868);
#473=LINE('',#3942,#869);
#474=LINE('',#3946,#870);
#475=LINE('',#3948,#871);
#476=LINE('',#3950,#872);
#477=LINE('',#3952,#873);
#478=LINE('',#3954,#874);
#479=LINE('',#3959,#875);
#480=LINE('',#3961,#876);
#481=LINE('',#3963,#877);
#482=LINE('',#3964,#878);
#483=LINE('',#3968,#879);
#484=LINE('',#3970,#880);
#485=LINE('',#3972,#881);
#486=LINE('',#3973,#882);
#487=LINE('',#3977,#883);
#488=LINE('',#3979,#884);
#489=LINE('',#3981,#885);
#490=LINE('',#3982,#886);
#491=LINE('',#3986,#887);
#492=LINE('',#3988,#888);
#493=LINE('',#3990,#889);
#494=LINE('',#3991,#890);
#495=LINE('',#3995,#891);
#496=LINE('',#3997,#892);
#497=LINE('',#3999,#893);
#498=LINE('',#4000,#894);
#499=LINE('',#4004,#895);
#500=LINE('',#4006,#896);
#501=LINE('',#4008,#897);
#502=LINE('',#4009,#898);
#503=LINE('',#4013,#899);
#504=LINE('',#4015,#900);
#505=LINE('',#4017,#901);
#506=LINE('',#4018,#902);
#507=LINE('',#4022,#903);
#508=LINE('',#4024,#904);
#509=LINE('',#4026,#905);
#510=LINE('',#4027,#906);
#511=LINE('',#4031,#907);
#512=LINE('',#4033,#908);
#513=LINE('',#4035,#909);
#514=LINE('',#4036,#910);
#515=LINE('',#4040,#911);
#516=LINE('',#4042,#912);
#517=LINE('',#4044,#913);
#518=LINE('',#4045,#914);
#519=LINE('',#4049,#915);
#520=LINE('',#4051,#916);
#521=LINE('',#4053,#917);
#522=LINE('',#4054,#918);
#523=LINE('',#4058,#919);
#524=LINE('',#4060,#920);
#525=LINE('',#4062,#921);
#526=LINE('',#4063,#922);
#527=LINE('',#4067,#923);
#528=LINE('',#4069,#924);
#529=LINE('',#4071,#925);
#530=LINE('',#4072,#926);
#531=LINE('',#4076,#927);
#532=LINE('',#4078,#928);
#533=LINE('',#4080,#929);
#534=LINE('',#4081,#930);
#535=LINE('',#4085,#931);
#536=LINE('',#4087,#932);
#537=LINE('',#4089,#933);
#538=LINE('',#4090,#934);
#539=LINE('',#4094,#935);
#540=LINE('',#4096,#936);
#541=LINE('',#4098,#937);
#542=LINE('',#4099,#938);
#543=LINE('',#4103,#939);
#544=LINE('',#4105,#940);
#545=LINE('',#4107,#941);
#546=LINE('',#4108,#942);
#547=LINE('',#4112,#943);
#548=LINE('',#4114,#944);
#549=LINE('',#4116,#945);
#550=LINE('',#4117,#946);
#551=LINE('',#4121,#947);
#552=LINE('',#4123,#948);
#553=LINE('',#4125,#949);
#554=LINE('',#4126,#950);
#555=LINE('',#4130,#951);
#556=LINE('',#4132,#952);
#557=LINE('',#4134,#953);
#558=LINE('',#4135,#954);
#559=LINE('',#4139,#955);
#560=LINE('',#4141,#956);
#561=LINE('',#4143,#957);
#562=LINE('',#4144,#958);
#563=LINE('',#4148,#959);
#564=LINE('',#4150,#960);
#565=LINE('',#4152,#961);
#566=LINE('',#4153,#962);
#567=LINE('',#4157,#963);
#568=LINE('',#4161,#964);
#569=LINE('',#4163,#965);
#570=LINE('',#4165,#966);
#571=LINE('',#4167,#967);
#572=LINE('',#4169,#968);
#573=LINE('',#4174,#969);
#574=LINE('',#4176,#970);
#575=LINE('',#4180,#971);
#576=LINE('',#4183,#972);
#577=LINE('',#4187,#973);
#578=LINE('',#4189,#974);
#579=LINE('',#4191,#975);
#580=LINE('',#4192,#976);
#581=LINE('',#4196,#977);
#582=LINE('',#4198,#978);
#583=LINE('',#4200,#979);
#584=LINE('',#4202,#980);
#585=LINE('',#4204,#981);
#586=LINE('',#4206,#982);
#587=LINE('',#4208,#983);
#588=LINE('',#4209,#984);
#589=LINE('',#4212,#985);
#590=LINE('',#4214,#986);
#591=LINE('',#4215,#987);
#592=LINE('',#4219,#988);
#593=LINE('',#4220,#989);
#594=LINE('',#4222,#990);
#595=LINE('',#4224,#991);
#596=LINE('',#4225,#992);
#597=LINE('',#4226,#993);
#598=LINE('',#4229,#994);
#599=LINE('',#4231,#995);
#600=LINE('',#4232,#996);
#601=LINE('',#4235,#997);
#602=LINE('',#4236,#998);
#603=LINE('',#4238,#999);
#604=LINE('',#4240,#1000);
#605=LINE('',#4241,#1001);
#606=LINE('',#4243,#1002);
#607=LINE('',#4245,#1003);
#608=LINE('',#4246,#1004);
#609=LINE('',#4248,#1005);
#610=LINE('',#4250,#1006);
#611=LINE('',#4251,#1007);
#612=LINE('',#4253,#1008);
#613=LINE('',#4255,#1009);
#614=LINE('',#4256,#1010);
#615=LINE('',#4258,#1011);
#616=LINE('',#4260,#1012);
#617=LINE('',#4261,#1013);
#618=LINE('',#4263,#1014);
#619=LINE('',#4265,#1015);
#620=LINE('',#4266,#1016);
#621=LINE('',#4268,#1017);
#622=LINE('',#4270,#1018);
#623=LINE('',#4271,#1019);
#624=LINE('',#4273,#1020);
#625=LINE('',#4275,#1021);
#626=LINE('',#4276,#1022);
#627=LINE('',#4278,#1023);
#628=LINE('',#4280,#1024);
#629=LINE('',#4281,#1025);
#630=LINE('',#4283,#1026);
#631=LINE('',#4285,#1027);
#632=LINE('',#4286,#1028);
#633=LINE('',#4288,#1029);
#634=LINE('',#4290,#1030);
#635=LINE('',#4291,#1031);
#636=LINE('',#4293,#1032);
#637=LINE('',#4295,#1033);
#638=LINE('',#4296,#1034);
#639=LINE('',#4298,#1035);
#640=LINE('',#4300,#1036);
#641=LINE('',#4301,#1037);
#642=LINE('',#4303,#1038);
#643=LINE('',#4305,#1039);
#644=LINE('',#4306,#1040);
#645=LINE('',#4308,#1041);
#646=LINE('',#4310,#1042);
#647=LINE('',#4311,#1043);
#648=LINE('',#4313,#1044);
#649=LINE('',#4315,#1045);
#650=LINE('',#4316,#1046);
#651=LINE('',#4318,#1047);
#652=LINE('',#4320,#1048);
#653=LINE('',#4321,#1049);
#654=LINE('',#4323,#1050);
#655=LINE('',#4325,#1051);
#656=LINE('',#4326,#1052);
#657=LINE('',#4328,#1053);
#658=LINE('',#4330,#1054);
#659=LINE('',#4331,#1055);
#660=LINE('',#4333,#1056);
#661=LINE('',#4335,#1057);
#662=LINE('',#4336,#1058);
#663=LINE('',#4338,#1059);
#664=LINE('',#4340,#1060);
#665=LINE('',#4341,#1061);
#666=LINE('',#4343,#1062);
#667=LINE('',#4345,#1063);
#668=LINE('',#4346,#1064);
#669=LINE('',#4348,#1065);
#670=LINE('',#4350,#1066);
#671=LINE('',#4351,#1067);
#672=LINE('',#4353,#1068);
#673=LINE('',#4354,#1069);
#674=LINE('',#4357,#1070);
#675=LINE('',#4358,#1071);
#676=LINE('',#4360,#1072);
#677=LINE('',#4361,#1073);
#678=LINE('',#4363,#1074);
#679=LINE('',#4365,#1075);
#680=LINE('',#4366,#1076);
#681=LINE('',#4368,#1077);
#682=LINE('',#4370,#1078);
#683=LINE('',#4371,#1079);
#684=LINE('',#4373,#1080);
#685=LINE('',#4375,#1081);
#686=LINE('',#4376,#1082);
#687=LINE('',#4378,#1083);
#688=LINE('',#4380,#1084);
#689=LINE('',#4381,#1085);
#690=LINE('',#4383,#1086);
#691=LINE('',#4385,#1087);
#692=LINE('',#4386,#1088);
#693=LINE('',#4388,#1089);
#694=LINE('',#4390,#1090);
#695=LINE('',#4391,#1091);
#696=LINE('',#4393,#1092);
#697=LINE('',#4395,#1093);
#698=LINE('',#4396,#1094);
#699=LINE('',#4398,#1095);
#700=LINE('',#4400,#1096);
#701=LINE('',#4401,#1097);
#702=LINE('',#4403,#1098);
#703=LINE('',#4405,#1099);
#704=LINE('',#4406,#1100);
#705=LINE('',#4408,#1101);
#706=LINE('',#4410,#1102);
#707=LINE('',#4411,#1103);
#708=LINE('',#4413,#1104);
#709=LINE('',#4415,#1105);
#710=LINE('',#4416,#1106);
#711=LINE('',#4418,#1107);
#712=LINE('',#4420,#1108);
#713=LINE('',#4421,#1109);
#714=LINE('',#4423,#1110);
#715=LINE('',#4425,#1111);
#716=LINE('',#4426,#1112);
#717=LINE('',#4428,#1113);
#718=LINE('',#4430,#1114);
#719=LINE('',#4431,#1115);
#720=LINE('',#4433,#1116);
#721=LINE('',#4435,#1117);
#722=LINE('',#4436,#1118);
#723=LINE('',#4438,#1119);
#724=LINE('',#4440,#1120);
#725=LINE('',#4441,#1121);
#726=LINE('',#4443,#1122);
#727=LINE('',#4445,#1123);
#728=LINE('',#4446,#1124);
#729=LINE('',#4448,#1125);
#730=LINE('',#4450,#1126);
#731=LINE('',#4451,#1127);
#732=LINE('',#4453,#1128);
#733=LINE('',#4455,#1129);
#734=LINE('',#4456,#1130);
#735=LINE('',#4458,#1131);
#736=LINE('',#4460,#1132);
#737=LINE('',#4461,#1133);
#738=LINE('',#4463,#1134);
#739=LINE('',#4465,#1135);
#740=LINE('',#4466,#1136);
#741=LINE('',#4468,#1137);
#742=LINE('',#4470,#1138);
#743=LINE('',#4471,#1139);
#744=LINE('',#4473,#1140);
#745=LINE('',#4475,#1141);
#746=LINE('',#4476,#1142);
#747=LINE('',#4480,#1143);
#748=LINE('',#4482,#1144);
#749=LINE('',#4484,#1145);
#750=LINE('',#4485,#1146);
#751=LINE('',#4487,#1147);
#752=LINE('',#4488,#1148);
#753=LINE('',#4490,#1149);
#754=LINE('',#4491,#1150);
#755=LINE('',#4495,#1151);
#756=LINE('',#4497,#1152);
#757=LINE('',#4499,#1153);
#758=LINE('',#4500,#1154);
#759=LINE('',#4502,#1155);
#760=LINE('',#4503,#1156);
#761=LINE('',#4505,#1157);
#762=LINE('',#4506,#1158);
#763=LINE('',#4510,#1159);
#764=LINE('',#4514,#1160);
#765=LINE('',#4517,#1161);
#766=LINE('',#4518,#1162);
#767=LINE('',#4520,#1163);
#768=LINE('',#4521,#1164);
#769=LINE('',#4523,#1165);
#770=LINE('',#4524,#1166);
#771=LINE('',#4528,#1167);
#772=LINE('',#4529,#1168);
#773=LINE('',#4533,#1169);
#774=LINE('',#4534,#1170);
#775=LINE('',#4538,#1171);
#776=LINE('',#4539,#1172);
#777=LINE('',#4543,#1173);
#778=LINE('',#4544,#1174);
#779=LINE('',#4548,#1175);
#780=LINE('',#4549,#1176);
#781=LINE('',#4553,#1177);
#782=LINE('',#4554,#1178);
#783=LINE('',#4558,#1179);
#784=LINE('',#4559,#1180);
#785=LINE('',#4563,#1181);
#786=LINE('',#4564,#1182);
#787=LINE('',#4568,#1183);
#788=LINE('',#4569,#1184);
#789=LINE('',#4573,#1185);
#790=LINE('',#4574,#1186);
#791=LINE('',#4578,#1187);
#792=LINE('',#4579,#1188);
#793=LINE('',#4583,#1189);
#794=LINE('',#4584,#1190);
#795=LINE('',#4588,#1191);
#796=LINE('',#4589,#1192);
#797=LINE('',#4593,#1193);
#798=LINE('',#4594,#1194);
#799=LINE('',#4598,#1195);
#800=LINE('',#4599,#1196);
#801=LINE('',#4603,#1197);
#802=LINE('',#4604,#1198);
#803=LINE('',#4608,#1199);
#804=LINE('',#4609,#1200);
#805=LINE('',#4613,#1201);
#806=LINE('',#4614,#1202);
#807=LINE('',#4618,#1203);
#808=LINE('',#4619,#1204);
#809=LINE('',#4623,#1205);
#810=LINE('',#4624,#1206);
#811=LINE('',#4628,#1207);
#812=LINE('',#4629,#1208);
#813=LINE('',#4633,#1209);
#814=LINE('',#4634,#1210);
#815=LINE('',#4640,#1211);
#816=LINE('',#4644,#1212);
#817=LINE('',#4647,#1213);
#818=LINE('',#4648,#1214);
#819=LINE('',#4650,#1215);
#820=LINE('',#4651,#1216);
#821=LINE('',#4655,#1217);
#822=LINE('',#4657,#1218);
#823=LINE('',#4659,#1219);
#824=LINE('',#4660,#1220);
#825=LINE('',#4662,#1221);
#826=LINE('',#4663,#1222);
#827=LINE('',#4665,#1223);
#828=LINE('',#4666,#1224);
#829=LINE('',#4670,#1225);
#830=LINE('',#4672,#1226);
#831=LINE('',#4674,#1227);
#832=LINE('',#4675,#1228);
#833=LINE('',#4677,#1229);
#834=LINE('',#4678,#1230);
#835=LINE('',#4680,#1231);
#836=LINE('',#4681,#1232);
#837=LINE('',#4684,#1233);
#838=LINE('',#4685,#1234);
#839=LINE('',#4688,#1235);
#840=LINE('',#4689,#1236);
#841=LINE('',#4694,#1237);
#842=LINE('',#4695,#1238);
#843=LINE('',#4698,#1239);
#844=LINE('',#4699,#1240);
#845=LINE('',#4704,#1241);
#846=LINE('',#4705,#1242);
#847=LINE('',#4708,#1243);
#848=LINE('',#4709,#1244);
#849=LINE('',#4714,#1245);
#850=LINE('',#4715,#1246);
#851=LINE('',#4718,#1247);
#852=LINE('',#4719,#1248);
#853=VECTOR('',#3154,1.6);
#854=VECTOR('',#3161,1.6);
#855=VECTOR('',#3168,1.6);
#856=VECTOR('',#3175,1.6);
#857=VECTOR('',#3180,1000.);
#858=VECTOR('',#3181,1000.);
#859=VECTOR('',#3182,1000.);
#860=VECTOR('',#3183,1000.);
#861=VECTOR('',#3186,1000.);
#862=VECTOR('',#3187,1000.);
#863=VECTOR('',#3188,1000.);
#864=VECTOR('',#3189,1000.);
#865=VECTOR('',#3192,1000.);
#866=VECTOR('',#3193,1000.);
#867=VECTOR('',#3196,1000.);
#868=VECTOR('',#3199,1000.);
#869=VECTOR('',#3202,1000.);
#870=VECTOR('',#3205,1000.);
#871=VECTOR('',#3206,1000.);
#872=VECTOR('',#3207,1000.);
#873=VECTOR('',#3208,1000.);
#874=VECTOR('',#3209,1000.);
#875=VECTOR('',#3214,1000.);
#876=VECTOR('',#3215,1000.);
#877=VECTOR('',#3216,1000.);
#878=VECTOR('',#3217,1000.);
#879=VECTOR('',#3220,1000.);
#880=VECTOR('',#3221,1000.);
#881=VECTOR('',#3222,1000.);
#882=VECTOR('',#3223,1000.);
#883=VECTOR('',#3226,1000.);
#884=VECTOR('',#3227,1000.);
#885=VECTOR('',#3228,1000.);
#886=VECTOR('',#3229,1000.);
#887=VECTOR('',#3232,1000.);
#888=VECTOR('',#3233,1000.);
#889=VECTOR('',#3234,1000.);
#890=VECTOR('',#3235,1000.);
#891=VECTOR('',#3238,1000.);
#892=VECTOR('',#3239,1000.);
#893=VECTOR('',#3240,1000.);
#894=VECTOR('',#3241,1000.);
#895=VECTOR('',#3244,1000.);
#896=VECTOR('',#3245,1000.);
#897=VECTOR('',#3246,1000.);
#898=VECTOR('',#3247,1000.);
#899=VECTOR('',#3250,1000.);
#900=VECTOR('',#3251,1000.);
#901=VECTOR('',#3252,1000.);
#902=VECTOR('',#3253,1000.);
#903=VECTOR('',#3256,1000.);
#904=VECTOR('',#3257,1000.);
#905=VECTOR('',#3258,1000.);
#906=VECTOR('',#3259,1000.);
#907=VECTOR('',#3262,1000.);
#908=VECTOR('',#3263,1000.);
#909=VECTOR('',#3264,1000.);
#910=VECTOR('',#3265,1000.);
#911=VECTOR('',#3268,1000.);
#912=VECTOR('',#3269,1000.);
#913=VECTOR('',#3270,1000.);
#914=VECTOR('',#3271,1000.);
#915=VECTOR('',#3274,1000.);
#916=VECTOR('',#3275,1000.);
#917=VECTOR('',#3276,1000.);
#918=VECTOR('',#3277,1000.);
#919=VECTOR('',#3280,1000.);
#920=VECTOR('',#3281,1000.);
#921=VECTOR('',#3282,1000.);
#922=VECTOR('',#3283,1000.);
#923=VECTOR('',#3286,1000.);
#924=VECTOR('',#3287,1000.);
#925=VECTOR('',#3288,1000.);
#926=VECTOR('',#3289,1000.);
#927=VECTOR('',#3292,1000.);
#928=VECTOR('',#3293,1000.);
#929=VECTOR('',#3294,1000.);
#930=VECTOR('',#3295,1000.);
#931=VECTOR('',#3298,1000.);
#932=VECTOR('',#3299,1000.);
#933=VECTOR('',#3300,1000.);
#934=VECTOR('',#3301,1000.);
#935=VECTOR('',#3304,1000.);
#936=VECTOR('',#3305,1000.);
#937=VECTOR('',#3306,1000.);
#938=VECTOR('',#3307,1000.);
#939=VECTOR('',#3310,1000.);
#940=VECTOR('',#3311,1000.);
#941=VECTOR('',#3312,1000.);
#942=VECTOR('',#3313,1000.);
#943=VECTOR('',#3316,1000.);
#944=VECTOR('',#3317,1000.);
#945=VECTOR('',#3318,1000.);
#946=VECTOR('',#3319,1000.);
#947=VECTOR('',#3322,1000.);
#948=VECTOR('',#3323,1000.);
#949=VECTOR('',#3324,1000.);
#950=VECTOR('',#3325,1000.);
#951=VECTOR('',#3328,1000.);
#952=VECTOR('',#3329,1000.);
#953=VECTOR('',#3330,1000.);
#954=VECTOR('',#3331,1000.);
#955=VECTOR('',#3334,1000.);
#956=VECTOR('',#3335,1000.);
#957=VECTOR('',#3336,1000.);
#958=VECTOR('',#3337,1000.);
#959=VECTOR('',#3340,1000.);
#960=VECTOR('',#3341,1000.);
#961=VECTOR('',#3342,1000.);
#962=VECTOR('',#3343,1000.);
#963=VECTOR('',#3346,1000.);
#964=VECTOR('',#3349,1000.);
#965=VECTOR('',#3350,1000.);
#966=VECTOR('',#3351,1000.);
#967=VECTOR('',#3352,1000.);
#968=VECTOR('',#3353,1000.);
#969=VECTOR('',#3358,1000.);
#970=VECTOR('',#3359,1000.);
#971=VECTOR('',#3362,1000.);
#972=VECTOR('',#3365,1000.);
#973=VECTOR('',#3368,1000.);
#974=VECTOR('',#3369,1000.);
#975=VECTOR('',#3370,1000.);
#976=VECTOR('',#3371,1000.);
#977=VECTOR('',#3374,1000.);
#978=VECTOR('',#3375,1000.);
#979=VECTOR('',#3376,1000.);
#980=VECTOR('',#3377,1000.);
#981=VECTOR('',#3378,1000.);
#982=VECTOR('',#3379,1000.);
#983=VECTOR('',#3380,1000.);
#984=VECTOR('',#3381,1000.);
#985=VECTOR('',#3384,1000.);
#986=VECTOR('',#3385,1000.);
#987=VECTOR('',#3386,1000.);
#988=VECTOR('',#3389,1000.);
#989=VECTOR('',#3390,1000.);
#990=VECTOR('',#3391,1000.);
#991=VECTOR('',#3392,1000.);
#992=VECTOR('',#3393,1000.);
#993=VECTOR('',#3394,1000.);
#994=VECTOR('',#3397,1000.);
#995=VECTOR('',#3398,1000.);
#996=VECTOR('',#3399,1000.);
#997=VECTOR('',#3402,1000.);
#998=VECTOR('',#3403,1000.);
#999=VECTOR('',#3404,1000.);
#1000=VECTOR('',#3405,1000.);
#1001=VECTOR('',#3406,1000.);
#1002=VECTOR('',#3407,1000.);
#1003=VECTOR('',#3408,1000.);
#1004=VECTOR('',#3409,1000.);
#1005=VECTOR('',#3410,1000.);
#1006=VECTOR('',#3411,1000.);
#1007=VECTOR('',#3412,1000.);
#1008=VECTOR('',#3413,1000.);
#1009=VECTOR('',#3414,1000.);
#1010=VECTOR('',#3415,1000.);
#1011=VECTOR('',#3416,1000.);
#1012=VECTOR('',#3417,1000.);
#1013=VECTOR('',#3418,1000.);
#1014=VECTOR('',#3419,1000.);
#1015=VECTOR('',#3420,1000.);
#1016=VECTOR('',#3421,1000.);
#1017=VECTOR('',#3422,1000.);
#1018=VECTOR('',#3423,1000.);
#1019=VECTOR('',#3424,1000.);
#1020=VECTOR('',#3425,1000.);
#1021=VECTOR('',#3426,1000.);
#1022=VECTOR('',#3427,1000.);
#1023=VECTOR('',#3428,1000.);
#1024=VECTOR('',#3429,1000.);
#1025=VECTOR('',#3430,1000.);
#1026=VECTOR('',#3431,1000.);
#1027=VECTOR('',#3432,1000.);
#1028=VECTOR('',#3433,1000.);
#1029=VECTOR('',#3434,1000.);
#1030=VECTOR('',#3435,1000.);
#1031=VECTOR('',#3436,1000.);
#1032=VECTOR('',#3437,1000.);
#1033=VECTOR('',#3438,1000.);
#1034=VECTOR('',#3439,1000.);
#1035=VECTOR('',#3440,1000.);
#1036=VECTOR('',#3441,1000.);
#1037=VECTOR('',#3442,1000.);
#1038=VECTOR('',#3443,1000.);
#1039=VECTOR('',#3444,1000.);
#1040=VECTOR('',#3445,1000.);
#1041=VECTOR('',#3446,1000.);
#1042=VECTOR('',#3447,1000.);
#1043=VECTOR('',#3448,1000.);
#1044=VECTOR('',#3449,1000.);
#1045=VECTOR('',#3450,1000.);
#1046=VECTOR('',#3451,1000.);
#1047=VECTOR('',#3452,1000.);
#1048=VECTOR('',#3453,1000.);
#1049=VECTOR('',#3454,1000.);
#1050=VECTOR('',#3455,1000.);
#1051=VECTOR('',#3456,1000.);
#1052=VECTOR('',#3457,1000.);
#1053=VECTOR('',#3458,1000.);
#1054=VECTOR('',#3459,1000.);
#1055=VECTOR('',#3460,1000.);
#1056=VECTOR('',#3461,1000.);
#1057=VECTOR('',#3462,1000.);
#1058=VECTOR('',#3463,1000.);
#1059=VECTOR('',#3464,1000.);
#1060=VECTOR('',#3465,1000.);
#1061=VECTOR('',#3466,1000.);
#1062=VECTOR('',#3467,1000.);
#1063=VECTOR('',#3468,1000.);
#1064=VECTOR('',#3469,1000.);
#1065=VECTOR('',#3470,1000.);
#1066=VECTOR('',#3471,1000.);
#1067=VECTOR('',#3472,1000.);
#1068=VECTOR('',#3473,1000.);
#1069=VECTOR('',#3474,1000.);
#1070=VECTOR('',#3477,1000.);
#1071=VECTOR('',#3478,1000.);
#1072=VECTOR('',#3479,1000.);
#1073=VECTOR('',#3480,1000.);
#1074=VECTOR('',#3481,1000.);
#1075=VECTOR('',#3482,1000.);
#1076=VECTOR('',#3483,1000.);
#1077=VECTOR('',#3484,1000.);
#1078=VECTOR('',#3485,1000.);
#1079=VECTOR('',#3486,1000.);
#1080=VECTOR('',#3487,1000.);
#1081=VECTOR('',#3488,1000.);
#1082=VECTOR('',#3489,1000.);
#1083=VECTOR('',#3490,1000.);
#1084=VECTOR('',#3491,1000.);
#1085=VECTOR('',#3492,1000.);
#1086=VECTOR('',#3493,1000.);
#1087=VECTOR('',#3494,1000.);
#1088=VECTOR('',#3495,1000.);
#1089=VECTOR('',#3496,1000.);
#1090=VECTOR('',#3497,1000.);
#1091=VECTOR('',#3498,1000.);
#1092=VECTOR('',#3499,1000.);
#1093=VECTOR('',#3500,1000.);
#1094=VECTOR('',#3501,1000.);
#1095=VECTOR('',#3502,1000.);
#1096=VECTOR('',#3503,1000.);
#1097=VECTOR('',#3504,1000.);
#1098=VECTOR('',#3505,1000.);
#1099=VECTOR('',#3506,1000.);
#1100=VECTOR('',#3507,1000.);
#1101=VECTOR('',#3508,1000.);
#1102=VECTOR('',#3509,1000.);
#1103=VECTOR('',#3510,1000.);
#1104=VECTOR('',#3511,1000.);
#1105=VECTOR('',#3512,1000.);
#1106=VECTOR('',#3513,1000.);
#1107=VECTOR('',#3514,1000.);
#1108=VECTOR('',#3515,1000.);
#1109=VECTOR('',#3516,1000.);
#1110=VECTOR('',#3517,1000.);
#1111=VECTOR('',#3518,1000.);
#1112=VECTOR('',#3519,1000.);
#1113=VECTOR('',#3520,1000.);
#1114=VECTOR('',#3521,1000.);
#1115=VECTOR('',#3522,1000.);
#1116=VECTOR('',#3523,1000.);
#1117=VECTOR('',#3524,1000.);
#1118=VECTOR('',#3525,1000.);
#1119=VECTOR('',#3526,1000.);
#1120=VECTOR('',#3527,1000.);
#1121=VECTOR('',#3528,1000.);
#1122=VECTOR('',#3529,1000.);
#1123=VECTOR('',#3530,1000.);
#1124=VECTOR('',#3531,1000.);
#1125=VECTOR('',#3532,1000.);
#1126=VECTOR('',#3533,1000.);
#1127=VECTOR('',#3534,1000.);
#1128=VECTOR('',#3535,1000.);
#1129=VECTOR('',#3536,1000.);
#1130=VECTOR('',#3537,1000.);
#1131=VECTOR('',#3538,1000.);
#1132=VECTOR('',#3539,1000.);
#1133=VECTOR('',#3540,1000.);
#1134=VECTOR('',#3541,1000.);
#1135=VECTOR('',#3542,1000.);
#1136=VECTOR('',#3543,1000.);
#1137=VECTOR('',#3544,1000.);
#1138=VECTOR('',#3545,1000.);
#1139=VECTOR('',#3546,1000.);
#1140=VECTOR('',#3547,1000.);
#1141=VECTOR('',#3548,1000.);
#1142=VECTOR('',#3549,1000.);
#1143=VECTOR('',#3552,1000.);
#1144=VECTOR('',#3553,1000.);
#1145=VECTOR('',#3554,1000.);
#1146=VECTOR('',#3555,1000.);
#1147=VECTOR('',#3558,1000.);
#1148=VECTOR('',#3559,1000.);
#1149=VECTOR('',#3562,1000.);
#1150=VECTOR('',#3563,1000.);
#1151=VECTOR('',#3566,1000.);
#1152=VECTOR('',#3567,1000.);
#1153=VECTOR('',#3568,1000.);
#1154=VECTOR('',#3569,1000.);
#1155=VECTOR('',#3572,1000.);
#1156=VECTOR('',#3573,1000.);
#1157=VECTOR('',#3576,1000.);
#1158=VECTOR('',#3577,1000.);
#1159=VECTOR('',#3580,1000.);
#1160=VECTOR('',#3583,1000.);
#1161=VECTOR('',#3588,1000.);
#1162=VECTOR('',#3589,1000.);
#1163=VECTOR('',#3592,1000.);
#1164=VECTOR('',#3593,1000.);
#1165=VECTOR('',#3596,1000.);
#1166=VECTOR('',#3597,1000.);
#1167=VECTOR('',#3604,1000.);
#1168=VECTOR('',#3605,1000.);
#1169=VECTOR('',#3612,1000.);
#1170=VECTOR('',#3613,1000.);
#1171=VECTOR('',#3620,1000.);
#1172=VECTOR('',#3621,1000.);
#1173=VECTOR('',#3628,1000.);
#1174=VECTOR('',#3629,1000.);
#1175=VECTOR('',#3636,1000.);
#1176=VECTOR('',#3637,1000.);
#1177=VECTOR('',#3644,1000.);
#1178=VECTOR('',#3645,1000.);
#1179=VECTOR('',#3652,1000.);
#1180=VECTOR('',#3653,1000.);
#1181=VECTOR('',#3660,1000.);
#1182=VECTOR('',#3661,1000.);
#1183=VECTOR('',#3668,1000.);
#1184=VECTOR('',#3669,1000.);
#1185=VECTOR('',#3676,1000.);
#1186=VECTOR('',#3677,1000.);
#1187=VECTOR('',#3684,1000.);
#1188=VECTOR('',#3685,1000.);
#1189=VECTOR('',#3692,1000.);
#1190=VECTOR('',#3693,1000.);
#1191=VECTOR('',#3700,1000.);
#1192=VECTOR('',#3701,1000.);
#1193=VECTOR('',#3708,1000.);
#1194=VECTOR('',#3709,1000.);
#1195=VECTOR('',#3716,1000.);
#1196=VECTOR('',#3717,1000.);
#1197=VECTOR('',#3724,1000.);
#1198=VECTOR('',#3725,1000.);
#1199=VECTOR('',#3732,1000.);
#1200=VECTOR('',#3733,1000.);
#1201=VECTOR('',#3740,1000.);
#1202=VECTOR('',#3741,1000.);
#1203=VECTOR('',#3748,1000.);
#1204=VECTOR('',#3749,1000.);
#1205=VECTOR('',#3756,1000.);
#1206=VECTOR('',#3757,1000.);
#1207=VECTOR('',#3764,1000.);
#1208=VECTOR('',#3765,1000.);
#1209=VECTOR('',#3772,1000.);
#1210=VECTOR('',#3773,1000.);
#1211=VECTOR('',#3780,1000.);
#1212=VECTOR('',#3783,1000.);
#1213=VECTOR('',#3788,1000.);
#1214=VECTOR('',#3789,1000.);
#1215=VECTOR('',#3792,1000.);
#1216=VECTOR('',#3793,1000.);
#1217=VECTOR('',#3796,1000.);
#1218=VECTOR('',#3797,1000.);
#1219=VECTOR('',#3798,1000.);
#1220=VECTOR('',#3799,1000.);
#1221=VECTOR('',#3802,1000.);
#1222=VECTOR('',#3803,1000.);
#1223=VECTOR('',#3806,1000.);
#1224=VECTOR('',#3807,1000.);
#1225=VECTOR('',#3810,1000.);
#1226=VECTOR('',#3811,1000.);
#1227=VECTOR('',#3812,1000.);
#1228=VECTOR('',#3813,1000.);
#1229=VECTOR('',#3816,1000.);
#1230=VECTOR('',#3817,1000.);
#1231=VECTOR('',#3820,1000.);
#1232=VECTOR('',#3821,1000.);
#1233=VECTOR('',#3824,1000.);
#1234=VECTOR('',#3825,1000.);
#1235=VECTOR('',#3828,1000.);
#1236=VECTOR('',#3829,1000.);
#1237=VECTOR('',#3836,1000.);
#1238=VECTOR('',#3837,1000.);
#1239=VECTOR('',#3840,1000.);
#1240=VECTOR('',#3841,1000.);
#1241=VECTOR('',#3848,1000.);
#1242=VECTOR('',#3849,1000.);
#1243=VECTOR('',#3852,1000.);
#1244=VECTOR('',#3853,1000.);
#1245=VECTOR('',#3860,1000.);
#1246=VECTOR('',#3861,1000.);
#1247=VECTOR('',#3864,1000.);
#1248=VECTOR('',#3865,1000.);
#1249=CIRCLE('',#2979,1.6);
#1250=CIRCLE('',#2980,1.6);
#1251=CIRCLE('',#2982,1.6);
#1252=CIRCLE('',#2983,1.6);
#1253=CIRCLE('',#2985,1.6);
#1254=CIRCLE('',#2986,1.6);
#1255=CIRCLE('',#2988,1.6);
#1256=CIRCLE('',#2989,1.6);
#1257=CIRCLE('',#2993,1.59);
#1258=CIRCLE('',#2994,1.59);
#1259=CIRCLE('',#2996,1.59);
#1260=CIRCLE('',#2997,1.59);
#1261=CIRCLE('',#3021,1.59);
#1262=CIRCLE('',#3022,1.59);
#1263=CIRCLE('',#3024,1.59);
#1264=CIRCLE('',#3025,1.59);
#1265=CIRCLE('',#3040,1.59);
#1266=CIRCLE('',#3041,1.59);
#1267=CIRCLE('',#3114,1.59);
#1268=CIRCLE('',#3115,1.59);
#1269=CIRCLE('',#3127,1.59);
#1270=CIRCLE('',#3131,1.59);
#1271=CIRCLE('',#3135,1.59);
#1272=CIRCLE('',#3139,1.59);
#1273=VERTEX_POINT('',#3885);
#1274=VERTEX_POINT('',#3887);
#1275=VERTEX_POINT('',#3891);
#1276=VERTEX_POINT('',#3893);
#1277=VERTEX_POINT('',#3897);
#1278=VERTEX_POINT('',#3899);
#1279=VERTEX_POINT('',#3903);
#1280=VERTEX_POINT('',#3905);
#1281=VERTEX_POINT('',#3909);
#1282=VERTEX_POINT('',#3910);
#1283=VERTEX_POINT('',#3912);
#1284=VERTEX_POINT('',#3914);
#1285=VERTEX_POINT('',#3918);
#1286=VERTEX_POINT('',#3919);
#1287=VERTEX_POINT('',#3921);
#1288=VERTEX_POINT('',#3923);
#1289=VERTEX_POINT('',#3927);
#1290=VERTEX_POINT('',#3928);
#1291=VERTEX_POINT('',#3930);
#1292=VERTEX_POINT('',#3932);
#1293=VERTEX_POINT('',#3934);
#1294=VERTEX_POINT('',#3936);
#1295=VERTEX_POINT('',#3940);
#1296=VERTEX_POINT('',#3941);
#1297=VERTEX_POINT('',#3943);
#1298=VERTEX_POINT('',#3945);
#1299=VERTEX_POINT('',#3947);
#1300=VERTEX_POINT('',#3949);
#1301=VERTEX_POINT('',#3951);
#1302=VERTEX_POINT('',#3953);
#1303=VERTEX_POINT('',#3957);
#1304=VERTEX_POINT('',#3958);
#1305=VERTEX_POINT('',#3960);
#1306=VERTEX_POINT('',#3962);
#1307=VERTEX_POINT('',#3966);
#1308=VERTEX_POINT('',#3967);
#1309=VERTEX_POINT('',#3969);
#1310=VERTEX_POINT('',#3971);
#1311=VERTEX_POINT('',#3975);
#1312=VERTEX_POINT('',#3976);
#1313=VERTEX_POINT('',#3978);
#1314=VERTEX_POINT('',#3980);
#1315=VERTEX_POINT('',#3984);
#1316=VERTEX_POINT('',#3985);
#1317=VERTEX_POINT('',#3987);
#1318=VERTEX_POINT('',#3989);
#1319=VERTEX_POINT('',#3993);
#1320=VERTEX_POINT('',#3994);
#1321=VERTEX_POINT('',#3996);
#1322=VERTEX_POINT('',#3998);
#1323=VERTEX_POINT('',#4002);
#1324=VERTEX_POINT('',#4003);
#1325=VERTEX_POINT('',#4005);
#1326=VERTEX_POINT('',#4007);
#1327=VERTEX_POINT('',#4011);
#1328=VERTEX_POINT('',#4012);
#1329=VERTEX_POINT('',#4014);
#1330=VERTEX_POINT('',#4016);
#1331=VERTEX_POINT('',#4020);
#1332=VERTEX_POINT('',#4021);
#1333=VERTEX_POINT('',#4023);
#1334=VERTEX_POINT('',#4025);
#1335=VERTEX_POINT('',#4029);
#1336=VERTEX_POINT('',#4030);
#1337=VERTEX_POINT('',#4032);
#1338=VERTEX_POINT('',#4034);
#1339=VERTEX_POINT('',#4038);
#1340=VERTEX_POINT('',#4039);
#1341=VERTEX_POINT('',#4041);
#1342=VERTEX_POINT('',#4043);
#1343=VERTEX_POINT('',#4047);
#1344=VERTEX_POINT('',#4048);
#1345=VERTEX_POINT('',#4050);
#1346=VERTEX_POINT('',#4052);
#1347=VERTEX_POINT('',#4056);
#1348=VERTEX_POINT('',#4057);
#1349=VERTEX_POINT('',#4059);
#1350=VERTEX_POINT('',#4061);
#1351=VERTEX_POINT('',#4065);
#1352=VERTEX_POINT('',#4066);
#1353=VERTEX_POINT('',#4068);
#1354=VERTEX_POINT('',#4070);
#1355=VERTEX_POINT('',#4074);
#1356=VERTEX_POINT('',#4075);
#1357=VERTEX_POINT('',#4077);
#1358=VERTEX_POINT('',#4079);
#1359=VERTEX_POINT('',#4083);
#1360=VERTEX_POINT('',#4084);
#1361=VERTEX_POINT('',#4086);
#1362=VERTEX_POINT('',#4088);
#1363=VERTEX_POINT('',#4092);
#1364=VERTEX_POINT('',#4093);
#1365=VERTEX_POINT('',#4095);
#1366=VERTEX_POINT('',#4097);
#1367=VERTEX_POINT('',#4101);
#1368=VERTEX_POINT('',#4102);
#1369=VERTEX_POINT('',#4104);
#1370=VERTEX_POINT('',#4106);
#1371=VERTEX_POINT('',#4110);
#1372=VERTEX_POINT('',#4111);
#1373=VERTEX_POINT('',#4113);
#1374=VERTEX_POINT('',#4115);
#1375=VERTEX_POINT('',#4119);
#1376=VERTEX_POINT('',#4120);
#1377=VERTEX_POINT('',#4122);
#1378=VERTEX_POINT('',#4124);
#1379=VERTEX_POINT('',#4128);
#1380=VERTEX_POINT('',#4129);
#1381=VERTEX_POINT('',#4131);
#1382=VERTEX_POINT('',#4133);
#1383=VERTEX_POINT('',#4137);
#1384=VERTEX_POINT('',#4138);
#1385=VERTEX_POINT('',#4140);
#1386=VERTEX_POINT('',#4142);
#1387=VERTEX_POINT('',#4146);
#1388=VERTEX_POINT('',#4147);
#1389=VERTEX_POINT('',#4149);
#1390=VERTEX_POINT('',#4151);
#1391=VERTEX_POINT('',#4155);
#1392=VERTEX_POINT('',#4156);
#1393=VERTEX_POINT('',#4158);
#1394=VERTEX_POINT('',#4160);
#1395=VERTEX_POINT('',#4162);
#1396=VERTEX_POINT('',#4164);
#1397=VERTEX_POINT('',#4166);
#1398=VERTEX_POINT('',#4168);
#1399=VERTEX_POINT('',#4172);
#1400=VERTEX_POINT('',#4173);
#1401=VERTEX_POINT('',#4175);
#1402=VERTEX_POINT('',#4177);
#1403=VERTEX_POINT('',#4179);
#1404=VERTEX_POINT('',#4181);
#1405=VERTEX_POINT('',#4185);
#1406=VERTEX_POINT('',#4186);
#1407=VERTEX_POINT('',#4188);
#1408=VERTEX_POINT('',#4190);
#1409=VERTEX_POINT('',#4194);
#1410=VERTEX_POINT('',#4195);
#1411=VERTEX_POINT('',#4197);
#1412=VERTEX_POINT('',#4199);
#1413=VERTEX_POINT('',#4201);
#1414=VERTEX_POINT('',#4203);
#1415=VERTEX_POINT('',#4205);
#1416=VERTEX_POINT('',#4207);
#1417=VERTEX_POINT('',#4211);
#1418=VERTEX_POINT('',#4213);
#1419=VERTEX_POINT('',#4217);
#1420=VERTEX_POINT('',#4218);
#1421=VERTEX_POINT('',#4221);
#1422=VERTEX_POINT('',#4223);
#1423=VERTEX_POINT('',#4228);
#1424=VERTEX_POINT('',#4230);
#1425=VERTEX_POINT('',#4234);
#1426=VERTEX_POINT('',#4237);
#1427=VERTEX_POINT('',#4239);
#1428=VERTEX_POINT('',#4242);
#1429=VERTEX_POINT('',#4244);
#1430=VERTEX_POINT('',#4247);
#1431=VERTEX_POINT('',#4249);
#1432=VERTEX_POINT('',#4252);
#1433=VERTEX_POINT('',#4254);
#1434=VERTEX_POINT('',#4257);
#1435=VERTEX_POINT('',#4259);
#1436=VERTEX_POINT('',#4262);
#1437=VERTEX_POINT('',#4264);
#1438=VERTEX_POINT('',#4267);
#1439=VERTEX_POINT('',#4269);
#1440=VERTEX_POINT('',#4272);
#1441=VERTEX_POINT('',#4274);
#1442=VERTEX_POINT('',#4277);
#1443=VERTEX_POINT('',#4279);
#1444=VERTEX_POINT('',#4282);
#1445=VERTEX_POINT('',#4284);
#1446=VERTEX_POINT('',#4287);
#1447=VERTEX_POINT('',#4289);
#1448=VERTEX_POINT('',#4292);
#1449=VERTEX_POINT('',#4294);
#1450=VERTEX_POINT('',#4297);
#1451=VERTEX_POINT('',#4299);
#1452=VERTEX_POINT('',#4302);
#1453=VERTEX_POINT('',#4304);
#1454=VERTEX_POINT('',#4307);
#1455=VERTEX_POINT('',#4309);
#1456=VERTEX_POINT('',#4312);
#1457=VERTEX_POINT('',#4314);
#1458=VERTEX_POINT('',#4317);
#1459=VERTEX_POINT('',#4319);
#1460=VERTEX_POINT('',#4322);
#1461=VERTEX_POINT('',#4324);
#1462=VERTEX_POINT('',#4327);
#1463=VERTEX_POINT('',#4329);
#1464=VERTEX_POINT('',#4332);
#1465=VERTEX_POINT('',#4334);
#1466=VERTEX_POINT('',#4337);
#1467=VERTEX_POINT('',#4339);
#1468=VERTEX_POINT('',#4342);
#1469=VERTEX_POINT('',#4344);
#1470=VERTEX_POINT('',#4347);
#1471=VERTEX_POINT('',#4349);
#1472=VERTEX_POINT('',#4352);
#1473=VERTEX_POINT('',#4356);
#1474=VERTEX_POINT('',#4359);
#1475=VERTEX_POINT('',#4362);
#1476=VERTEX_POINT('',#4364);
#1477=VERTEX_POINT('',#4367);
#1478=VERTEX_POINT('',#4369);
#1479=VERTEX_POINT('',#4372);
#1480=VERTEX_POINT('',#4374);
#1481=VERTEX_POINT('',#4377);
#1482=VERTEX_POINT('',#4379);
#1483=VERTEX_POINT('',#4382);
#1484=VERTEX_POINT('',#4384);
#1485=VERTEX_POINT('',#4387);
#1486=VERTEX_POINT('',#4389);
#1487=VERTEX_POINT('',#4392);
#1488=VERTEX_POINT('',#4394);
#1489=VERTEX_POINT('',#4397);
#1490=VERTEX_POINT('',#4399);
#1491=VERTEX_POINT('',#4402);
#1492=VERTEX_POINT('',#4404);
#1493=VERTEX_POINT('',#4407);
#1494=VERTEX_POINT('',#4409);
#1495=VERTEX_POINT('',#4412);
#1496=VERTEX_POINT('',#4414);
#1497=VERTEX_POINT('',#4417);
#1498=VERTEX_POINT('',#4419);
#1499=VERTEX_POINT('',#4422);
#1500=VERTEX_POINT('',#4424);
#1501=VERTEX_POINT('',#4427);
#1502=VERTEX_POINT('',#4429);
#1503=VERTEX_POINT('',#4432);
#1504=VERTEX_POINT('',#4434);
#1505=VERTEX_POINT('',#4437);
#1506=VERTEX_POINT('',#4439);
#1507=VERTEX_POINT('',#4442);
#1508=VERTEX_POINT('',#4444);
#1509=VERTEX_POINT('',#4447);
#1510=VERTEX_POINT('',#4449);
#1511=VERTEX_POINT('',#4452);
#1512=VERTEX_POINT('',#4454);
#1513=VERTEX_POINT('',#4457);
#1514=VERTEX_POINT('',#4459);
#1515=VERTEX_POINT('',#4462);
#1516=VERTEX_POINT('',#4464);
#1517=VERTEX_POINT('',#4467);
#1518=VERTEX_POINT('',#4469);
#1519=VERTEX_POINT('',#4472);
#1520=VERTEX_POINT('',#4474);
#1521=VERTEX_POINT('',#4478);
#1522=VERTEX_POINT('',#4479);
#1523=VERTEX_POINT('',#4481);
#1524=VERTEX_POINT('',#4483);
#1525=VERTEX_POINT('',#4493);
#1526=VERTEX_POINT('',#4494);
#1527=VERTEX_POINT('',#4496);
#1528=VERTEX_POINT('',#4498);
#1529=VERTEX_POINT('',#4508);
#1530=VERTEX_POINT('',#4509);
#1531=VERTEX_POINT('',#4511);
#1532=VERTEX_POINT('',#4513);
#1533=VERTEX_POINT('',#4638);
#1534=VERTEX_POINT('',#4639);
#1535=VERTEX_POINT('',#4641);
#1536=VERTEX_POINT('',#4643);
#1537=VERTEX_POINT('',#4653);
#1538=VERTEX_POINT('',#4654);
#1539=VERTEX_POINT('',#4656);
#1540=VERTEX_POINT('',#4658);
#1541=VERTEX_POINT('',#4668);
#1542=VERTEX_POINT('',#4669);
#1543=VERTEX_POINT('',#4671);
#1544=VERTEX_POINT('',#4673);
#1545=VERTEX_POINT('',#4683);
#1546=VERTEX_POINT('',#4687);
#1547=VERTEX_POINT('',#4693);
#1548=VERTEX_POINT('',#4697);
#1549=VERTEX_POINT('',#4703);
#1550=VERTEX_POINT('',#4707);
#1551=VERTEX_POINT('',#4713);
#1552=VERTEX_POINT('',#4717);
#1553=EDGE_CURVE('',#1273,#1273,#1249,.T.);
#1554=EDGE_CURVE('',#1273,#1274,#457,.T.);
#1555=EDGE_CURVE('',#1274,#1274,#1250,.T.);
#1556=EDGE_CURVE('',#1275,#1275,#1251,.T.);
#1557=EDGE_CURVE('',#1275,#1276,#458,.T.);
#1558=EDGE_CURVE('',#1276,#1276,#1252,.T.);
#1559=EDGE_CURVE('',#1277,#1277,#1253,.T.);
#1560=EDGE_CURVE('',#1277,#1278,#459,.T.);
#1561=EDGE_CURVE('',#1278,#1278,#1254,.T.);
#1562=EDGE_CURVE('',#1279,#1279,#1255,.T.);
#1563=EDGE_CURVE('',#1279,#1280,#460,.T.);
#1564=EDGE_CURVE('',#1280,#1280,#1256,.T.);
#1565=EDGE_CURVE('',#1281,#1282,#461,.T.);
#1566=EDGE_CURVE('',#1282,#1283,#462,.T.);
#1567=EDGE_CURVE('',#1284,#1283,#463,.T.);
#1568=EDGE_CURVE('',#1284,#1281,#464,.T.);
#1569=EDGE_CURVE('',#1285,#1286,#465,.T.);
#1570=EDGE_CURVE('',#1286,#1287,#466,.T.);
#1571=EDGE_CURVE('',#1288,#1287,#467,.T.);
#1572=EDGE_CURVE('',#1288,#1285,#468,.T.);
#1573=EDGE_CURVE('',#1289,#1290,#469,.T.);
#1574=EDGE_CURVE('',#1290,#1291,#470,.T.);
#1575=EDGE_CURVE('',#1291,#1292,#1257,.T.);
#1576=EDGE_CURVE('',#1293,#1292,#471,.T.);
#1577=EDGE_CURVE('',#1293,#1294,#1258,.T.);
#1578=EDGE_CURVE('',#1294,#1289,#472,.T.);
#1579=EDGE_CURVE('',#1295,#1296,#473,.T.);
#1580=EDGE_CURVE('',#1296,#1297,#1259,.T.);
#1581=EDGE_CURVE('',#1297,#1298,#474,.T.);
#1582=EDGE_CURVE('',#1298,#1299,#475,.T.);
#1583=EDGE_CURVE('',#1300,#1299,#476,.T.);
#1584=EDGE_CURVE('',#1301,#1300,#477,.T.);
#1585=EDGE_CURVE('',#1301,#1302,#478,.T.);
#1586=EDGE_CURVE('',#1302,#1295,#1260,.T.);
#1587=EDGE_CURVE('',#1303,#1304,#479,.T.);
#1588=EDGE_CURVE('',#1304,#1305,#480,.T.);
#1589=EDGE_CURVE('',#1306,#1305,#481,.T.);
#1590=EDGE_CURVE('',#1303,#1306,#482,.T.);
#1591=EDGE_CURVE('',#1307,#1308,#483,.T.);
#1592=EDGE_CURVE('',#1308,#1309,#484,.T.);
#1593=EDGE_CURVE('',#1310,#1309,#485,.T.);
#1594=EDGE_CURVE('',#1307,#1310,#486,.T.);
#1595=EDGE_CURVE('',#1311,#1312,#487,.T.);
#1596=EDGE_CURVE('',#1312,#1313,#488,.T.);
#1597=EDGE_CURVE('',#1314,#1313,#489,.T.);
#1598=EDGE_CURVE('',#1311,#1314,#490,.T.);
#1599=EDGE_CURVE('',#1315,#1316,#491,.T.);
#1600=EDGE_CURVE('',#1316,#1317,#492,.T.);
#1601=EDGE_CURVE('',#1318,#1317,#493,.T.);
#1602=EDGE_CURVE('',#1315,#1318,#494,.T.);
#1603=EDGE_CURVE('',#1319,#1320,#495,.T.);
#1604=EDGE_CURVE('',#1320,#1321,#496,.T.);
#1605=EDGE_CURVE('',#1322,#1321,#497,.T.);
#1606=EDGE_CURVE('',#1319,#1322,#498,.T.);
#1607=EDGE_CURVE('',#1323,#1324,#499,.T.);
#1608=EDGE_CURVE('',#1324,#1325,#500,.T.);
#1609=EDGE_CURVE('',#1326,#1325,#501,.T.);
#1610=EDGE_CURVE('',#1323,#1326,#502,.T.);
#1611=EDGE_CURVE('',#1327,#1328,#503,.T.);
#1612=EDGE_CURVE('',#1328,#1329,#504,.T.);
#1613=EDGE_CURVE('',#1330,#1329,#505,.T.);
#1614=EDGE_CURVE('',#1327,#1330,#506,.T.);
#1615=EDGE_CURVE('',#1331,#1332,#507,.T.);
#1616=EDGE_CURVE('',#1332,#1333,#508,.T.);
#1617=EDGE_CURVE('',#1334,#1333,#509,.T.);
#1618=EDGE_CURVE('',#1331,#1334,#510,.T.);
#1619=EDGE_CURVE('',#1335,#1336,#511,.T.);
#1620=EDGE_CURVE('',#1336,#1337,#512,.T.);
#1621=EDGE_CURVE('',#1338,#1337,#513,.T.);
#1622=EDGE_CURVE('',#1335,#1338,#514,.T.);
#1623=EDGE_CURVE('',#1339,#1340,#515,.T.);
#1624=EDGE_CURVE('',#1340,#1341,#516,.T.);
#1625=EDGE_CURVE('',#1342,#1341,#517,.T.);
#1626=EDGE_CURVE('',#1339,#1342,#518,.T.);
#1627=EDGE_CURVE('',#1343,#1344,#519,.T.);
#1628=EDGE_CURVE('',#1344,#1345,#520,.T.);
#1629=EDGE_CURVE('',#1346,#1345,#521,.T.);
#1630=EDGE_CURVE('',#1343,#1346,#522,.T.);
#1631=EDGE_CURVE('',#1347,#1348,#523,.T.);
#1632=EDGE_CURVE('',#1348,#1349,#524,.T.);
#1633=EDGE_CURVE('',#1350,#1349,#525,.T.);
#1634=EDGE_CURVE('',#1347,#1350,#526,.T.);
#1635=EDGE_CURVE('',#1351,#1352,#527,.T.);
#1636=EDGE_CURVE('',#1352,#1353,#528,.T.);
#1637=EDGE_CURVE('',#1354,#1353,#529,.T.);
#1638=EDGE_CURVE('',#1351,#1354,#530,.T.);
#1639=EDGE_CURVE('',#1355,#1356,#531,.T.);
#1640=EDGE_CURVE('',#1356,#1357,#532,.T.);
#1641=EDGE_CURVE('',#1358,#1357,#533,.T.);
#1642=EDGE_CURVE('',#1355,#1358,#534,.T.);
#1643=EDGE_CURVE('',#1359,#1360,#535,.T.);
#1644=EDGE_CURVE('',#1360,#1361,#536,.T.);
#1645=EDGE_CURVE('',#1362,#1361,#537,.T.);
#1646=EDGE_CURVE('',#1359,#1362,#538,.T.);
#1647=EDGE_CURVE('',#1363,#1364,#539,.T.);
#1648=EDGE_CURVE('',#1364,#1365,#540,.T.);
#1649=EDGE_CURVE('',#1366,#1365,#541,.T.);
#1650=EDGE_CURVE('',#1363,#1366,#542,.T.);
#1651=EDGE_CURVE('',#1367,#1368,#543,.T.);
#1652=EDGE_CURVE('',#1368,#1369,#544,.T.);
#1653=EDGE_CURVE('',#1370,#1369,#545,.T.);
#1654=EDGE_CURVE('',#1367,#1370,#546,.T.);
#1655=EDGE_CURVE('',#1371,#1372,#547,.T.);
#1656=EDGE_CURVE('',#1372,#1373,#548,.T.);
#1657=EDGE_CURVE('',#1374,#1373,#549,.T.);
#1658=EDGE_CURVE('',#1371,#1374,#550,.T.);
#1659=EDGE_CURVE('',#1375,#1376,#551,.T.);
#1660=EDGE_CURVE('',#1376,#1377,#552,.T.);
#1661=EDGE_CURVE('',#1378,#1377,#553,.T.);
#1662=EDGE_CURVE('',#1375,#1378,#554,.T.);
#1663=EDGE_CURVE('',#1379,#1380,#555,.T.);
#1664=EDGE_CURVE('',#1380,#1381,#556,.T.);
#1665=EDGE_CURVE('',#1382,#1381,#557,.T.);
#1666=EDGE_CURVE('',#1379,#1382,#558,.T.);
#1667=EDGE_CURVE('',#1383,#1384,#559,.T.);
#1668=EDGE_CURVE('',#1384,#1385,#560,.T.);
#1669=EDGE_CURVE('',#1386,#1385,#561,.T.);
#1670=EDGE_CURVE('',#1383,#1386,#562,.T.);
#1671=EDGE_CURVE('',#1387,#1388,#563,.T.);
#1672=EDGE_CURVE('',#1388,#1389,#564,.T.);
#1673=EDGE_CURVE('',#1390,#1389,#565,.T.);
#1674=EDGE_CURVE('',#1387,#1390,#566,.T.);
#1675=EDGE_CURVE('',#1391,#1392,#567,.T.);
#1676=EDGE_CURVE('',#1391,#1393,#1261,.T.);
#1677=EDGE_CURVE('',#1393,#1394,#568,.T.);
#1678=EDGE_CURVE('',#1395,#1394,#569,.T.);
#1679=EDGE_CURVE('',#1395,#1396,#570,.T.);
#1680=EDGE_CURVE('',#1396,#1397,#571,.T.);
#1681=EDGE_CURVE('',#1397,#1398,#572,.T.);
#1682=EDGE_CURVE('',#1398,#1392,#1262,.T.);
#1683=EDGE_CURVE('',#1399,#1400,#573,.T.);
#1684=EDGE_CURVE('',#1399,#1401,#574,.T.);
#1685=EDGE_CURVE('',#1401,#1402,#1263,.T.);
#1686=EDGE_CURVE('',#1402,#1403,#575,.T.);
#1687=EDGE_CURVE('',#1403,#1404,#1264,.T.);
#1688=EDGE_CURVE('',#1404,#1400,#576,.T.);
#1689=EDGE_CURVE('',#1405,#1406,#577,.T.);
#1690=EDGE_CURVE('',#1405,#1407,#578,.T.);
#1691=EDGE_CURVE('',#1407,#1408,#579,.T.);
#1692=EDGE_CURVE('',#1408,#1406,#580,.T.);
#1693=EDGE_CURVE('',#1409,#1410,#581,.T.);
#1694=EDGE_CURVE('',#1409,#1411,#582,.T.);
#1695=EDGE_CURVE('',#1411,#1412,#583,.T.);
#1696=EDGE_CURVE('',#1413,#1412,#584,.T.);
#1697=EDGE_CURVE('',#1414,#1413,#585,.T.);
#1698=EDGE_CURVE('',#1414,#1415,#586,.T.);
#1699=EDGE_CURVE('',#1416,#1415,#587,.T.);
#1700=EDGE_CURVE('',#1410,#1416,#588,.T.);
#1701=EDGE_CURVE('',#1415,#1417,#589,.T.);
#1702=EDGE_CURVE('',#1418,#1417,#590,.T.);
#1703=EDGE_CURVE('',#1416,#1418,#591,.T.);
#1704=EDGE_CURVE('',#1419,#1420,#592,.T.);
#1705=EDGE_CURVE('',#1419,#1282,#593,.T.);
#1706=EDGE_CURVE('',#1421,#1281,#594,.T.);
#1707=EDGE_CURVE('',#1422,#1421,#595,.T.);
#1708=EDGE_CURVE('',#1418,#1422,#596,.T.);
#1709=EDGE_CURVE('',#1417,#1420,#597,.T.);
#1710=EDGE_CURVE('',#1411,#1423,#598,.T.);
#1711=EDGE_CURVE('',#1423,#1424,#599,.T.);
#1712=EDGE_CURVE('',#1424,#1412,#600,.T.);
#1713=EDGE_CURVE('',#1425,#1422,#601,.T.);
#1714=EDGE_CURVE('',#1425,#1301,#602,.T.);
#1715=EDGE_CURVE('',#1426,#1300,#603,.T.);
#1716=EDGE_CURVE('',#1427,#1426,#604,.T.);
#1717=EDGE_CURVE('',#1303,#1427,#605,.T.);
#1718=EDGE_CURVE('',#1428,#1306,#606,.T.);
#1719=EDGE_CURVE('',#1429,#1428,#607,.T.);
#1720=EDGE_CURVE('',#1307,#1429,#608,.T.);
#1721=EDGE_CURVE('',#1430,#1310,#609,.T.);
#1722=EDGE_CURVE('',#1431,#1430,#610,.T.);
#1723=EDGE_CURVE('',#1311,#1431,#611,.T.);
#1724=EDGE_CURVE('',#1432,#1314,#612,.T.);
#1725=EDGE_CURVE('',#1433,#1432,#613,.T.);
#1726=EDGE_CURVE('',#1315,#1433,#614,.T.);
#1727=EDGE_CURVE('',#1434,#1318,#615,.T.);
#1728=EDGE_CURVE('',#1435,#1434,#616,.T.);
#1729=EDGE_CURVE('',#1319,#1435,#617,.T.);
#1730=EDGE_CURVE('',#1436,#1322,#618,.T.);
#1731=EDGE_CURVE('',#1437,#1436,#619,.T.);
#1732=EDGE_CURVE('',#1323,#1437,#620,.T.);
#1733=EDGE_CURVE('',#1438,#1326,#621,.T.);
#1734=EDGE_CURVE('',#1439,#1438,#622,.T.);
#1735=EDGE_CURVE('',#1327,#1439,#623,.T.);
#1736=EDGE_CURVE('',#1440,#1330,#624,.T.);
#1737=EDGE_CURVE('',#1441,#1440,#625,.T.);
#1738=EDGE_CURVE('',#1331,#1441,#626,.T.);
#1739=EDGE_CURVE('',#1442,#1334,#627,.T.);
#1740=EDGE_CURVE('',#1443,#1442,#628,.T.);
#1741=EDGE_CURVE('',#1335,#1443,#629,.T.);
#1742=EDGE_CURVE('',#1444,#1338,#630,.T.);
#1743=EDGE_CURVE('',#1445,#1444,#631,.T.);
#1744=EDGE_CURVE('',#1339,#1445,#632,.T.);
#1745=EDGE_CURVE('',#1446,#1342,#633,.T.);
#1746=EDGE_CURVE('',#1447,#1446,#634,.T.);
#1747=EDGE_CURVE('',#1343,#1447,#635,.T.);
#1748=EDGE_CURVE('',#1448,#1346,#636,.T.);
#1749=EDGE_CURVE('',#1449,#1448,#637,.T.);
#1750=EDGE_CURVE('',#1347,#1449,#638,.T.);
#1751=EDGE_CURVE('',#1450,#1350,#639,.T.);
#1752=EDGE_CURVE('',#1451,#1450,#640,.T.);
#1753=EDGE_CURVE('',#1351,#1451,#641,.T.);
#1754=EDGE_CURVE('',#1452,#1354,#642,.T.);
#1755=EDGE_CURVE('',#1453,#1452,#643,.T.);
#1756=EDGE_CURVE('',#1355,#1453,#644,.T.);
#1757=EDGE_CURVE('',#1454,#1358,#645,.T.);
#1758=EDGE_CURVE('',#1455,#1454,#646,.T.);
#1759=EDGE_CURVE('',#1359,#1455,#647,.T.);
#1760=EDGE_CURVE('',#1456,#1362,#648,.T.);
#1761=EDGE_CURVE('',#1457,#1456,#649,.T.);
#1762=EDGE_CURVE('',#1363,#1457,#650,.T.);
#1763=EDGE_CURVE('',#1458,#1366,#651,.T.);
#1764=EDGE_CURVE('',#1459,#1458,#652,.T.);
#1765=EDGE_CURVE('',#1367,#1459,#653,.T.);
#1766=EDGE_CURVE('',#1460,#1370,#654,.T.);
#1767=EDGE_CURVE('',#1461,#1460,#655,.T.);
#1768=EDGE_CURVE('',#1371,#1461,#656,.T.);
#1769=EDGE_CURVE('',#1462,#1374,#657,.T.);
#1770=EDGE_CURVE('',#1463,#1462,#658,.T.);
#1771=EDGE_CURVE('',#1375,#1463,#659,.T.);
#1772=EDGE_CURVE('',#1464,#1378,#660,.T.);
#1773=EDGE_CURVE('',#1465,#1464,#661,.T.);
#1774=EDGE_CURVE('',#1379,#1465,#662,.T.);
#1775=EDGE_CURVE('',#1466,#1382,#663,.T.);
#1776=EDGE_CURVE('',#1467,#1466,#664,.T.);
#1777=EDGE_CURVE('',#1383,#1467,#665,.T.);
#1778=EDGE_CURVE('',#1468,#1386,#666,.T.);
#1779=EDGE_CURVE('',#1469,#1468,#667,.T.);
#1780=EDGE_CURVE('',#1387,#1469,#668,.T.);
#1781=EDGE_CURVE('',#1470,#1390,#669,.T.);
#1782=EDGE_CURVE('',#1471,#1470,#670,.T.);
#1783=EDGE_CURVE('',#1395,#1471,#671,.T.);
#1784=EDGE_CURVE('',#1472,#1394,#672,.T.);
#1785=EDGE_CURVE('',#1410,#1472,#673,.T.);
#1786=EDGE_CURVE('',#1473,#1298,#674,.T.);
#1787=EDGE_CURVE('',#1420,#1473,#675,.T.);
#1788=EDGE_CURVE('',#1474,#1414,#676,.T.);
#1789=EDGE_CURVE('',#1474,#1397,#677,.T.);
#1790=EDGE_CURVE('',#1475,#1396,#678,.T.);
#1791=EDGE_CURVE('',#1476,#1475,#679,.T.);
#1792=EDGE_CURVE('',#1389,#1476,#680,.T.);
#1793=EDGE_CURVE('',#1477,#1388,#681,.T.);
#1794=EDGE_CURVE('',#1478,#1477,#682,.T.);
#1795=EDGE_CURVE('',#1385,#1478,#683,.T.);
#1796=EDGE_CURVE('',#1479,#1384,#684,.T.);
#1797=EDGE_CURVE('',#1480,#1479,#685,.T.);
#1798=EDGE_CURVE('',#1381,#1480,#686,.T.);
#1799=EDGE_CURVE('',#1481,#1380,#687,.T.);
#1800=EDGE_CURVE('',#1482,#1481,#688,.T.);
#1801=EDGE_CURVE('',#1377,#1482,#689,.T.);
#1802=EDGE_CURVE('',#1483,#1376,#690,.T.);
#1803=EDGE_CURVE('',#1484,#1483,#691,.T.);
#1804=EDGE_CURVE('',#1373,#1484,#692,.T.);
#1805=EDGE_CURVE('',#1485,#1372,#693,.T.);
#1806=EDGE_CURVE('',#1486,#1485,#694,.T.);
#1807=EDGE_CURVE('',#1369,#1486,#695,.T.);
#1808=EDGE_CURVE('',#1487,#1368,#696,.T.);
#1809=EDGE_CURVE('',#1488,#1487,#697,.T.);
#1810=EDGE_CURVE('',#1365,#1488,#698,.T.);
#1811=EDGE_CURVE('',#1489,#1364,#699,.T.);
#1812=EDGE_CURVE('',#1490,#1489,#700,.T.);
#1813=EDGE_CURVE('',#1361,#1490,#701,.T.);
#1814=EDGE_CURVE('',#1491,#1360,#702,.T.);
#1815=EDGE_CURVE('',#1492,#1491,#703,.T.);
#1816=EDGE_CURVE('',#1357,#1492,#704,.T.);
#1817=EDGE_CURVE('',#1493,#1356,#705,.T.);
#1818=EDGE_CURVE('',#1494,#1493,#706,.T.);
#1819=EDGE_CURVE('',#1353,#1494,#707,.T.);
#1820=EDGE_CURVE('',#1495,#1352,#708,.T.);
#1821=EDGE_CURVE('',#1496,#1495,#709,.T.);
#1822=EDGE_CURVE('',#1349,#1496,#710,.T.);
#1823=EDGE_CURVE('',#1497,#1348,#711,.T.);
#1824=EDGE_CURVE('',#1498,#1497,#712,.T.);
#1825=EDGE_CURVE('',#1345,#1498,#713,.T.);
#1826=EDGE_CURVE('',#1499,#1344,#714,.T.);
#1827=EDGE_CURVE('',#1500,#1499,#715,.T.);
#1828=EDGE_CURVE('',#1341,#1500,#716,.T.);
#1829=EDGE_CURVE('',#1501,#1340,#717,.T.);
#1830=EDGE_CURVE('',#1502,#1501,#718,.T.);
#1831=EDGE_CURVE('',#1337,#1502,#719,.T.);
#1832=EDGE_CURVE('',#1503,#1336,#720,.T.);
#1833=EDGE_CURVE('',#1504,#1503,#721,.T.);
#1834=EDGE_CURVE('',#1333,#1504,#722,.T.);
#1835=EDGE_CURVE('',#1505,#1332,#723,.T.);
#1836=EDGE_CURVE('',#1506,#1505,#724,.T.);
#1837=EDGE_CURVE('',#1329,#1506,#725,.T.);
#1838=EDGE_CURVE('',#1507,#1328,#726,.T.);
#1839=EDGE_CURVE('',#1508,#1507,#727,.T.);
#1840=EDGE_CURVE('',#1325,#1508,#728,.T.);
#1841=EDGE_CURVE('',#1509,#1324,#729,.T.);
#1842=EDGE_CURVE('',#1510,#1509,#730,.T.);
#1843=EDGE_CURVE('',#1321,#1510,#731,.T.);
#1844=EDGE_CURVE('',#1511,#1320,#732,.T.);
#1845=EDGE_CURVE('',#1512,#1511,#733,.T.);
#1846=EDGE_CURVE('',#1317,#1512,#734,.T.);
#1847=EDGE_CURVE('',#1513,#1316,#735,.T.);
#1848=EDGE_CURVE('',#1514,#1513,#736,.T.);
#1849=EDGE_CURVE('',#1313,#1514,#737,.T.);
#1850=EDGE_CURVE('',#1515,#1312,#738,.T.);
#1851=EDGE_CURVE('',#1516,#1515,#739,.T.);
#1852=EDGE_CURVE('',#1309,#1516,#740,.T.);
#1853=EDGE_CURVE('',#1517,#1308,#741,.T.);
#1854=EDGE_CURVE('',#1518,#1517,#742,.T.);
#1855=EDGE_CURVE('',#1305,#1518,#743,.T.);
#1856=EDGE_CURVE('',#1519,#1304,#744,.T.);
#1857=EDGE_CURVE('',#1520,#1519,#745,.T.);
#1858=EDGE_CURVE('',#1299,#1520,#746,.T.);
#1859=EDGE_CURVE('',#1521,#1522,#747,.T.);
#1860=EDGE_CURVE('',#1523,#1521,#748,.T.);
#1861=EDGE_CURVE('',#1523,#1524,#749,.T.);
#1862=EDGE_CURVE('',#1522,#1524,#750,.T.);
#1863=EDGE_CURVE('',#1523,#1405,#751,.T.);
#1864=EDGE_CURVE('',#1406,#1524,#752,.T.);
#1865=EDGE_CURVE('',#1423,#1521,#753,.T.);
#1866=EDGE_CURVE('',#1522,#1424,#754,.T.);
#1867=EDGE_CURVE('',#1525,#1526,#755,.T.);
#1868=EDGE_CURVE('',#1527,#1525,#756,.T.);
#1869=EDGE_CURVE('',#1527,#1528,#757,.T.);
#1870=EDGE_CURVE('',#1526,#1528,#758,.T.);
#1871=EDGE_CURVE('',#1527,#1399,#759,.T.);
#1872=EDGE_CURVE('',#1400,#1528,#760,.T.);
#1873=EDGE_CURVE('',#1407,#1525,#761,.T.);
#1874=EDGE_CURVE('',#1526,#1408,#762,.T.);
#1875=EDGE_CURVE('',#1529,#1530,#763,.T.);
#1876=EDGE_CURVE('',#1529,#1531,#1265,.T.);
#1877=EDGE_CURVE('',#1531,#1532,#764,.T.);
#1878=EDGE_CURVE('',#1532,#1530,#1266,.T.);
#1879=EDGE_CURVE('',#1531,#1391,#765,.T.);
#1880=EDGE_CURVE('',#1392,#1532,#766,.T.);
#1881=EDGE_CURVE('',#1402,#1529,#767,.T.);
#1882=EDGE_CURVE('',#1530,#1403,#768,.T.);
#1883=EDGE_CURVE('',#1471,#1475,#769,.T.);
#1884=EDGE_CURVE('',#1470,#1476,#770,.T.);
#1885=EDGE_CURVE('',#1469,#1477,#771,.T.);
#1886=EDGE_CURVE('',#1468,#1478,#772,.T.);
#1887=EDGE_CURVE('',#1467,#1479,#773,.T.);
#1888=EDGE_CURVE('',#1466,#1480,#774,.T.);
#1889=EDGE_CURVE('',#1465,#1481,#775,.T.);
#1890=EDGE_CURVE('',#1464,#1482,#776,.T.);
#1891=EDGE_CURVE('',#1463,#1483,#777,.T.);
#1892=EDGE_CURVE('',#1462,#1484,#778,.T.);
#1893=EDGE_CURVE('',#1461,#1485,#779,.T.);
#1894=EDGE_CURVE('',#1460,#1486,#780,.T.);
#1895=EDGE_CURVE('',#1459,#1487,#781,.T.);
#1896=EDGE_CURVE('',#1458,#1488,#782,.T.);
#1897=EDGE_CURVE('',#1457,#1489,#783,.T.);
#1898=EDGE_CURVE('',#1456,#1490,#784,.T.);
#1899=EDGE_CURVE('',#1455,#1491,#785,.T.);
#1900=EDGE_CURVE('',#1454,#1492,#786,.T.);
#1901=EDGE_CURVE('',#1453,#1493,#787,.T.);
#1902=EDGE_CURVE('',#1452,#1494,#788,.T.);
#1903=EDGE_CURVE('',#1451,#1495,#789,.T.);
#1904=EDGE_CURVE('',#1450,#1496,#790,.T.);
#1905=EDGE_CURVE('',#1449,#1497,#791,.T.);
#1906=EDGE_CURVE('',#1448,#1498,#792,.T.);
#1907=EDGE_CURVE('',#1447,#1499,#793,.T.);
#1908=EDGE_CURVE('',#1446,#1500,#794,.T.);
#1909=EDGE_CURVE('',#1445,#1501,#795,.T.);
#1910=EDGE_CURVE('',#1444,#1502,#796,.T.);
#1911=EDGE_CURVE('',#1443,#1503,#797,.T.);
#1912=EDGE_CURVE('',#1442,#1504,#798,.T.);
#1913=EDGE_CURVE('',#1441,#1505,#799,.T.);
#1914=EDGE_CURVE('',#1440,#1506,#800,.T.);
#1915=EDGE_CURVE('',#1439,#1507,#801,.T.);
#1916=EDGE_CURVE('',#1438,#1508,#802,.T.);
#1917=EDGE_CURVE('',#1437,#1509,#803,.T.);
#1918=EDGE_CURVE('',#1436,#1510,#804,.T.);
#1919=EDGE_CURVE('',#1435,#1511,#805,.T.);
#1920=EDGE_CURVE('',#1434,#1512,#806,.T.);
#1921=EDGE_CURVE('',#1433,#1513,#807,.T.);
#1922=EDGE_CURVE('',#1432,#1514,#808,.T.);
#1923=EDGE_CURVE('',#1431,#1515,#809,.T.);
#1924=EDGE_CURVE('',#1430,#1516,#810,.T.);
#1925=EDGE_CURVE('',#1429,#1517,#811,.T.);
#1926=EDGE_CURVE('',#1428,#1518,#812,.T.);
#1927=EDGE_CURVE('',#1427,#1519,#813,.T.);
#1928=EDGE_CURVE('',#1426,#1520,#814,.T.);
#1929=EDGE_CURVE('',#1533,#1534,#815,.T.);
#1930=EDGE_CURVE('',#1534,#1535,#1267,.T.);
#1931=EDGE_CURVE('',#1536,#1535,#816,.T.);
#1932=EDGE_CURVE('',#1536,#1533,#1268,.T.);
#1933=EDGE_CURVE('',#1292,#1534,#817,.T.);
#1934=EDGE_CURVE('',#1533,#1293,#818,.T.);
#1935=EDGE_CURVE('',#1535,#1296,#819,.T.);
#1936=EDGE_CURVE('',#1295,#1536,#820,.T.);
#1937=EDGE_CURVE('',#1537,#1538,#821,.T.);
#1938=EDGE_CURVE('',#1539,#1538,#822,.T.);
#1939=EDGE_CURVE('',#1540,#1539,#823,.T.);
#1940=EDGE_CURVE('',#1537,#1540,#824,.T.);
#1941=EDGE_CURVE('',#1287,#1538,#825,.T.);
#1942=EDGE_CURVE('',#1537,#1288,#826,.T.);
#1943=EDGE_CURVE('',#1539,#1290,#827,.T.);
#1944=EDGE_CURVE('',#1289,#1540,#828,.T.);
#1945=EDGE_CURVE('',#1541,#1542,#829,.T.);
#1946=EDGE_CURVE('',#1543,#1542,#830,.T.);
#1947=EDGE_CURVE('',#1544,#1543,#831,.T.);
#1948=EDGE_CURVE('',#1541,#1544,#832,.T.);
#1949=EDGE_CURVE('',#1283,#1542,#833,.T.);
#1950=EDGE_CURVE('',#1541,#1284,#834,.T.);
#1951=EDGE_CURVE('',#1543,#1286,#835,.T.);
#1952=EDGE_CURVE('',#1285,#1544,#836,.T.);
#1953=EDGE_CURVE('',#1545,#1425,#837,.T.);
#1954=EDGE_CURVE('',#1545,#1302,#838,.T.);
#1955=EDGE_CURVE('',#1294,#1546,#839,.T.);
#1956=EDGE_CURVE('',#1421,#1546,#840,.T.);
#1957=EDGE_CURVE('',#1546,#1545,#1269,.T.);
#1958=EDGE_CURVE('',#1297,#1547,#841,.T.);
#1959=EDGE_CURVE('',#1473,#1547,#842,.T.);
#1960=EDGE_CURVE('',#1548,#1419,#843,.T.);
#1961=EDGE_CURVE('',#1548,#1291,#844,.T.);
#1962=EDGE_CURVE('',#1547,#1548,#1270,.T.);
#1963=EDGE_CURVE('',#1549,#1474,#845,.T.);
#1964=EDGE_CURVE('',#1549,#1398,#846,.T.);
#1965=EDGE_CURVE('',#1404,#1550,#847,.T.);
#1966=EDGE_CURVE('',#1413,#1550,#848,.T.);
#1967=EDGE_CURVE('',#1550,#1549,#1271,.T.);
#1968=EDGE_CURVE('',#1393,#1551,#849,.T.);
#1969=EDGE_CURVE('',#1472,#1551,#850,.T.);
#1970=EDGE_CURVE('',#1552,#1409,#851,.T.);
#1971=EDGE_CURVE('',#1552,#1401,#852,.T.);
#1972=EDGE_CURVE('',#1551,#1552,#1272,.T.);
#1973=ORIENTED_EDGE('',*,*,#1553,.F.);
#1974=ORIENTED_EDGE('',*,*,#1554,.T.);
#1975=ORIENTED_EDGE('',*,*,#1555,.T.);
#1976=ORIENTED_EDGE('',*,*,#1554,.F.);
#1977=ORIENTED_EDGE('',*,*,#1556,.F.);
#1978=ORIENTED_EDGE('',*,*,#1557,.T.);
#1979=ORIENTED_EDGE('',*,*,#1558,.T.);
#1980=ORIENTED_EDGE('',*,*,#1557,.F.);
#1981=ORIENTED_EDGE('',*,*,#1559,.F.);
#1982=ORIENTED_EDGE('',*,*,#1560,.T.);
#1983=ORIENTED_EDGE('',*,*,#1561,.T.);
#1984=ORIENTED_EDGE('',*,*,#1560,.F.);
#1985=ORIENTED_EDGE('',*,*,#1562,.F.);
#1986=ORIENTED_EDGE('',*,*,#1563,.T.);
#1987=ORIENTED_EDGE('',*,*,#1564,.T.);
#1988=ORIENTED_EDGE('',*,*,#1563,.F.);
#1989=ORIENTED_EDGE('',*,*,#1565,.T.);
#1990=ORIENTED_EDGE('',*,*,#1566,.T.);
#1991=ORIENTED_EDGE('',*,*,#1567,.F.);
#1992=ORIENTED_EDGE('',*,*,#1568,.T.);
#1993=ORIENTED_EDGE('',*,*,#1569,.T.);
#1994=ORIENTED_EDGE('',*,*,#1570,.T.);
#1995=ORIENTED_EDGE('',*,*,#1571,.F.);
#1996=ORIENTED_EDGE('',*,*,#1572,.T.);
#1997=ORIENTED_EDGE('',*,*,#1573,.T.);
#1998=ORIENTED_EDGE('',*,*,#1574,.T.);
#1999=ORIENTED_EDGE('',*,*,#1575,.T.);
#2000=ORIENTED_EDGE('',*,*,#1576,.F.);
#2001=ORIENTED_EDGE('',*,*,#1577,.T.);
#2002=ORIENTED_EDGE('',*,*,#1578,.T.);
#2003=ORIENTED_EDGE('',*,*,#1579,.T.);
#2004=ORIENTED_EDGE('',*,*,#1580,.T.);
#2005=ORIENTED_EDGE('',*,*,#1581,.T.);
#2006=ORIENTED_EDGE('',*,*,#1582,.T.);
#2007=ORIENTED_EDGE('',*,*,#1583,.F.);
#2008=ORIENTED_EDGE('',*,*,#1584,.F.);
#2009=ORIENTED_EDGE('',*,*,#1585,.T.);
#2010=ORIENTED_EDGE('',*,*,#1586,.T.);
#2011=ORIENTED_EDGE('',*,*,#1587,.T.);
#2012=ORIENTED_EDGE('',*,*,#1588,.T.);
#2013=ORIENTED_EDGE('',*,*,#1589,.F.);
#2014=ORIENTED_EDGE('',*,*,#1590,.F.);
#2015=ORIENTED_EDGE('',*,*,#1591,.T.);
#2016=ORIENTED_EDGE('',*,*,#1592,.T.);
#2017=ORIENTED_EDGE('',*,*,#1593,.F.);
#2018=ORIENTED_EDGE('',*,*,#1594,.F.);
#2019=ORIENTED_EDGE('',*,*,#1595,.T.);
#2020=ORIENTED_EDGE('',*,*,#1596,.T.);
#2021=ORIENTED_EDGE('',*,*,#1597,.F.);
#2022=ORIENTED_EDGE('',*,*,#1598,.F.);
#2023=ORIENTED_EDGE('',*,*,#1599,.T.);
#2024=ORIENTED_EDGE('',*,*,#1600,.T.);
#2025=ORIENTED_EDGE('',*,*,#1601,.F.);
#2026=ORIENTED_EDGE('',*,*,#1602,.F.);
#2027=ORIENTED_EDGE('',*,*,#1603,.T.);
#2028=ORIENTED_EDGE('',*,*,#1604,.T.);
#2029=ORIENTED_EDGE('',*,*,#1605,.F.);
#2030=ORIENTED_EDGE('',*,*,#1606,.F.);
#2031=ORIENTED_EDGE('',*,*,#1607,.T.);
#2032=ORIENTED_EDGE('',*,*,#1608,.T.);
#2033=ORIENTED_EDGE('',*,*,#1609,.F.);
#2034=ORIENTED_EDGE('',*,*,#1610,.F.);
#2035=ORIENTED_EDGE('',*,*,#1611,.T.);
#2036=ORIENTED_EDGE('',*,*,#1612,.T.);
#2037=ORIENTED_EDGE('',*,*,#1613,.F.);
#2038=ORIENTED_EDGE('',*,*,#1614,.F.);
#2039=ORIENTED_EDGE('',*,*,#1615,.T.);
#2040=ORIENTED_EDGE('',*,*,#1616,.T.);
#2041=ORIENTED_EDGE('',*,*,#1617,.F.);
#2042=ORIENTED_EDGE('',*,*,#1618,.F.);
#2043=ORIENTED_EDGE('',*,*,#1619,.T.);
#2044=ORIENTED_EDGE('',*,*,#1620,.T.);
#2045=ORIENTED_EDGE('',*,*,#1621,.F.);
#2046=ORIENTED_EDGE('',*,*,#1622,.F.);
#2047=ORIENTED_EDGE('',*,*,#1623,.T.);
#2048=ORIENTED_EDGE('',*,*,#1624,.T.);
#2049=ORIENTED_EDGE('',*,*,#1625,.F.);
#2050=ORIENTED_EDGE('',*,*,#1626,.F.);
#2051=ORIENTED_EDGE('',*,*,#1627,.T.);
#2052=ORIENTED_EDGE('',*,*,#1628,.T.);
#2053=ORIENTED_EDGE('',*,*,#1629,.F.);
#2054=ORIENTED_EDGE('',*,*,#1630,.F.);
#2055=ORIENTED_EDGE('',*,*,#1631,.T.);
#2056=ORIENTED_EDGE('',*,*,#1632,.T.);
#2057=ORIENTED_EDGE('',*,*,#1633,.F.);
#2058=ORIENTED_EDGE('',*,*,#1634,.F.);
#2059=ORIENTED_EDGE('',*,*,#1635,.T.);
#2060=ORIENTED_EDGE('',*,*,#1636,.T.);
#2061=ORIENTED_EDGE('',*,*,#1637,.F.);
#2062=ORIENTED_EDGE('',*,*,#1638,.F.);
#2063=ORIENTED_EDGE('',*,*,#1639,.T.);
#2064=ORIENTED_EDGE('',*,*,#1640,.T.);
#2065=ORIENTED_EDGE('',*,*,#1641,.F.);
#2066=ORIENTED_EDGE('',*,*,#1642,.F.);
#2067=ORIENTED_EDGE('',*,*,#1643,.T.);
#2068=ORIENTED_EDGE('',*,*,#1644,.T.);
#2069=ORIENTED_EDGE('',*,*,#1645,.F.);
#2070=ORIENTED_EDGE('',*,*,#1646,.F.);
#2071=ORIENTED_EDGE('',*,*,#1647,.T.);
#2072=ORIENTED_EDGE('',*,*,#1648,.T.);
#2073=ORIENTED_EDGE('',*,*,#1649,.F.);
#2074=ORIENTED_EDGE('',*,*,#1650,.F.);
#2075=ORIENTED_EDGE('',*,*,#1651,.T.);
#2076=ORIENTED_EDGE('',*,*,#1652,.T.);
#2077=ORIENTED_EDGE('',*,*,#1653,.F.);
#2078=ORIENTED_EDGE('',*,*,#1654,.F.);
#2079=ORIENTED_EDGE('',*,*,#1655,.T.);
#2080=ORIENTED_EDGE('',*,*,#1656,.T.);
#2081=ORIENTED_EDGE('',*,*,#1657,.F.);
#2082=ORIENTED_EDGE('',*,*,#1658,.F.);
#2083=ORIENTED_EDGE('',*,*,#1659,.T.);
#2084=ORIENTED_EDGE('',*,*,#1660,.T.);
#2085=ORIENTED_EDGE('',*,*,#1661,.F.);
#2086=ORIENTED_EDGE('',*,*,#1662,.F.);
#2087=ORIENTED_EDGE('',*,*,#1663,.T.);
#2088=ORIENTED_EDGE('',*,*,#1664,.T.);
#2089=ORIENTED_EDGE('',*,*,#1665,.F.);
#2090=ORIENTED_EDGE('',*,*,#1666,.F.);
#2091=ORIENTED_EDGE('',*,*,#1667,.T.);
#2092=ORIENTED_EDGE('',*,*,#1668,.T.);
#2093=ORIENTED_EDGE('',*,*,#1669,.F.);
#2094=ORIENTED_EDGE('',*,*,#1670,.F.);
#2095=ORIENTED_EDGE('',*,*,#1671,.T.);
#2096=ORIENTED_EDGE('',*,*,#1672,.T.);
#2097=ORIENTED_EDGE('',*,*,#1673,.F.);
#2098=ORIENTED_EDGE('',*,*,#1674,.F.);
#2099=ORIENTED_EDGE('',*,*,#1675,.F.);
#2100=ORIENTED_EDGE('',*,*,#1676,.T.);
#2101=ORIENTED_EDGE('',*,*,#1677,.T.);
#2102=ORIENTED_EDGE('',*,*,#1678,.F.);
#2103=ORIENTED_EDGE('',*,*,#1679,.T.);
#2104=ORIENTED_EDGE('',*,*,#1680,.T.);
#2105=ORIENTED_EDGE('',*,*,#1681,.T.);
#2106=ORIENTED_EDGE('',*,*,#1682,.T.);
#2107=ORIENTED_EDGE('',*,*,#1683,.F.);
#2108=ORIENTED_EDGE('',*,*,#1684,.T.);
#2109=ORIENTED_EDGE('',*,*,#1685,.T.);
#2110=ORIENTED_EDGE('',*,*,#1686,.T.);
#2111=ORIENTED_EDGE('',*,*,#1687,.T.);
#2112=ORIENTED_EDGE('',*,*,#1688,.T.);
#2113=ORIENTED_EDGE('',*,*,#1689,.F.);
#2114=ORIENTED_EDGE('',*,*,#1690,.T.);
#2115=ORIENTED_EDGE('',*,*,#1691,.T.);
#2116=ORIENTED_EDGE('',*,*,#1692,.T.);
#2117=ORIENTED_EDGE('',*,*,#1693,.F.);
#2118=ORIENTED_EDGE('',*,*,#1694,.T.);
#2119=ORIENTED_EDGE('',*,*,#1695,.T.);
#2120=ORIENTED_EDGE('',*,*,#1696,.F.);
#2121=ORIENTED_EDGE('',*,*,#1697,.F.);
#2122=ORIENTED_EDGE('',*,*,#1698,.T.);
#2123=ORIENTED_EDGE('',*,*,#1699,.F.);
#2124=ORIENTED_EDGE('',*,*,#1700,.F.);
#2125=ORIENTED_EDGE('',*,*,#1701,.T.);
#2126=ORIENTED_EDGE('',*,*,#1702,.F.);
#2127=ORIENTED_EDGE('',*,*,#1703,.F.);
#2128=ORIENTED_EDGE('',*,*,#1699,.T.);
#2129=ORIENTED_EDGE('',*,*,#1553,.T.);
#2130=ORIENTED_EDGE('',*,*,#1556,.T.);
#2131=ORIENTED_EDGE('',*,*,#1559,.T.);
#2132=ORIENTED_EDGE('',*,*,#1562,.T.);
#2133=ORIENTED_EDGE('',*,*,#1704,.F.);
#2134=ORIENTED_EDGE('',*,*,#1705,.T.);
#2135=ORIENTED_EDGE('',*,*,#1565,.F.);
#2136=ORIENTED_EDGE('',*,*,#1706,.F.);
#2137=ORIENTED_EDGE('',*,*,#1707,.F.);
#2138=ORIENTED_EDGE('',*,*,#1708,.F.);
#2139=ORIENTED_EDGE('',*,*,#1702,.T.);
#2140=ORIENTED_EDGE('',*,*,#1709,.T.);
#2141=ORIENTED_EDGE('',*,*,#1695,.F.);
#2142=ORIENTED_EDGE('',*,*,#1710,.T.);
#2143=ORIENTED_EDGE('',*,*,#1711,.T.);
#2144=ORIENTED_EDGE('',*,*,#1712,.T.);
#2145=ORIENTED_EDGE('',*,*,#1713,.F.);
#2146=ORIENTED_EDGE('',*,*,#1714,.T.);
#2147=ORIENTED_EDGE('',*,*,#1584,.T.);
#2148=ORIENTED_EDGE('',*,*,#1715,.F.);
#2149=ORIENTED_EDGE('',*,*,#1716,.F.);
#2150=ORIENTED_EDGE('',*,*,#1717,.F.);
#2151=ORIENTED_EDGE('',*,*,#1590,.T.);
#2152=ORIENTED_EDGE('',*,*,#1718,.F.);
#2153=ORIENTED_EDGE('',*,*,#1719,.F.);
#2154=ORIENTED_EDGE('',*,*,#1720,.F.);
#2155=ORIENTED_EDGE('',*,*,#1594,.T.);
#2156=ORIENTED_EDGE('',*,*,#1721,.F.);
#2157=ORIENTED_EDGE('',*,*,#1722,.F.);
#2158=ORIENTED_EDGE('',*,*,#1723,.F.);
#2159=ORIENTED_EDGE('',*,*,#1598,.T.);
#2160=ORIENTED_EDGE('',*,*,#1724,.F.);
#2161=ORIENTED_EDGE('',*,*,#1725,.F.);
#2162=ORIENTED_EDGE('',*,*,#1726,.F.);
#2163=ORIENTED_EDGE('',*,*,#1602,.T.);
#2164=ORIENTED_EDGE('',*,*,#1727,.F.);
#2165=ORIENTED_EDGE('',*,*,#1728,.F.);
#2166=ORIENTED_EDGE('',*,*,#1729,.F.);
#2167=ORIENTED_EDGE('',*,*,#1606,.T.);
#2168=ORIENTED_EDGE('',*,*,#1730,.F.);
#2169=ORIENTED_EDGE('',*,*,#1731,.F.);
#2170=ORIENTED_EDGE('',*,*,#1732,.F.);
#2171=ORIENTED_EDGE('',*,*,#1610,.T.);
#2172=ORIENTED_EDGE('',*,*,#1733,.F.);
#2173=ORIENTED_EDGE('',*,*,#1734,.F.);
#2174=ORIENTED_EDGE('',*,*,#1735,.F.);
#2175=ORIENTED_EDGE('',*,*,#1614,.T.);
#2176=ORIENTED_EDGE('',*,*,#1736,.F.);
#2177=ORIENTED_EDGE('',*,*,#1737,.F.);
#2178=ORIENTED_EDGE('',*,*,#1738,.F.);
#2179=ORIENTED_EDGE('',*,*,#1618,.T.);
#2180=ORIENTED_EDGE('',*,*,#1739,.F.);
#2181=ORIENTED_EDGE('',*,*,#1740,.F.);
#2182=ORIENTED_EDGE('',*,*,#1741,.F.);
#2183=ORIENTED_EDGE('',*,*,#1622,.T.);
#2184=ORIENTED_EDGE('',*,*,#1742,.F.);
#2185=ORIENTED_EDGE('',*,*,#1743,.F.);
#2186=ORIENTED_EDGE('',*,*,#1744,.F.);
#2187=ORIENTED_EDGE('',*,*,#1626,.T.);
#2188=ORIENTED_EDGE('',*,*,#1745,.F.);
#2189=ORIENTED_EDGE('',*,*,#1746,.F.);
#2190=ORIENTED_EDGE('',*,*,#1747,.F.);
#2191=ORIENTED_EDGE('',*,*,#1630,.T.);
#2192=ORIENTED_EDGE('',*,*,#1748,.F.);
#2193=ORIENTED_EDGE('',*,*,#1749,.F.);
#2194=ORIENTED_EDGE('',*,*,#1750,.F.);
#2195=ORIENTED_EDGE('',*,*,#1634,.T.);
#2196=ORIENTED_EDGE('',*,*,#1751,.F.);
#2197=ORIENTED_EDGE('',*,*,#1752,.F.);
#2198=ORIENTED_EDGE('',*,*,#1753,.F.);
#2199=ORIENTED_EDGE('',*,*,#1638,.T.);
#2200=ORIENTED_EDGE('',*,*,#1754,.F.);
#2201=ORIENTED_EDGE('',*,*,#1755,.F.);
#2202=ORIENTED_EDGE('',*,*,#1756,.F.);
#2203=ORIENTED_EDGE('',*,*,#1642,.T.);
#2204=ORIENTED_EDGE('',*,*,#1757,.F.);
#2205=ORIENTED_EDGE('',*,*,#1758,.F.);
#2206=ORIENTED_EDGE('',*,*,#1759,.F.);
#2207=ORIENTED_EDGE('',*,*,#1646,.T.);
#2208=ORIENTED_EDGE('',*,*,#1760,.F.);
#2209=ORIENTED_EDGE('',*,*,#1761,.F.);
#2210=ORIENTED_EDGE('',*,*,#1762,.F.);
#2211=ORIENTED_EDGE('',*,*,#1650,.T.);
#2212=ORIENTED_EDGE('',*,*,#1763,.F.);
#2213=ORIENTED_EDGE('',*,*,#1764,.F.);
#2214=ORIENTED_EDGE('',*,*,#1765,.F.);
#2215=ORIENTED_EDGE('',*,*,#1654,.T.);
#2216=ORIENTED_EDGE('',*,*,#1766,.F.);
#2217=ORIENTED_EDGE('',*,*,#1767,.F.);
#2218=ORIENTED_EDGE('',*,*,#1768,.F.);
#2219=ORIENTED_EDGE('',*,*,#1658,.T.);
#2220=ORIENTED_EDGE('',*,*,#1769,.F.);
#2221=ORIENTED_EDGE('',*,*,#1770,.F.);
#2222=ORIENTED_EDGE('',*,*,#1771,.F.);
#2223=ORIENTED_EDGE('',*,*,#1662,.T.);
#2224=ORIENTED_EDGE('',*,*,#1772,.F.);
#2225=ORIENTED_EDGE('',*,*,#1773,.F.);
#2226=ORIENTED_EDGE('',*,*,#1774,.F.);
#2227=ORIENTED_EDGE('',*,*,#1666,.T.);
#2228=ORIENTED_EDGE('',*,*,#1775,.F.);
#2229=ORIENTED_EDGE('',*,*,#1776,.F.);
#2230=ORIENTED_EDGE('',*,*,#1777,.F.);
#2231=ORIENTED_EDGE('',*,*,#1670,.T.);
#2232=ORIENTED_EDGE('',*,*,#1778,.F.);
#2233=ORIENTED_EDGE('',*,*,#1779,.F.);
#2234=ORIENTED_EDGE('',*,*,#1780,.F.);
#2235=ORIENTED_EDGE('',*,*,#1674,.T.);
#2236=ORIENTED_EDGE('',*,*,#1781,.F.);
#2237=ORIENTED_EDGE('',*,*,#1782,.F.);
#2238=ORIENTED_EDGE('',*,*,#1783,.F.);
#2239=ORIENTED_EDGE('',*,*,#1678,.T.);
#2240=ORIENTED_EDGE('',*,*,#1784,.F.);
#2241=ORIENTED_EDGE('',*,*,#1785,.F.);
#2242=ORIENTED_EDGE('',*,*,#1700,.T.);
#2243=ORIENTED_EDGE('',*,*,#1703,.T.);
#2244=ORIENTED_EDGE('',*,*,#1708,.T.);
#2245=ORIENTED_EDGE('',*,*,#1786,.F.);
#2246=ORIENTED_EDGE('',*,*,#1787,.F.);
#2247=ORIENTED_EDGE('',*,*,#1709,.F.);
#2248=ORIENTED_EDGE('',*,*,#1701,.F.);
#2249=ORIENTED_EDGE('',*,*,#1698,.F.);
#2250=ORIENTED_EDGE('',*,*,#1788,.F.);
#2251=ORIENTED_EDGE('',*,*,#1789,.T.);
#2252=ORIENTED_EDGE('',*,*,#1680,.F.);
#2253=ORIENTED_EDGE('',*,*,#1790,.F.);
#2254=ORIENTED_EDGE('',*,*,#1791,.F.);
#2255=ORIENTED_EDGE('',*,*,#1792,.F.);
#2256=ORIENTED_EDGE('',*,*,#1672,.F.);
#2257=ORIENTED_EDGE('',*,*,#1793,.F.);
#2258=ORIENTED_EDGE('',*,*,#1794,.F.);
#2259=ORIENTED_EDGE('',*,*,#1795,.F.);
#2260=ORIENTED_EDGE('',*,*,#1668,.F.);
#2261=ORIENTED_EDGE('',*,*,#1796,.F.);
#2262=ORIENTED_EDGE('',*,*,#1797,.F.);
#2263=ORIENTED_EDGE('',*,*,#1798,.F.);
#2264=ORIENTED_EDGE('',*,*,#1664,.F.);
#2265=ORIENTED_EDGE('',*,*,#1799,.F.);
#2266=ORIENTED_EDGE('',*,*,#1800,.F.);
#2267=ORIENTED_EDGE('',*,*,#1801,.F.);
#2268=ORIENTED_EDGE('',*,*,#1660,.F.);
#2269=ORIENTED_EDGE('',*,*,#1802,.F.);
#2270=ORIENTED_EDGE('',*,*,#1803,.F.);
#2271=ORIENTED_EDGE('',*,*,#1804,.F.);
#2272=ORIENTED_EDGE('',*,*,#1656,.F.);
#2273=ORIENTED_EDGE('',*,*,#1805,.F.);
#2274=ORIENTED_EDGE('',*,*,#1806,.F.);
#2275=ORIENTED_EDGE('',*,*,#1807,.F.);
#2276=ORIENTED_EDGE('',*,*,#1652,.F.);
#2277=ORIENTED_EDGE('',*,*,#1808,.F.);
#2278=ORIENTED_EDGE('',*,*,#1809,.F.);
#2279=ORIENTED_EDGE('',*,*,#1810,.F.);
#2280=ORIENTED_EDGE('',*,*,#1648,.F.);
#2281=ORIENTED_EDGE('',*,*,#1811,.F.);
#2282=ORIENTED_EDGE('',*,*,#1812,.F.);
#2283=ORIENTED_EDGE('',*,*,#1813,.F.);
#2284=ORIENTED_EDGE('',*,*,#1644,.F.);
#2285=ORIENTED_EDGE('',*,*,#1814,.F.);
#2286=ORIENTED_EDGE('',*,*,#1815,.F.);
#2287=ORIENTED_EDGE('',*,*,#1816,.F.);
#2288=ORIENTED_EDGE('',*,*,#1640,.F.);
#2289=ORIENTED_EDGE('',*,*,#1817,.F.);
#2290=ORIENTED_EDGE('',*,*,#1818,.F.);
#2291=ORIENTED_EDGE('',*,*,#1819,.F.);
#2292=ORIENTED_EDGE('',*,*,#1636,.F.);
#2293=ORIENTED_EDGE('',*,*,#1820,.F.);
#2294=ORIENTED_EDGE('',*,*,#1821,.F.);
#2295=ORIENTED_EDGE('',*,*,#1822,.F.);
#2296=ORIENTED_EDGE('',*,*,#1632,.F.);
#2297=ORIENTED_EDGE('',*,*,#1823,.F.);
#2298=ORIENTED_EDGE('',*,*,#1824,.F.);
#2299=ORIENTED_EDGE('',*,*,#1825,.F.);
#2300=ORIENTED_EDGE('',*,*,#1628,.F.);
#2301=ORIENTED_EDGE('',*,*,#1826,.F.);
#2302=ORIENTED_EDGE('',*,*,#1827,.F.);
#2303=ORIENTED_EDGE('',*,*,#1828,.F.);
#2304=ORIENTED_EDGE('',*,*,#1624,.F.);
#2305=ORIENTED_EDGE('',*,*,#1829,.F.);
#2306=ORIENTED_EDGE('',*,*,#1830,.F.);
#2307=ORIENTED_EDGE('',*,*,#1831,.F.);
#2308=ORIENTED_EDGE('',*,*,#1620,.F.);
#2309=ORIENTED_EDGE('',*,*,#1832,.F.);
#2310=ORIENTED_EDGE('',*,*,#1833,.F.);
#2311=ORIENTED_EDGE('',*,*,#1834,.F.);
#2312=ORIENTED_EDGE('',*,*,#1616,.F.);
#2313=ORIENTED_EDGE('',*,*,#1835,.F.);
#2314=ORIENTED_EDGE('',*,*,#1836,.F.);
#2315=ORIENTED_EDGE('',*,*,#1837,.F.);
#2316=ORIENTED_EDGE('',*,*,#1612,.F.);
#2317=ORIENTED_EDGE('',*,*,#1838,.F.);
#2318=ORIENTED_EDGE('',*,*,#1839,.F.);
#2319=ORIENTED_EDGE('',*,*,#1840,.F.);
#2320=ORIENTED_EDGE('',*,*,#1608,.F.);
#2321=ORIENTED_EDGE('',*,*,#1841,.F.);
#2322=ORIENTED_EDGE('',*,*,#1842,.F.);
#2323=ORIENTED_EDGE('',*,*,#1843,.F.);
#2324=ORIENTED_EDGE('',*,*,#1604,.F.);
#2325=ORIENTED_EDGE('',*,*,#1844,.F.);
#2326=ORIENTED_EDGE('',*,*,#1845,.F.);
#2327=ORIENTED_EDGE('',*,*,#1846,.F.);
#2328=ORIENTED_EDGE('',*,*,#1600,.F.);
#2329=ORIENTED_EDGE('',*,*,#1847,.F.);
#2330=ORIENTED_EDGE('',*,*,#1848,.F.);
#2331=ORIENTED_EDGE('',*,*,#1849,.F.);
#2332=ORIENTED_EDGE('',*,*,#1596,.F.);
#2333=ORIENTED_EDGE('',*,*,#1850,.F.);
#2334=ORIENTED_EDGE('',*,*,#1851,.F.);
#2335=ORIENTED_EDGE('',*,*,#1852,.F.);
#2336=ORIENTED_EDGE('',*,*,#1592,.F.);
#2337=ORIENTED_EDGE('',*,*,#1853,.F.);
#2338=ORIENTED_EDGE('',*,*,#1854,.F.);
#2339=ORIENTED_EDGE('',*,*,#1855,.F.);
#2340=ORIENTED_EDGE('',*,*,#1588,.F.);
#2341=ORIENTED_EDGE('',*,*,#1856,.F.);
#2342=ORIENTED_EDGE('',*,*,#1857,.F.);
#2343=ORIENTED_EDGE('',*,*,#1858,.F.);
#2344=ORIENTED_EDGE('',*,*,#1582,.F.);
#2345=ORIENTED_EDGE('',*,*,#1859,.F.);
#2346=ORIENTED_EDGE('',*,*,#1860,.F.);
#2347=ORIENTED_EDGE('',*,*,#1861,.T.);
#2348=ORIENTED_EDGE('',*,*,#1862,.F.);
#2349=ORIENTED_EDGE('',*,*,#1861,.F.);
#2350=ORIENTED_EDGE('',*,*,#1863,.T.);
#2351=ORIENTED_EDGE('',*,*,#1689,.T.);
#2352=ORIENTED_EDGE('',*,*,#1864,.T.);
#2353=ORIENTED_EDGE('',*,*,#1711,.F.);
#2354=ORIENTED_EDGE('',*,*,#1865,.T.);
#2355=ORIENTED_EDGE('',*,*,#1859,.T.);
#2356=ORIENTED_EDGE('',*,*,#1866,.T.);
#2357=ORIENTED_EDGE('',*,*,#1867,.F.);
#2358=ORIENTED_EDGE('',*,*,#1868,.F.);
#2359=ORIENTED_EDGE('',*,*,#1869,.T.);
#2360=ORIENTED_EDGE('',*,*,#1870,.F.);
#2361=ORIENTED_EDGE('',*,*,#1869,.F.);
#2362=ORIENTED_EDGE('',*,*,#1871,.T.);
#2363=ORIENTED_EDGE('',*,*,#1683,.T.);
#2364=ORIENTED_EDGE('',*,*,#1872,.T.);
#2365=ORIENTED_EDGE('',*,*,#1691,.F.);
#2366=ORIENTED_EDGE('',*,*,#1873,.T.);
#2367=ORIENTED_EDGE('',*,*,#1867,.T.);
#2368=ORIENTED_EDGE('',*,*,#1874,.T.);
#2369=ORIENTED_EDGE('',*,*,#1875,.F.);
#2370=ORIENTED_EDGE('',*,*,#1876,.T.);
#2371=ORIENTED_EDGE('',*,*,#1877,.T.);
#2372=ORIENTED_EDGE('',*,*,#1878,.T.);
#2373=ORIENTED_EDGE('',*,*,#1877,.F.);
#2374=ORIENTED_EDGE('',*,*,#1879,.T.);
#2375=ORIENTED_EDGE('',*,*,#1675,.T.);
#2376=ORIENTED_EDGE('',*,*,#1880,.T.);
#2377=ORIENTED_EDGE('',*,*,#1686,.F.);
#2378=ORIENTED_EDGE('',*,*,#1881,.T.);
#2379=ORIENTED_EDGE('',*,*,#1875,.T.);
#2380=ORIENTED_EDGE('',*,*,#1882,.T.);
#2381=ORIENTED_EDGE('',*,*,#1883,.F.);
#2382=ORIENTED_EDGE('',*,*,#1782,.T.);
#2383=ORIENTED_EDGE('',*,*,#1884,.T.);
#2384=ORIENTED_EDGE('',*,*,#1791,.T.);
#2385=ORIENTED_EDGE('',*,*,#1884,.F.);
#2386=ORIENTED_EDGE('',*,*,#1781,.T.);
#2387=ORIENTED_EDGE('',*,*,#1673,.T.);
#2388=ORIENTED_EDGE('',*,*,#1792,.T.);
#2389=ORIENTED_EDGE('',*,*,#1679,.F.);
#2390=ORIENTED_EDGE('',*,*,#1783,.T.);
#2391=ORIENTED_EDGE('',*,*,#1883,.T.);
#2392=ORIENTED_EDGE('',*,*,#1790,.T.);
#2393=ORIENTED_EDGE('',*,*,#1885,.F.);
#2394=ORIENTED_EDGE('',*,*,#1779,.T.);
#2395=ORIENTED_EDGE('',*,*,#1886,.T.);
#2396=ORIENTED_EDGE('',*,*,#1794,.T.);
#2397=ORIENTED_EDGE('',*,*,#1886,.F.);
#2398=ORIENTED_EDGE('',*,*,#1778,.T.);
#2399=ORIENTED_EDGE('',*,*,#1669,.T.);
#2400=ORIENTED_EDGE('',*,*,#1795,.T.);
#2401=ORIENTED_EDGE('',*,*,#1671,.F.);
#2402=ORIENTED_EDGE('',*,*,#1780,.T.);
#2403=ORIENTED_EDGE('',*,*,#1885,.T.);
#2404=ORIENTED_EDGE('',*,*,#1793,.T.);
#2405=ORIENTED_EDGE('',*,*,#1887,.F.);
#2406=ORIENTED_EDGE('',*,*,#1776,.T.);
#2407=ORIENTED_EDGE('',*,*,#1888,.T.);
#2408=ORIENTED_EDGE('',*,*,#1797,.T.);
#2409=ORIENTED_EDGE('',*,*,#1888,.F.);
#2410=ORIENTED_EDGE('',*,*,#1775,.T.);
#2411=ORIENTED_EDGE('',*,*,#1665,.T.);
#2412=ORIENTED_EDGE('',*,*,#1798,.T.);
#2413=ORIENTED_EDGE('',*,*,#1667,.F.);
#2414=ORIENTED_EDGE('',*,*,#1777,.T.);
#2415=ORIENTED_EDGE('',*,*,#1887,.T.);
#2416=ORIENTED_EDGE('',*,*,#1796,.T.);
#2417=ORIENTED_EDGE('',*,*,#1889,.F.);
#2418=ORIENTED_EDGE('',*,*,#1773,.T.);
#2419=ORIENTED_EDGE('',*,*,#1890,.T.);
#2420=ORIENTED_EDGE('',*,*,#1800,.T.);
#2421=ORIENTED_EDGE('',*,*,#1890,.F.);
#2422=ORIENTED_EDGE('',*,*,#1772,.T.);
#2423=ORIENTED_EDGE('',*,*,#1661,.T.);
#2424=ORIENTED_EDGE('',*,*,#1801,.T.);
#2425=ORIENTED_EDGE('',*,*,#1663,.F.);
#2426=ORIENTED_EDGE('',*,*,#1774,.T.);
#2427=ORIENTED_EDGE('',*,*,#1889,.T.);
#2428=ORIENTED_EDGE('',*,*,#1799,.T.);
#2429=ORIENTED_EDGE('',*,*,#1891,.F.);
#2430=ORIENTED_EDGE('',*,*,#1770,.T.);
#2431=ORIENTED_EDGE('',*,*,#1892,.T.);
#2432=ORIENTED_EDGE('',*,*,#1803,.T.);
#2433=ORIENTED_EDGE('',*,*,#1892,.F.);
#2434=ORIENTED_EDGE('',*,*,#1769,.T.);
#2435=ORIENTED_EDGE('',*,*,#1657,.T.);
#2436=ORIENTED_EDGE('',*,*,#1804,.T.);
#2437=ORIENTED_EDGE('',*,*,#1659,.F.);
#2438=ORIENTED_EDGE('',*,*,#1771,.T.);
#2439=ORIENTED_EDGE('',*,*,#1891,.T.);
#2440=ORIENTED_EDGE('',*,*,#1802,.T.);
#2441=ORIENTED_EDGE('',*,*,#1893,.F.);
#2442=ORIENTED_EDGE('',*,*,#1767,.T.);
#2443=ORIENTED_EDGE('',*,*,#1894,.T.);
#2444=ORIENTED_EDGE('',*,*,#1806,.T.);
#2445=ORIENTED_EDGE('',*,*,#1894,.F.);
#2446=ORIENTED_EDGE('',*,*,#1766,.T.);
#2447=ORIENTED_EDGE('',*,*,#1653,.T.);
#2448=ORIENTED_EDGE('',*,*,#1807,.T.);
#2449=ORIENTED_EDGE('',*,*,#1655,.F.);
#2450=ORIENTED_EDGE('',*,*,#1768,.T.);
#2451=ORIENTED_EDGE('',*,*,#1893,.T.);
#2452=ORIENTED_EDGE('',*,*,#1805,.T.);
#2453=ORIENTED_EDGE('',*,*,#1895,.F.);
#2454=ORIENTED_EDGE('',*,*,#1764,.T.);
#2455=ORIENTED_EDGE('',*,*,#1896,.T.);
#2456=ORIENTED_EDGE('',*,*,#1809,.T.);
#2457=ORIENTED_EDGE('',*,*,#1896,.F.);
#2458=ORIENTED_EDGE('',*,*,#1763,.T.);
#2459=ORIENTED_EDGE('',*,*,#1649,.T.);
#2460=ORIENTED_EDGE('',*,*,#1810,.T.);
#2461=ORIENTED_EDGE('',*,*,#1651,.F.);
#2462=ORIENTED_EDGE('',*,*,#1765,.T.);
#2463=ORIENTED_EDGE('',*,*,#1895,.T.);
#2464=ORIENTED_EDGE('',*,*,#1808,.T.);
#2465=ORIENTED_EDGE('',*,*,#1897,.F.);
#2466=ORIENTED_EDGE('',*,*,#1761,.T.);
#2467=ORIENTED_EDGE('',*,*,#1898,.T.);
#2468=ORIENTED_EDGE('',*,*,#1812,.T.);
#2469=ORIENTED_EDGE('',*,*,#1898,.F.);
#2470=ORIENTED_EDGE('',*,*,#1760,.T.);
#2471=ORIENTED_EDGE('',*,*,#1645,.T.);
#2472=ORIENTED_EDGE('',*,*,#1813,.T.);
#2473=ORIENTED_EDGE('',*,*,#1647,.F.);
#2474=ORIENTED_EDGE('',*,*,#1762,.T.);
#2475=ORIENTED_EDGE('',*,*,#1897,.T.);
#2476=ORIENTED_EDGE('',*,*,#1811,.T.);
#2477=ORIENTED_EDGE('',*,*,#1899,.F.);
#2478=ORIENTED_EDGE('',*,*,#1758,.T.);
#2479=ORIENTED_EDGE('',*,*,#1900,.T.);
#2480=ORIENTED_EDGE('',*,*,#1815,.T.);
#2481=ORIENTED_EDGE('',*,*,#1900,.F.);
#2482=ORIENTED_EDGE('',*,*,#1757,.T.);
#2483=ORIENTED_EDGE('',*,*,#1641,.T.);
#2484=ORIENTED_EDGE('',*,*,#1816,.T.);
#2485=ORIENTED_EDGE('',*,*,#1643,.F.);
#2486=ORIENTED_EDGE('',*,*,#1759,.T.);
#2487=ORIENTED_EDGE('',*,*,#1899,.T.);
#2488=ORIENTED_EDGE('',*,*,#1814,.T.);
#2489=ORIENTED_EDGE('',*,*,#1901,.F.);
#2490=ORIENTED_EDGE('',*,*,#1755,.T.);
#2491=ORIENTED_EDGE('',*,*,#1902,.T.);
#2492=ORIENTED_EDGE('',*,*,#1818,.T.);
#2493=ORIENTED_EDGE('',*,*,#1902,.F.);
#2494=ORIENTED_EDGE('',*,*,#1754,.T.);
#2495=ORIENTED_EDGE('',*,*,#1637,.T.);
#2496=ORIENTED_EDGE('',*,*,#1819,.T.);
#2497=ORIENTED_EDGE('',*,*,#1639,.F.);
#2498=ORIENTED_EDGE('',*,*,#1756,.T.);
#2499=ORIENTED_EDGE('',*,*,#1901,.T.);
#2500=ORIENTED_EDGE('',*,*,#1817,.T.);
#2501=ORIENTED_EDGE('',*,*,#1903,.F.);
#2502=ORIENTED_EDGE('',*,*,#1752,.T.);
#2503=ORIENTED_EDGE('',*,*,#1904,.T.);
#2504=ORIENTED_EDGE('',*,*,#1821,.T.);
#2505=ORIENTED_EDGE('',*,*,#1904,.F.);
#2506=ORIENTED_EDGE('',*,*,#1751,.T.);
#2507=ORIENTED_EDGE('',*,*,#1633,.T.);
#2508=ORIENTED_EDGE('',*,*,#1822,.T.);
#2509=ORIENTED_EDGE('',*,*,#1635,.F.);
#2510=ORIENTED_EDGE('',*,*,#1753,.T.);
#2511=ORIENTED_EDGE('',*,*,#1903,.T.);
#2512=ORIENTED_EDGE('',*,*,#1820,.T.);
#2513=ORIENTED_EDGE('',*,*,#1905,.F.);
#2514=ORIENTED_EDGE('',*,*,#1749,.T.);
#2515=ORIENTED_EDGE('',*,*,#1906,.T.);
#2516=ORIENTED_EDGE('',*,*,#1824,.T.);
#2517=ORIENTED_EDGE('',*,*,#1906,.F.);
#2518=ORIENTED_EDGE('',*,*,#1748,.T.);
#2519=ORIENTED_EDGE('',*,*,#1629,.T.);
#2520=ORIENTED_EDGE('',*,*,#1825,.T.);
#2521=ORIENTED_EDGE('',*,*,#1631,.F.);
#2522=ORIENTED_EDGE('',*,*,#1750,.T.);
#2523=ORIENTED_EDGE('',*,*,#1905,.T.);
#2524=ORIENTED_EDGE('',*,*,#1823,.T.);
#2525=ORIENTED_EDGE('',*,*,#1907,.F.);
#2526=ORIENTED_EDGE('',*,*,#1746,.T.);
#2527=ORIENTED_EDGE('',*,*,#1908,.T.);
#2528=ORIENTED_EDGE('',*,*,#1827,.T.);
#2529=ORIENTED_EDGE('',*,*,#1908,.F.);
#2530=ORIENTED_EDGE('',*,*,#1745,.T.);
#2531=ORIENTED_EDGE('',*,*,#1625,.T.);
#2532=ORIENTED_EDGE('',*,*,#1828,.T.);
#2533=ORIENTED_EDGE('',*,*,#1627,.F.);
#2534=ORIENTED_EDGE('',*,*,#1747,.T.);
#2535=ORIENTED_EDGE('',*,*,#1907,.T.);
#2536=ORIENTED_EDGE('',*,*,#1826,.T.);
#2537=ORIENTED_EDGE('',*,*,#1909,.F.);
#2538=ORIENTED_EDGE('',*,*,#1743,.T.);
#2539=ORIENTED_EDGE('',*,*,#1910,.T.);
#2540=ORIENTED_EDGE('',*,*,#1830,.T.);
#2541=ORIENTED_EDGE('',*,*,#1910,.F.);
#2542=ORIENTED_EDGE('',*,*,#1742,.T.);
#2543=ORIENTED_EDGE('',*,*,#1621,.T.);
#2544=ORIENTED_EDGE('',*,*,#1831,.T.);
#2545=ORIENTED_EDGE('',*,*,#1623,.F.);
#2546=ORIENTED_EDGE('',*,*,#1744,.T.);
#2547=ORIENTED_EDGE('',*,*,#1909,.T.);
#2548=ORIENTED_EDGE('',*,*,#1829,.T.);
#2549=ORIENTED_EDGE('',*,*,#1911,.F.);
#2550=ORIENTED_EDGE('',*,*,#1740,.T.);
#2551=ORIENTED_EDGE('',*,*,#1912,.T.);
#2552=ORIENTED_EDGE('',*,*,#1833,.T.);
#2553=ORIENTED_EDGE('',*,*,#1912,.F.);
#2554=ORIENTED_EDGE('',*,*,#1739,.T.);
#2555=ORIENTED_EDGE('',*,*,#1617,.T.);
#2556=ORIENTED_EDGE('',*,*,#1834,.T.);
#2557=ORIENTED_EDGE('',*,*,#1619,.F.);
#2558=ORIENTED_EDGE('',*,*,#1741,.T.);
#2559=ORIENTED_EDGE('',*,*,#1911,.T.);
#2560=ORIENTED_EDGE('',*,*,#1832,.T.);
#2561=ORIENTED_EDGE('',*,*,#1913,.F.);
#2562=ORIENTED_EDGE('',*,*,#1737,.T.);
#2563=ORIENTED_EDGE('',*,*,#1914,.T.);
#2564=ORIENTED_EDGE('',*,*,#1836,.T.);
#2565=ORIENTED_EDGE('',*,*,#1914,.F.);
#2566=ORIENTED_EDGE('',*,*,#1736,.T.);
#2567=ORIENTED_EDGE('',*,*,#1613,.T.);
#2568=ORIENTED_EDGE('',*,*,#1837,.T.);
#2569=ORIENTED_EDGE('',*,*,#1615,.F.);
#2570=ORIENTED_EDGE('',*,*,#1738,.T.);
#2571=ORIENTED_EDGE('',*,*,#1913,.T.);
#2572=ORIENTED_EDGE('',*,*,#1835,.T.);
#2573=ORIENTED_EDGE('',*,*,#1915,.F.);
#2574=ORIENTED_EDGE('',*,*,#1734,.T.);
#2575=ORIENTED_EDGE('',*,*,#1916,.T.);
#2576=ORIENTED_EDGE('',*,*,#1839,.T.);
#2577=ORIENTED_EDGE('',*,*,#1916,.F.);
#2578=ORIENTED_EDGE('',*,*,#1733,.T.);
#2579=ORIENTED_EDGE('',*,*,#1609,.T.);
#2580=ORIENTED_EDGE('',*,*,#1840,.T.);
#2581=ORIENTED_EDGE('',*,*,#1611,.F.);
#2582=ORIENTED_EDGE('',*,*,#1735,.T.);
#2583=ORIENTED_EDGE('',*,*,#1915,.T.);
#2584=ORIENTED_EDGE('',*,*,#1838,.T.);
#2585=ORIENTED_EDGE('',*,*,#1917,.F.);
#2586=ORIENTED_EDGE('',*,*,#1731,.T.);
#2587=ORIENTED_EDGE('',*,*,#1918,.T.);
#2588=ORIENTED_EDGE('',*,*,#1842,.T.);
#2589=ORIENTED_EDGE('',*,*,#1918,.F.);
#2590=ORIENTED_EDGE('',*,*,#1730,.T.);
#2591=ORIENTED_EDGE('',*,*,#1605,.T.);
#2592=ORIENTED_EDGE('',*,*,#1843,.T.);
#2593=ORIENTED_EDGE('',*,*,#1607,.F.);
#2594=ORIENTED_EDGE('',*,*,#1732,.T.);
#2595=ORIENTED_EDGE('',*,*,#1917,.T.);
#2596=ORIENTED_EDGE('',*,*,#1841,.T.);
#2597=ORIENTED_EDGE('',*,*,#1919,.F.);
#2598=ORIENTED_EDGE('',*,*,#1728,.T.);
#2599=ORIENTED_EDGE('',*,*,#1920,.T.);
#2600=ORIENTED_EDGE('',*,*,#1845,.T.);
#2601=ORIENTED_EDGE('',*,*,#1920,.F.);
#2602=ORIENTED_EDGE('',*,*,#1727,.T.);
#2603=ORIENTED_EDGE('',*,*,#1601,.T.);
#2604=ORIENTED_EDGE('',*,*,#1846,.T.);
#2605=ORIENTED_EDGE('',*,*,#1603,.F.);
#2606=ORIENTED_EDGE('',*,*,#1729,.T.);
#2607=ORIENTED_EDGE('',*,*,#1919,.T.);
#2608=ORIENTED_EDGE('',*,*,#1844,.T.);
#2609=ORIENTED_EDGE('',*,*,#1921,.F.);
#2610=ORIENTED_EDGE('',*,*,#1725,.T.);
#2611=ORIENTED_EDGE('',*,*,#1922,.T.);
#2612=ORIENTED_EDGE('',*,*,#1848,.T.);
#2613=ORIENTED_EDGE('',*,*,#1922,.F.);
#2614=ORIENTED_EDGE('',*,*,#1724,.T.);
#2615=ORIENTED_EDGE('',*,*,#1597,.T.);
#2616=ORIENTED_EDGE('',*,*,#1849,.T.);
#2617=ORIENTED_EDGE('',*,*,#1599,.F.);
#2618=ORIENTED_EDGE('',*,*,#1726,.T.);
#2619=ORIENTED_EDGE('',*,*,#1921,.T.);
#2620=ORIENTED_EDGE('',*,*,#1847,.T.);
#2621=ORIENTED_EDGE('',*,*,#1923,.F.);
#2622=ORIENTED_EDGE('',*,*,#1722,.T.);
#2623=ORIENTED_EDGE('',*,*,#1924,.T.);
#2624=ORIENTED_EDGE('',*,*,#1851,.T.);
#2625=ORIENTED_EDGE('',*,*,#1924,.F.);
#2626=ORIENTED_EDGE('',*,*,#1721,.T.);
#2627=ORIENTED_EDGE('',*,*,#1593,.T.);
#2628=ORIENTED_EDGE('',*,*,#1852,.T.);
#2629=ORIENTED_EDGE('',*,*,#1595,.F.);
#2630=ORIENTED_EDGE('',*,*,#1723,.T.);
#2631=ORIENTED_EDGE('',*,*,#1923,.T.);
#2632=ORIENTED_EDGE('',*,*,#1850,.T.);
#2633=ORIENTED_EDGE('',*,*,#1925,.F.);
#2634=ORIENTED_EDGE('',*,*,#1719,.T.);
#2635=ORIENTED_EDGE('',*,*,#1926,.T.);
#2636=ORIENTED_EDGE('',*,*,#1854,.T.);
#2637=ORIENTED_EDGE('',*,*,#1926,.F.);
#2638=ORIENTED_EDGE('',*,*,#1718,.T.);
#2639=ORIENTED_EDGE('',*,*,#1589,.T.);
#2640=ORIENTED_EDGE('',*,*,#1855,.T.);
#2641=ORIENTED_EDGE('',*,*,#1591,.F.);
#2642=ORIENTED_EDGE('',*,*,#1720,.T.);
#2643=ORIENTED_EDGE('',*,*,#1925,.T.);
#2644=ORIENTED_EDGE('',*,*,#1853,.T.);
#2645=ORIENTED_EDGE('',*,*,#1927,.F.);
#2646=ORIENTED_EDGE('',*,*,#1716,.T.);
#2647=ORIENTED_EDGE('',*,*,#1928,.T.);
#2648=ORIENTED_EDGE('',*,*,#1857,.T.);
#2649=ORIENTED_EDGE('',*,*,#1928,.F.);
#2650=ORIENTED_EDGE('',*,*,#1715,.T.);
#2651=ORIENTED_EDGE('',*,*,#1583,.T.);
#2652=ORIENTED_EDGE('',*,*,#1858,.T.);
#2653=ORIENTED_EDGE('',*,*,#1587,.F.);
#2654=ORIENTED_EDGE('',*,*,#1717,.T.);
#2655=ORIENTED_EDGE('',*,*,#1927,.T.);
#2656=ORIENTED_EDGE('',*,*,#1856,.T.);
#2657=ORIENTED_EDGE('',*,*,#1929,.T.);
#2658=ORIENTED_EDGE('',*,*,#1930,.T.);
#2659=ORIENTED_EDGE('',*,*,#1931,.F.);
#2660=ORIENTED_EDGE('',*,*,#1932,.T.);
#2661=ORIENTED_EDGE('',*,*,#1576,.T.);
#2662=ORIENTED_EDGE('',*,*,#1933,.T.);
#2663=ORIENTED_EDGE('',*,*,#1929,.F.);
#2664=ORIENTED_EDGE('',*,*,#1934,.T.);
#2665=ORIENTED_EDGE('',*,*,#1931,.T.);
#2666=ORIENTED_EDGE('',*,*,#1935,.T.);
#2667=ORIENTED_EDGE('',*,*,#1579,.F.);
#2668=ORIENTED_EDGE('',*,*,#1936,.T.);
#2669=ORIENTED_EDGE('',*,*,#1937,.T.);
#2670=ORIENTED_EDGE('',*,*,#1938,.F.);
#2671=ORIENTED_EDGE('',*,*,#1939,.F.);
#2672=ORIENTED_EDGE('',*,*,#1940,.F.);
#2673=ORIENTED_EDGE('',*,*,#1571,.T.);
#2674=ORIENTED_EDGE('',*,*,#1941,.T.);
#2675=ORIENTED_EDGE('',*,*,#1937,.F.);
#2676=ORIENTED_EDGE('',*,*,#1942,.T.);
#2677=ORIENTED_EDGE('',*,*,#1939,.T.);
#2678=ORIENTED_EDGE('',*,*,#1943,.T.);
#2679=ORIENTED_EDGE('',*,*,#1573,.F.);
#2680=ORIENTED_EDGE('',*,*,#1944,.T.);
#2681=ORIENTED_EDGE('',*,*,#1945,.T.);
#2682=ORIENTED_EDGE('',*,*,#1946,.F.);
#2683=ORIENTED_EDGE('',*,*,#1947,.F.);
#2684=ORIENTED_EDGE('',*,*,#1948,.F.);
#2685=ORIENTED_EDGE('',*,*,#1567,.T.);
#2686=ORIENTED_EDGE('',*,*,#1949,.T.);
#2687=ORIENTED_EDGE('',*,*,#1945,.F.);
#2688=ORIENTED_EDGE('',*,*,#1950,.T.);
#2689=ORIENTED_EDGE('',*,*,#1947,.T.);
#2690=ORIENTED_EDGE('',*,*,#1951,.T.);
#2691=ORIENTED_EDGE('',*,*,#1569,.F.);
#2692=ORIENTED_EDGE('',*,*,#1952,.T.);
#2693=ORIENTED_EDGE('',*,*,#1953,.F.);
#2694=ORIENTED_EDGE('',*,*,#1954,.T.);
#2695=ORIENTED_EDGE('',*,*,#1585,.F.);
#2696=ORIENTED_EDGE('',*,*,#1714,.F.);
#2697=ORIENTED_EDGE('',*,*,#1578,.F.);
#2698=ORIENTED_EDGE('',*,*,#1955,.T.);
#2699=ORIENTED_EDGE('',*,*,#1956,.F.);
#2700=ORIENTED_EDGE('',*,*,#1706,.T.);
#2701=ORIENTED_EDGE('',*,*,#1568,.F.);
#2702=ORIENTED_EDGE('',*,*,#1950,.F.);
#2703=ORIENTED_EDGE('',*,*,#1948,.T.);
#2704=ORIENTED_EDGE('',*,*,#1952,.F.);
#2705=ORIENTED_EDGE('',*,*,#1572,.F.);
#2706=ORIENTED_EDGE('',*,*,#1942,.F.);
#2707=ORIENTED_EDGE('',*,*,#1940,.T.);
#2708=ORIENTED_EDGE('',*,*,#1944,.F.);
#2709=ORIENTED_EDGE('',*,*,#1956,.T.);
#2710=ORIENTED_EDGE('',*,*,#1957,.T.);
#2711=ORIENTED_EDGE('',*,*,#1953,.T.);
#2712=ORIENTED_EDGE('',*,*,#1713,.T.);
#2713=ORIENTED_EDGE('',*,*,#1707,.T.);
#2714=ORIENTED_EDGE('',*,*,#1558,.F.);
#2715=ORIENTED_EDGE('',*,*,#1581,.F.);
#2716=ORIENTED_EDGE('',*,*,#1958,.T.);
#2717=ORIENTED_EDGE('',*,*,#1959,.F.);
#2718=ORIENTED_EDGE('',*,*,#1786,.T.);
#2719=ORIENTED_EDGE('',*,*,#1960,.F.);
#2720=ORIENTED_EDGE('',*,*,#1961,.T.);
#2721=ORIENTED_EDGE('',*,*,#1574,.F.);
#2722=ORIENTED_EDGE('',*,*,#1943,.F.);
#2723=ORIENTED_EDGE('',*,*,#1938,.T.);
#2724=ORIENTED_EDGE('',*,*,#1941,.F.);
#2725=ORIENTED_EDGE('',*,*,#1570,.F.);
#2726=ORIENTED_EDGE('',*,*,#1951,.F.);
#2727=ORIENTED_EDGE('',*,*,#1946,.T.);
#2728=ORIENTED_EDGE('',*,*,#1949,.F.);
#2729=ORIENTED_EDGE('',*,*,#1566,.F.);
#2730=ORIENTED_EDGE('',*,*,#1705,.F.);
#2731=ORIENTED_EDGE('',*,*,#1959,.T.);
#2732=ORIENTED_EDGE('',*,*,#1962,.T.);
#2733=ORIENTED_EDGE('',*,*,#1960,.T.);
#2734=ORIENTED_EDGE('',*,*,#1704,.T.);
#2735=ORIENTED_EDGE('',*,*,#1787,.T.);
#2736=ORIENTED_EDGE('',*,*,#1561,.F.);
#2737=ORIENTED_EDGE('',*,*,#1963,.F.);
#2738=ORIENTED_EDGE('',*,*,#1964,.T.);
#2739=ORIENTED_EDGE('',*,*,#1681,.F.);
#2740=ORIENTED_EDGE('',*,*,#1789,.F.);
#2741=ORIENTED_EDGE('',*,*,#1688,.F.);
#2742=ORIENTED_EDGE('',*,*,#1965,.T.);
#2743=ORIENTED_EDGE('',*,*,#1966,.F.);
#2744=ORIENTED_EDGE('',*,*,#1696,.T.);
#2745=ORIENTED_EDGE('',*,*,#1712,.F.);
#2746=ORIENTED_EDGE('',*,*,#1866,.F.);
#2747=ORIENTED_EDGE('',*,*,#1862,.T.);
#2748=ORIENTED_EDGE('',*,*,#1864,.F.);
#2749=ORIENTED_EDGE('',*,*,#1692,.F.);
#2750=ORIENTED_EDGE('',*,*,#1874,.F.);
#2751=ORIENTED_EDGE('',*,*,#1870,.T.);
#2752=ORIENTED_EDGE('',*,*,#1872,.F.);
#2753=ORIENTED_EDGE('',*,*,#1966,.T.);
#2754=ORIENTED_EDGE('',*,*,#1967,.T.);
#2755=ORIENTED_EDGE('',*,*,#1963,.T.);
#2756=ORIENTED_EDGE('',*,*,#1788,.T.);
#2757=ORIENTED_EDGE('',*,*,#1697,.T.);
#2758=ORIENTED_EDGE('',*,*,#1564,.F.);
#2759=ORIENTED_EDGE('',*,*,#1677,.F.);
#2760=ORIENTED_EDGE('',*,*,#1968,.T.);
#2761=ORIENTED_EDGE('',*,*,#1969,.F.);
#2762=ORIENTED_EDGE('',*,*,#1784,.T.);
#2763=ORIENTED_EDGE('',*,*,#1970,.F.);
#2764=ORIENTED_EDGE('',*,*,#1971,.T.);
#2765=ORIENTED_EDGE('',*,*,#1684,.F.);
#2766=ORIENTED_EDGE('',*,*,#1871,.F.);
#2767=ORIENTED_EDGE('',*,*,#1868,.T.);
#2768=ORIENTED_EDGE('',*,*,#1873,.F.);
#2769=ORIENTED_EDGE('',*,*,#1690,.F.);
#2770=ORIENTED_EDGE('',*,*,#1863,.F.);
#2771=ORIENTED_EDGE('',*,*,#1860,.T.);
#2772=ORIENTED_EDGE('',*,*,#1865,.F.);
#2773=ORIENTED_EDGE('',*,*,#1710,.F.);
#2774=ORIENTED_EDGE('',*,*,#1694,.F.);
#2775=ORIENTED_EDGE('',*,*,#1969,.T.);
#2776=ORIENTED_EDGE('',*,*,#1972,.T.);
#2777=ORIENTED_EDGE('',*,*,#1970,.T.);
#2778=ORIENTED_EDGE('',*,*,#1693,.T.);
#2779=ORIENTED_EDGE('',*,*,#1785,.T.);
#2780=ORIENTED_EDGE('',*,*,#1555,.F.);
#2781=ORIENTED_EDGE('',*,*,#1967,.F.);
#2782=ORIENTED_EDGE('',*,*,#1965,.F.);
#2783=ORIENTED_EDGE('',*,*,#1687,.F.);
#2784=ORIENTED_EDGE('',*,*,#1882,.F.);
#2785=ORIENTED_EDGE('',*,*,#1878,.F.);
#2786=ORIENTED_EDGE('',*,*,#1880,.F.);
#2787=ORIENTED_EDGE('',*,*,#1682,.F.);
#2788=ORIENTED_EDGE('',*,*,#1964,.F.);
#2789=ORIENTED_EDGE('',*,*,#1962,.F.);
#2790=ORIENTED_EDGE('',*,*,#1958,.F.);
#2791=ORIENTED_EDGE('',*,*,#1580,.F.);
#2792=ORIENTED_EDGE('',*,*,#1935,.F.);
#2793=ORIENTED_EDGE('',*,*,#1930,.F.);
#2794=ORIENTED_EDGE('',*,*,#1933,.F.);
#2795=ORIENTED_EDGE('',*,*,#1575,.F.);
#2796=ORIENTED_EDGE('',*,*,#1961,.F.);
#2797=ORIENTED_EDGE('',*,*,#1957,.F.);
#2798=ORIENTED_EDGE('',*,*,#1955,.F.);
#2799=ORIENTED_EDGE('',*,*,#1577,.F.);
#2800=ORIENTED_EDGE('',*,*,#1934,.F.);
#2801=ORIENTED_EDGE('',*,*,#1932,.F.);
#2802=ORIENTED_EDGE('',*,*,#1936,.F.);
#2803=ORIENTED_EDGE('',*,*,#1586,.F.);
#2804=ORIENTED_EDGE('',*,*,#1954,.F.);
#2805=ORIENTED_EDGE('',*,*,#1972,.F.);
#2806=ORIENTED_EDGE('',*,*,#1968,.F.);
#2807=ORIENTED_EDGE('',*,*,#1676,.F.);
#2808=ORIENTED_EDGE('',*,*,#1879,.F.);
#2809=ORIENTED_EDGE('',*,*,#1876,.F.);
#2810=ORIENTED_EDGE('',*,*,#1881,.F.);
#2811=ORIENTED_EDGE('',*,*,#1685,.F.);
#2812=ORIENTED_EDGE('',*,*,#1971,.F.);
#2813=CYLINDRICAL_SURFACE('',#2978,1.6);
#2814=CYLINDRICAL_SURFACE('',#2981,1.6);
#2815=CYLINDRICAL_SURFACE('',#2984,1.6);
#2816=CYLINDRICAL_SURFACE('',#2987,1.6);
#2817=CYLINDRICAL_SURFACE('',#3140,1.59);
#2818=CYLINDRICAL_SURFACE('',#3141,1.59);
#2819=CYLINDRICAL_SURFACE('',#3142,1.59);
#2820=CYLINDRICAL_SURFACE('',#3143,1.59);
#2821=ADVANCED_FACE('',(#165),#2813,.F.);
#2822=ADVANCED_FACE('',(#166),#2814,.F.);
#2823=ADVANCED_FACE('',(#167),#2815,.F.);
#2824=ADVANCED_FACE('',(#168),#2816,.F.);
#2825=ADVANCED_FACE('',(#169),#31,.F.);
#2826=ADVANCED_FACE('',(#170),#32,.F.);
#2827=ADVANCED_FACE('',(#171),#33,.F.);
#2828=ADVANCED_FACE('',(#172),#34,.F.);
#2829=ADVANCED_FACE('',(#173),#35,.F.);
#2830=ADVANCED_FACE('',(#174),#36,.F.);
#2831=ADVANCED_FACE('',(#175),#37,.F.);
#2832=ADVANCED_FACE('',(#176),#38,.F.);
#2833=ADVANCED_FACE('',(#177),#39,.F.);
#2834=ADVANCED_FACE('',(#178),#40,.F.);
#2835=ADVANCED_FACE('',(#179),#41,.F.);
#2836=ADVANCED_FACE('',(#180),#42,.F.);
#2837=ADVANCED_FACE('',(#181),#43,.F.);
#2838=ADVANCED_FACE('',(#182),#44,.F.);
#2839=ADVANCED_FACE('',(#183),#45,.F.);
#2840=ADVANCED_FACE('',(#184),#46,.F.);
#2841=ADVANCED_FACE('',(#185),#47,.F.);
#2842=ADVANCED_FACE('',(#186),#48,.F.);
#2843=ADVANCED_FACE('',(#187),#49,.F.);
#2844=ADVANCED_FACE('',(#188),#50,.F.);
#2845=ADVANCED_FACE('',(#189),#51,.F.);
#2846=ADVANCED_FACE('',(#190),#52,.F.);
#2847=ADVANCED_FACE('',(#191),#53,.F.);
#2848=ADVANCED_FACE('',(#192),#54,.F.);
#2849=ADVANCED_FACE('',(#193),#55,.F.);
#2850=ADVANCED_FACE('',(#194),#56,.F.);
#2851=ADVANCED_FACE('',(#195),#57,.F.);
#2852=ADVANCED_FACE('',(#196),#58,.F.);
#2853=ADVANCED_FACE('',(#197),#59,.F.);
#2854=ADVANCED_FACE('',(#198),#60,.F.);
#2855=ADVANCED_FACE('',(#199,#23,#24,#25,#26),#61,.F.);
#2856=ADVANCED_FACE('',(#200),#62,.F.);
#2857=ADVANCED_FACE('',(#201),#63,.F.);
#2858=ADVANCED_FACE('',(#202),#64,.F.);
#2859=ADVANCED_FACE('',(#203),#65,.T.);
#2860=ADVANCED_FACE('',(#204),#66,.F.);
#2861=ADVANCED_FACE('',(#205),#67,.F.);
#2862=ADVANCED_FACE('',(#206),#68,.F.);
#2863=ADVANCED_FACE('',(#207),#69,.F.);
#2864=ADVANCED_FACE('',(#208),#70,.F.);
#2865=ADVANCED_FACE('',(#209),#71,.F.);
#2866=ADVANCED_FACE('',(#210),#72,.F.);
#2867=ADVANCED_FACE('',(#211),#73,.F.);
#2868=ADVANCED_FACE('',(#212),#74,.F.);
#2869=ADVANCED_FACE('',(#213),#75,.F.);
#2870=ADVANCED_FACE('',(#214),#76,.F.);
#2871=ADVANCED_FACE('',(#215),#77,.F.);
#2872=ADVANCED_FACE('',(#216),#78,.F.);
#2873=ADVANCED_FACE('',(#217),#79,.F.);
#2874=ADVANCED_FACE('',(#218),#80,.F.);
#2875=ADVANCED_FACE('',(#219),#81,.F.);
#2876=ADVANCED_FACE('',(#220),#82,.F.);
#2877=ADVANCED_FACE('',(#221),#83,.F.);
#2878=ADVANCED_FACE('',(#222),#84,.F.);
#2879=ADVANCED_FACE('',(#223),#85,.F.);
#2880=ADVANCED_FACE('',(#224),#86,.F.);
#2881=ADVANCED_FACE('',(#225),#87,.F.);
#2882=ADVANCED_FACE('',(#226),#88,.F.);
#2883=ADVANCED_FACE('',(#227),#89,.F.);
#2884=ADVANCED_FACE('',(#228),#90,.F.);
#2885=ADVANCED_FACE('',(#229),#91,.F.);
#2886=ADVANCED_FACE('',(#230),#92,.F.);
#2887=ADVANCED_FACE('',(#231),#93,.F.);
#2888=ADVANCED_FACE('',(#232),#94,.F.);
#2889=ADVANCED_FACE('',(#233),#95,.F.);
#2890=ADVANCED_FACE('',(#234),#96,.F.);
#2891=ADVANCED_FACE('',(#235),#97,.F.);
#2892=ADVANCED_FACE('',(#236),#98,.F.);
#2893=ADVANCED_FACE('',(#237),#99,.F.);
#2894=ADVANCED_FACE('',(#238),#100,.F.);
#2895=ADVANCED_FACE('',(#239),#101,.F.);
#2896=ADVANCED_FACE('',(#240),#102,.F.);
#2897=ADVANCED_FACE('',(#241),#103,.F.);
#2898=ADVANCED_FACE('',(#242),#104,.F.);
#2899=ADVANCED_FACE('',(#243),#105,.F.);
#2900=ADVANCED_FACE('',(#244),#106,.F.);
#2901=ADVANCED_FACE('',(#245),#107,.F.);
#2902=ADVANCED_FACE('',(#246),#108,.F.);
#2903=ADVANCED_FACE('',(#247),#109,.F.);
#2904=ADVANCED_FACE('',(#248),#110,.F.);
#2905=ADVANCED_FACE('',(#249),#111,.F.);
#2906=ADVANCED_FACE('',(#250),#112,.F.);
#2907=ADVANCED_FACE('',(#251),#113,.F.);
#2908=ADVANCED_FACE('',(#252),#114,.F.);
#2909=ADVANCED_FACE('',(#253),#115,.F.);
#2910=ADVANCED_FACE('',(#254),#116,.F.);
#2911=ADVANCED_FACE('',(#255),#117,.F.);
#2912=ADVANCED_FACE('',(#256),#118,.F.);
#2913=ADVANCED_FACE('',(#257),#119,.F.);
#2914=ADVANCED_FACE('',(#258),#120,.F.);
#2915=ADVANCED_FACE('',(#259),#121,.F.);
#2916=ADVANCED_FACE('',(#260),#122,.F.);
#2917=ADVANCED_FACE('',(#261),#123,.F.);
#2918=ADVANCED_FACE('',(#262),#124,.F.);
#2919=ADVANCED_FACE('',(#263),#125,.F.);
#2920=ADVANCED_FACE('',(#264),#126,.F.);
#2921=ADVANCED_FACE('',(#265),#127,.F.);
#2922=ADVANCED_FACE('',(#266),#128,.F.);
#2923=ADVANCED_FACE('',(#267),#129,.F.);
#2924=ADVANCED_FACE('',(#268),#130,.F.);
#2925=ADVANCED_FACE('',(#269),#131,.F.);
#2926=ADVANCED_FACE('',(#270),#132,.F.);
#2927=ADVANCED_FACE('',(#271),#133,.F.);
#2928=ADVANCED_FACE('',(#272),#134,.F.);
#2929=ADVANCED_FACE('',(#273),#135,.F.);
#2930=ADVANCED_FACE('',(#274),#136,.F.);
#2931=ADVANCED_FACE('',(#275),#137,.F.);
#2932=ADVANCED_FACE('',(#276),#138,.F.);
#2933=ADVANCED_FACE('',(#277),#139,.F.);
#2934=ADVANCED_FACE('',(#278),#140,.F.);
#2935=ADVANCED_FACE('',(#279),#141,.F.);
#2936=ADVANCED_FACE('',(#280),#142,.F.);
#2937=ADVANCED_FACE('',(#281),#143,.F.);
#2938=ADVANCED_FACE('',(#282),#144,.F.);
#2939=ADVANCED_FACE('',(#283),#145,.F.);
#2940=ADVANCED_FACE('',(#284),#146,.F.);
#2941=ADVANCED_FACE('',(#285),#147,.F.);
#2942=ADVANCED_FACE('',(#286),#148,.F.);
#2943=ADVANCED_FACE('',(#287),#149,.F.);
#2944=ADVANCED_FACE('',(#288),#150,.F.);
#2945=ADVANCED_FACE('',(#289),#151,.F.);
#2946=ADVANCED_FACE('',(#290),#152,.F.);
#2947=ADVANCED_FACE('',(#291),#153,.F.);
#2948=ADVANCED_FACE('',(#292),#154,.F.);
#2949=ADVANCED_FACE('',(#293,#27),#155,.T.);
#2950=ADVANCED_FACE('',(#294),#156,.F.);
#2951=ADVANCED_FACE('',(#295),#157,.F.);
#2952=ADVANCED_FACE('',(#296,#28),#158,.F.);
#2953=ADVANCED_FACE('',(#297),#159,.F.);
#2954=ADVANCED_FACE('',(#298),#160,.F.);
#2955=ADVANCED_FACE('',(#299,#29),#161,.T.);
#2956=ADVANCED_FACE('',(#300),#162,.F.);
#2957=ADVANCED_FACE('',(#301),#163,.F.);
#2958=ADVANCED_FACE('',(#302,#30),#164,.F.);
#2959=ADVANCED_FACE('',(#303),#2817,.F.);
#2960=ADVANCED_FACE('',(#304),#2818,.F.);
#2961=ADVANCED_FACE('',(#305),#2819,.F.);
#2962=ADVANCED_FACE('',(#306),#2820,.F.);
#2963=CLOSED_SHELL('',(#2821,#2822,#2823,#2824,#2825,#2826,#2827,#2828,
#2829,#2830,#2831,#2832,#2833,#2834,#2835,#2836,#2837,#2838,#2839,#2840,
#2841,#2842,#2843,#2844,#2845,#2846,#2847,#2848,#2849,#2850,#2851,#2852,
#2853,#2854,#2855,#2856,#2857,#2858,#2859,#2860,#2861,#2862,#2863,#2864,
#2865,#2866,#2867,#2868,#2869,#2870,#2871,#2872,#2873,#2874,#2875,#2876,
#2877,#2878,#2879,#2880,#2881,#2882,#2883,#2884,#2885,#2886,#2887,#2888,
#2889,#2890,#2891,#2892,#2893,#2894,#2895,#2896,#2897,#2898,#2899,#2900,
#2901,#2902,#2903,#2904,#2905,#2906,#2907,#2908,#2909,#2910,#2911,#2912,
#2913,#2914,#2915,#2916,#2917,#2918,#2919,#2920,#2921,#2922,#2923,#2924,
#2925,#2926,#2927,#2928,#2929,#2930,#2931,#2932,#2933,#2934,#2935,#2936,
#2937,#2938,#2939,#2940,#2941,#2942,#2943,#2944,#2945,#2946,#2947,#2948,
#2949,#2950,#2951,#2952,#2953,#2954,#2955,#2956,#2957,#2958,#2959,#2960,
#2961,#2962));
#2964=DERIVED_UNIT_ELEMENT(#2966,1.);
#2965=DERIVED_UNIT_ELEMENT(#4735,-3.);
#2966=(
MASS_UNIT()
NAMED_UNIT(*)
SI_UNIT(.KILO.,.GRAM.)
);
#2967=DERIVED_UNIT((#2964,#2965));
#2968=MEASURE_REPRESENTATION_ITEM('density measure',
POSITIVE_RATIO_MEASURE(7850.),#2967);
#2969=PROPERTY_DEFINITION_REPRESENTATION(#2974,#2971);
#2970=PROPERTY_DEFINITION_REPRESENTATION(#2975,#2972);
#2971=REPRESENTATION('material name',(#2973),#4732);
#2972=REPRESENTATION('density',(#2968),#4732);
#2973=DESCRIPTIVE_REPRESENTATION_ITEM('Steel','Steel');
#2974=PROPERTY_DEFINITION('material property','material name',#4747);
#2975=PROPERTY_DEFINITION('material property','density of part',#4747);
#2976=AXIS2_PLACEMENT_3D('',#3882,#3146,#3147);
#2977=AXIS2_PLACEMENT_3D('',#3883,#3148,#3149);
#2978=AXIS2_PLACEMENT_3D('',#3884,#3150,#3151);
#2979=AXIS2_PLACEMENT_3D('',#3886,#3152,#3153);
#2980=AXIS2_PLACEMENT_3D('',#3889,#3155,#3156);
#2981=AXIS2_PLACEMENT_3D('',#3890,#3157,#3158);
#2982=AXIS2_PLACEMENT_3D('',#3892,#3159,#3160);
#2983=AXIS2_PLACEMENT_3D('',#3895,#3162,#3163);
#2984=AXIS2_PLACEMENT_3D('',#3896,#3164,#3165);
#2985=AXIS2_PLACEMENT_3D('',#3898,#3166,#3167);
#2986=AXIS2_PLACEMENT_3D('',#3901,#3169,#3170);
#2987=AXIS2_PLACEMENT_3D('',#3902,#3171,#3172);
#2988=AXIS2_PLACEMENT_3D('',#3904,#3173,#3174);
#2989=AXIS2_PLACEMENT_3D('',#3907,#3176,#3177);
#2990=AXIS2_PLACEMENT_3D('',#3908,#3178,#3179);
#2991=AXIS2_PLACEMENT_3D('',#3917,#3184,#3185);
#2992=AXIS2_PLACEMENT_3D('',#3926,#3190,#3191);
#2993=AXIS2_PLACEMENT_3D('',#3933,#3194,#3195);
#2994=AXIS2_PLACEMENT_3D('',#3937,#3197,#3198);
#2995=AXIS2_PLACEMENT_3D('',#3939,#3200,#3201);
#2996=AXIS2_PLACEMENT_3D('',#3944,#3203,#3204);
#2997=AXIS2_PLACEMENT_3D('',#3955,#3210,#3211);
#2998=AXIS2_PLACEMENT_3D('',#3956,#3212,#3213);
#2999=AXIS2_PLACEMENT_3D('',#3965,#3218,#3219);
#3000=AXIS2_PLACEMENT_3D('',#3974,#3224,#3225);
#3001=AXIS2_PLACEMENT_3D('',#3983,#3230,#3231);
#3002=AXIS2_PLACEMENT_3D('',#3992,#3236,#3237);
#3003=AXIS2_PLACEMENT_3D('',#4001,#3242,#3243);
#3004=AXIS2_PLACEMENT_3D('',#4010,#3248,#3249);
#3005=AXIS2_PLACEMENT_3D('',#4019,#3254,#3255);
#3006=AXIS2_PLACEMENT_3D('',#4028,#3260,#3261);
#3007=AXIS2_PLACEMENT_3D('',#4037,#3266,#3267);
#3008=AXIS2_PLACEMENT_3D('',#4046,#3272,#3273);
#3009=AXIS2_PLACEMENT_3D('',#4055,#3278,#3279);
#3010=AXIS2_PLACEMENT_3D('',#4064,#3284,#3285);
#3011=AXIS2_PLACEMENT_3D('',#4073,#3290,#3291);
#3012=AXIS2_PLACEMENT_3D('',#4082,#3296,#3297);
#3013=AXIS2_PLACEMENT_3D('',#4091,#3302,#3303);
#3014=AXIS2_PLACEMENT_3D('',#4100,#3308,#3309);
#3015=AXIS2_PLACEMENT_3D('',#4109,#3314,#3315);
#3016=AXIS2_PLACEMENT_3D('',#4118,#3320,#3321);
#3017=AXIS2_PLACEMENT_3D('',#4127,#3326,#3327);
#3018=AXIS2_PLACEMENT_3D('',#4136,#3332,#3333);
#3019=AXIS2_PLACEMENT_3D('',#4145,#3338,#3339);
#3020=AXIS2_PLACEMENT_3D('',#4154,#3344,#3345);
#3021=AXIS2_PLACEMENT_3D('',#4159,#3347,#3348);
#3022=AXIS2_PLACEMENT_3D('',#4170,#3354,#3355);
#3023=AXIS2_PLACEMENT_3D('',#4171,#3356,#3357);
#3024=AXIS2_PLACEMENT_3D('',#4178,#3360,#3361);
#3025=AXIS2_PLACEMENT_3D('',#4182,#3363,#3364);
#3026=AXIS2_PLACEMENT_3D('',#4184,#3366,#3367);
#3027=AXIS2_PLACEMENT_3D('',#4193,#3372,#3373);
#3028=AXIS2_PLACEMENT_3D('',#4210,#3382,#3383);
#3029=AXIS2_PLACEMENT_3D('',#4216,#3387,#3388);
#3030=AXIS2_PLACEMENT_3D('',#4227,#3395,#3396);
#3031=AXIS2_PLACEMENT_3D('',#4233,#3400,#3401);
#3032=AXIS2_PLACEMENT_3D('',#4355,#3475,#3476);
#3033=AXIS2_PLACEMENT_3D('',#4477,#3550,#3551);
#3034=AXIS2_PLACEMENT_3D('',#4486,#3556,#3557);
#3035=AXIS2_PLACEMENT_3D('',#4489,#3560,#3561);
#3036=AXIS2_PLACEMENT_3D('',#4492,#3564,#3565);
#3037=AXIS2_PLACEMENT_3D('',#4501,#3570,#3571);
#3038=AXIS2_PLACEMENT_3D('',#4504,#3574,#3575);
#3039=AXIS2_PLACEMENT_3D('',#4507,#3578,#3579);
#3040=AXIS2_PLACEMENT_3D('',#4512,#3581,#3582);
#3041=AXIS2_PLACEMENT_3D('',#4515,#3584,#3585);
#3042=AXIS2_PLACEMENT_3D('',#4516,#3586,#3587);
#3043=AXIS2_PLACEMENT_3D('',#4519,#3590,#3591);
#3044=AXIS2_PLACEMENT_3D('',#4522,#3594,#3595);
#3045=AXIS2_PLACEMENT_3D('',#4525,#3598,#3599);
#3046=AXIS2_PLACEMENT_3D('',#4526,#3600,#3601);
#3047=AXIS2_PLACEMENT_3D('',#4527,#3602,#3603);
#3048=AXIS2_PLACEMENT_3D('',#4530,#3606,#3607);
#3049=AXIS2_PLACEMENT_3D('',#4531,#3608,#3609);
#3050=AXIS2_PLACEMENT_3D('',#4532,#3610,#3611);
#3051=AXIS2_PLACEMENT_3D('',#4535,#3614,#3615);
#3052=AXIS2_PLACEMENT_3D('',#4536,#3616,#3617);
#3053=AXIS2_PLACEMENT_3D('',#4537,#3618,#3619);
#3054=AXIS2_PLACEMENT_3D('',#4540,#3622,#3623);
#3055=AXIS2_PLACEMENT_3D('',#4541,#3624,#3625);
#3056=AXIS2_PLACEMENT_3D('',#4542,#3626,#3627);
#3057=AXIS2_PLACEMENT_3D('',#4545,#3630,#3631);
#3058=AXIS2_PLACEMENT_3D('',#4546,#3632,#3633);
#3059=AXIS2_PLACEMENT_3D('',#4547,#3634,#3635);
#3060=AXIS2_PLACEMENT_3D('',#4550,#3638,#3639);
#3061=AXIS2_PLACEMENT_3D('',#4551,#3640,#3641);
#3062=AXIS2_PLACEMENT_3D('',#4552,#3642,#3643);
#3063=AXIS2_PLACEMENT_3D('',#4555,#3646,#3647);
#3064=AXIS2_PLACEMENT_3D('',#4556,#3648,#3649);
#3065=AXIS2_PLACEMENT_3D('',#4557,#3650,#3651);
#3066=AXIS2_PLACEMENT_3D('',#4560,#3654,#3655);
#3067=AXIS2_PLACEMENT_3D('',#4561,#3656,#3657);
#3068=AXIS2_PLACEMENT_3D('',#4562,#3658,#3659);
#3069=AXIS2_PLACEMENT_3D('',#4565,#3662,#3663);
#3070=AXIS2_PLACEMENT_3D('',#4566,#3664,#3665);
#3071=AXIS2_PLACEMENT_3D('',#4567,#3666,#3667);
#3072=AXIS2_PLACEMENT_3D('',#4570,#3670,#3671);
#3073=AXIS2_PLACEMENT_3D('',#4571,#3672,#3673);
#3074=AXIS2_PLACEMENT_3D('',#4572,#3674,#3675);
#3075=AXIS2_PLACEMENT_3D('',#4575,#3678,#3679);
#3076=AXIS2_PLACEMENT_3D('',#4576,#3680,#3681);
#3077=AXIS2_PLACEMENT_3D('',#4577,#3682,#3683);
#3078=AXIS2_PLACEMENT_3D('',#4580,#3686,#3687);
#3079=AXIS2_PLACEMENT_3D('',#4581,#3688,#3689);
#3080=AXIS2_PLACEMENT_3D('',#4582,#3690,#3691);
#3081=AXIS2_PLACEMENT_3D('',#4585,#3694,#3695);
#3082=AXIS2_PLACEMENT_3D('',#4586,#3696,#3697);
#3083=AXIS2_PLACEMENT_3D('',#4587,#3698,#3699);
#3084=AXIS2_PLACEMENT_3D('',#4590,#3702,#3703);
#3085=AXIS2_PLACEMENT_3D('',#4591,#3704,#3705);
#3086=AXIS2_PLACEMENT_3D('',#4592,#3706,#3707);
#3087=AXIS2_PLACEMENT_3D('',#4595,#3710,#3711);
#3088=AXIS2_PLACEMENT_3D('',#4596,#3712,#3713);
#3089=AXIS2_PLACEMENT_3D('',#4597,#3714,#3715);
#3090=AXIS2_PLACEMENT_3D('',#4600,#3718,#3719);
#3091=AXIS2_PLACEMENT_3D('',#4601,#3720,#3721);
#3092=AXIS2_PLACEMENT_3D('',#4602,#3722,#3723);
#3093=AXIS2_PLACEMENT_3D('',#4605,#3726,#3727);
#3094=AXIS2_PLACEMENT_3D('',#4606,#3728,#3729);
#3095=AXIS2_PLACEMENT_3D('',#4607,#3730,#3731);
#3096=AXIS2_PLACEMENT_3D('',#4610,#3734,#3735);
#3097=AXIS2_PLACEMENT_3D('',#4611,#3736,#3737);
#3098=AXIS2_PLACEMENT_3D('',#4612,#3738,#3739);
#3099=AXIS2_PLACEMENT_3D('',#4615,#3742,#3743);
#3100=AXIS2_PLACEMENT_3D('',#4616,#3744,#3745);
#3101=AXIS2_PLACEMENT_3D('',#4617,#3746,#3747);
#3102=AXIS2_PLACEMENT_3D('',#4620,#3750,#3751);
#3103=AXIS2_PLACEMENT_3D('',#4621,#3752,#3753);
#3104=AXIS2_PLACEMENT_3D('',#4622,#3754,#3755);
#3105=AXIS2_PLACEMENT_3D('',#4625,#3758,#3759);
#3106=AXIS2_PLACEMENT_3D('',#4626,#3760,#3761);
#3107=AXIS2_PLACEMENT_3D('',#4627,#3762,#3763);
#3108=AXIS2_PLACEMENT_3D('',#4630,#3766,#3767);
#3109=AXIS2_PLACEMENT_3D('',#4631,#3768,#3769);
#3110=AXIS2_PLACEMENT_3D('',#4632,#3770,#3771);
#3111=AXIS2_PLACEMENT_3D('',#4635,#3774,#3775);
#3112=AXIS2_PLACEMENT_3D('',#4636,#3776,#3777);
#3113=AXIS2_PLACEMENT_3D('',#4637,#3778,#3779);
#3114=AXIS2_PLACEMENT_3D('',#4642,#3781,#3782);
#3115=AXIS2_PLACEMENT_3D('',#4645,#3784,#3785);
#3116=AXIS2_PLACEMENT_3D('',#4646,#3786,#3787);
#3117=AXIS2_PLACEMENT_3D('',#4649,#3790,#3791);
#3118=AXIS2_PLACEMENT_3D('',#4652,#3794,#3795);
#3119=AXIS2_PLACEMENT_3D('',#4661,#3800,#3801);
#3120=AXIS2_PLACEMENT_3D('',#4664,#3804,#3805);
#3121=AXIS2_PLACEMENT_3D('',#4667,#3808,#3809);
#3122=AXIS2_PLACEMENT_3D('',#4676,#3814,#3815);
#3123=AXIS2_PLACEMENT_3D('',#4679,#3818,#3819);
#3124=AXIS2_PLACEMENT_3D('',#4682,#3822,#3823);
#3125=AXIS2_PLACEMENT_3D('',#4686,#3826,#3827);
#3126=AXIS2_PLACEMENT_3D('',#4690,#3830,#3831);
#3127=AXIS2_PLACEMENT_3D('',#4691,#3832,#3833);
#3128=AXIS2_PLACEMENT_3D('',#4692,#3834,#3835);
#3129=AXIS2_PLACEMENT_3D('',#4696,#3838,#3839);
#3130=AXIS2_PLACEMENT_3D('',#4700,#3842,#3843);
#3131=AXIS2_PLACEMENT_3D('',#4701,#3844,#3845);
#3132=AXIS2_PLACEMENT_3D('',#4702,#3846,#3847);
#3133=AXIS2_PLACEMENT_3D('',#4706,#3850,#3851);
#3134=AXIS2_PLACEMENT_3D('',#4710,#3854,#3855);
#3135=AXIS2_PLACEMENT_3D('',#4711,#3856,#3857);
#3136=AXIS2_PLACEMENT_3D('',#4712,#3858,#3859);
#3137=AXIS2_PLACEMENT_3D('',#4716,#3862,#3863);
#3138=AXIS2_PLACEMENT_3D('',#4720,#3866,#3867);
#3139=AXIS2_PLACEMENT_3D('',#4721,#3868,#3869);
#3140=AXIS2_PLACEMENT_3D('',#4722,#3870,#3871);
#3141=AXIS2_PLACEMENT_3D('',#4723,#3872,#3873);
#3142=AXIS2_PLACEMENT_3D('',#4724,#3874,#3875);
#3143=AXIS2_PLACEMENT_3D('',#4725,#3876,#3877);
#3144=AXIS2_PLACEMENT_3D('',#4726,#3878,#3879);
#3145=AXIS2_PLACEMENT_3D('',#4727,#3880,#3881);
#3146=DIRECTION('axis',(0.,0.,1.));
#3147=DIRECTION('refdir',(1.,0.,0.));
#3148=DIRECTION('axis',(0.,0.,1.));
#3149=DIRECTION('refdir',(1.,0.,0.));
#3150=DIRECTION('center_axis',(0.,1.,-1.22827164820614E-31));
#3151=DIRECTION('ref_axis',(0.,1.22827164820614E-31,1.));
#3152=DIRECTION('center_axis',(0.,1.,-1.22827164820614E-31));
#3153=DIRECTION('ref_axis',(0.,1.22827164820614E-31,1.));
#3154=DIRECTION('',(0.,1.,-1.22827164820614E-31));
#3155=DIRECTION('center_axis',(0.,1.,-1.22827164820614E-31));
#3156=DIRECTION('ref_axis',(0.,1.22827164820614E-31,1.));
#3157=DIRECTION('center_axis',(0.,1.,-1.22827164820614E-31));
#3158=DIRECTION('ref_axis',(0.,1.22827164820614E-31,1.));
#3159=DIRECTION('center_axis',(0.,1.,-1.22827164820614E-31));
#3160=DIRECTION('ref_axis',(0.,1.22827164820614E-31,1.));
#3161=DIRECTION('',(0.,1.,-1.22827164820614E-31));
#3162=DIRECTION('center_axis',(0.,1.,-1.22827164820614E-31));
#3163=DIRECTION('ref_axis',(0.,1.22827164820614E-31,1.));
#3164=DIRECTION('center_axis',(0.,1.,-1.22827164820614E-31));
#3165=DIRECTION('ref_axis',(0.,1.22827164820614E-31,1.));
#3166=DIRECTION('center_axis',(0.,1.,-1.22827164820614E-31));
#3167=DIRECTION('ref_axis',(0.,1.22827164820614E-31,1.));
#3168=DIRECTION('',(0.,1.,-1.22827164820614E-31));
#3169=DIRECTION('center_axis',(0.,1.,-1.22827164820614E-31));
#3170=DIRECTION('ref_axis',(0.,1.22827164820614E-31,1.));
#3171=DIRECTION('center_axis',(0.,1.,-1.22827164820614E-31));
#3172=DIRECTION('ref_axis',(0.,1.22827164820614E-31,1.));
#3173=DIRECTION('center_axis',(0.,1.,-1.22827164820614E-31));
#3174=DIRECTION('ref_axis',(0.,1.22827164820614E-31,1.));
#3175=DIRECTION('',(0.,1.,-1.22827164820614E-31));
#3176=DIRECTION('center_axis',(0.,1.,-1.22827164820614E-31));
#3177=DIRECTION('ref_axis',(0.,1.22827164820614E-31,1.));
#3178=DIRECTION('center_axis',(1.22876246215024E-16,-1.,0.));
#3179=DIRECTION('ref_axis',(1.,1.22876246215024E-16,0.));
#3180=DIRECTION('',(0.,0.,-1.));
#3181=DIRECTION('',(-1.,-1.22876246215024E-16,0.));
#3182=DIRECTION('',(0.,0.,-1.));
#3183=DIRECTION('',(1.,1.22876246215024E-16,0.));
#3184=DIRECTION('center_axis',(1.22876246215024E-16,-1.,0.));
#3185=DIRECTION('ref_axis',(1.,1.22876246215024E-16,0.));
#3186=DIRECTION('',(0.,0.,-1.));
#3187=DIRECTION('',(-1.,-1.22876246215024E-16,0.));
#3188=DIRECTION('',(0.,0.,-1.));
#3189=DIRECTION('',(1.,1.22876246215024E-16,0.));
#3190=DIRECTION('center_axis',(1.22876246215024E-16,-1.,0.));
#3191=DIRECTION('ref_axis',(1.,1.22876246215024E-16,0.));
#3192=DIRECTION('',(0.,0.,-1.));
#3193=DIRECTION('',(-1.,-1.22876246215024E-16,0.));
#3194=DIRECTION('center_axis',(1.22876246215024E-16,-1.,0.));
#3195=DIRECTION('ref_axis',(1.,1.22876246215024E-16,0.));
#3196=DIRECTION('',(0.,0.,-1.));
#3197=DIRECTION('center_axis',(1.22876246215024E-16,-1.,0.));
#3198=DIRECTION('ref_axis',(1.,1.22876246215024E-16,0.));
#3199=DIRECTION('',(1.,1.22876246215024E-16,0.));
#3200=DIRECTION('center_axis',(1.22876246215024E-16,-1.,0.));
#3201=DIRECTION('ref_axis',(1.,1.22876246215024E-16,0.));
#3202=DIRECTION('',(0.,0.,-1.));
#3203=DIRECTION('center_axis',(1.22876246215024E-16,-1.,0.));
#3204=DIRECTION('ref_axis',(1.,1.22876246215024E-16,0.));
#3205=DIRECTION('',(0.,0.,-1.));
#3206=DIRECTION('',(-1.,-1.22876246215024E-16,0.));
#3207=DIRECTION('',(0.,0.,-1.));
#3208=DIRECTION('',(-1.,-1.22876246215024E-16,0.));
#3209=DIRECTION('',(0.,0.,-1.));
#3210=DIRECTION('center_axis',(1.22876246215024E-16,-1.,0.));
#3211=DIRECTION('ref_axis',(1.,1.22876246215024E-16,0.));
#3212=DIRECTION('center_axis',(1.22876246215024E-16,-1.,0.));
#3213=DIRECTION('ref_axis',(1.,1.22876246215024E-16,0.));
#3214=DIRECTION('',(0.,0.,-1.));
#3215=DIRECTION('',(-1.,-1.22876246215024E-16,0.));
#3216=DIRECTION('',(0.,0.,-1.));
#3217=DIRECTION('',(-1.,-1.22876246215024E-16,0.));
#3218=DIRECTION('center_axis',(1.22876246215024E-16,-1.,0.));
#3219=DIRECTION('ref_axis',(1.,1.22876246215024E-16,0.));
#3220=DIRECTION('',(0.,0.,-1.));
#3221=DIRECTION('',(-1.,-1.22876246215024E-16,0.));
#3222=DIRECTION('',(0.,0.,-1.));
#3223=DIRECTION('',(-1.,-1.22876246215024E-16,0.));
#3224=DIRECTION('center_axis',(1.22876246215024E-16,-1.,0.));
#3225=DIRECTION('ref_axis',(1.,1.22876246215024E-16,0.));
#3226=DIRECTION('',(0.,0.,-1.));
#3227=DIRECTION('',(-1.,-1.22876246215024E-16,0.));
#3228=DIRECTION('',(0.,0.,-1.));
#3229=DIRECTION('',(-1.,-1.22876246215024E-16,0.));
#3230=DIRECTION('center_axis',(1.22876246215024E-16,-1.,0.));
#3231=DIRECTION('ref_axis',(1.,1.22876246215024E-16,0.));
#3232=DIRECTION('',(0.,0.,-1.));
#3233=DIRECTION('',(-1.,-1.22876246215024E-16,0.));
#3234=DIRECTION('',(0.,0.,-1.));
#3235=DIRECTION('',(-1.,-1.22876246215024E-16,0.));
#3236=DIRECTION('center_axis',(1.22876246215024E-16,-1.,0.));
#3237=DIRECTION('ref_axis',(1.,1.22876246215024E-16,0.));
#3238=DIRECTION('',(0.,0.,-1.));
#3239=DIRECTION('',(-1.,-1.22876246215024E-16,0.));
#3240=DIRECTION('',(0.,0.,-1.));
#3241=DIRECTION('',(-1.,-1.22876246215024E-16,0.));
#3242=DIRECTION('center_axis',(1.22876246215024E-16,-1.,0.));
#3243=DIRECTION('ref_axis',(1.,1.22876246215024E-16,0.));
#3244=DIRECTION('',(0.,0.,-1.));
#3245=DIRECTION('',(-1.,-1.22876246215024E-16,0.));
#3246=DIRECTION('',(0.,0.,-1.));
#3247=DIRECTION('',(-1.,-1.22876246215024E-16,0.));
#3248=DIRECTION('center_axis',(1.22876246215024E-16,-1.,0.));
#3249=DIRECTION('ref_axis',(1.,1.22876246215024E-16,0.));
#3250=DIRECTION('',(0.,0.,-1.));
#3251=DIRECTION('',(-1.,-1.22876246215024E-16,0.));
#3252=DIRECTION('',(0.,0.,-1.));
#3253=DIRECTION('',(-1.,-1.22876246215024E-16,0.));
#3254=DIRECTION('center_axis',(1.22876246215024E-16,-1.,0.));
#3255=DIRECTION('ref_axis',(1.,1.22876246215024E-16,0.));
#3256=DIRECTION('',(0.,0.,-1.));
#3257=DIRECTION('',(-1.,-1.22876246215024E-16,0.));
#3258=DIRECTION('',(0.,0.,-1.));
#3259=DIRECTION('',(-1.,-1.22876246215024E-16,0.));
#3260=DIRECTION('center_axis',(1.22876246215024E-16,-1.,0.));
#3261=DIRECTION('ref_axis',(1.,1.22876246215024E-16,0.));
#3262=DIRECTION('',(0.,0.,-1.));
#3263=DIRECTION('',(-1.,-1.22876246215024E-16,0.));
#3264=DIRECTION('',(0.,0.,-1.));
#3265=DIRECTION('',(-1.,-1.22876246215024E-16,0.));
#3266=DIRECTION('center_axis',(1.22876246215024E-16,-1.,0.));
#3267=DIRECTION('ref_axis',(1.,1.22876246215024E-16,0.));
#3268=DIRECTION('',(0.,0.,-1.));
#3269=DIRECTION('',(-1.,-1.22876246215024E-16,0.));
#3270=DIRECTION('',(0.,0.,-1.));
#3271=DIRECTION('',(-1.,-1.22876246215024E-16,0.));
#3272=DIRECTION('center_axis',(1.22876246215024E-16,-1.,0.));
#3273=DIRECTION('ref_axis',(1.,1.22876246215024E-16,0.));
#3274=DIRECTION('',(0.,0.,-1.));
#3275=DIRECTION('',(-1.,-1.22876246215024E-16,0.));
#3276=DIRECTION('',(0.,0.,-1.));
#3277=DIRECTION('',(-1.,-1.22876246215024E-16,0.));
#3278=DIRECTION('center_axis',(1.22876246215024E-16,-1.,0.));
#3279=DIRECTION('ref_axis',(1.,1.22876246215024E-16,0.));
#3280=DIRECTION('',(0.,0.,-1.));
#3281=DIRECTION('',(-1.,-1.22876246215024E-16,0.));
#3282=DIRECTION('',(0.,0.,-1.));
#3283=DIRECTION('',(-1.,-1.22876246215024E-16,0.));
#3284=DIRECTION('center_axis',(1.22876246215024E-16,-1.,0.));
#3285=DIRECTION('ref_axis',(1.,1.22876246215024E-16,0.));
#3286=DIRECTION('',(0.,0.,-1.));
#3287=DIRECTION('',(-1.,-1.22876246215024E-16,0.));
#3288=DIRECTION('',(0.,0.,-1.));
#3289=DIRECTION('',(-1.,-1.22876246215024E-16,0.));
#3290=DIRECTION('center_axis',(1.22876246215024E-16,-1.,0.));
#3291=DIRECTION('ref_axis',(1.,1.22876246215024E-16,0.));
#3292=DIRECTION('',(0.,0.,-1.));
#3293=DIRECTION('',(-1.,-1.22876246215024E-16,0.));
#3294=DIRECTION('',(0.,0.,-1.));
#3295=DIRECTION('',(-1.,-1.22876246215024E-16,0.));
#3296=DIRECTION('center_axis',(1.22876246215024E-16,-1.,0.));
#3297=DIRECTION('ref_axis',(1.,1.22876246215024E-16,0.));
#3298=DIRECTION('',(0.,0.,-1.));
#3299=DIRECTION('',(-1.,-1.22876246215024E-16,0.));
#3300=DIRECTION('',(0.,0.,-1.));
#3301=DIRECTION('',(-1.,-1.22876246215024E-16,0.));
#3302=DIRECTION('center_axis',(1.22876246215024E-16,-1.,0.));
#3303=DIRECTION('ref_axis',(1.,1.22876246215024E-16,0.));
#3304=DIRECTION('',(0.,0.,-1.));
#3305=DIRECTION('',(-1.,-1.22876246215024E-16,0.));
#3306=DIRECTION('',(0.,0.,-1.));
#3307=DIRECTION('',(-1.,-1.22876246215024E-16,0.));
#3308=DIRECTION('center_axis',(1.22876246215024E-16,-1.,0.));
#3309=DIRECTION('ref_axis',(1.,1.22876246215024E-16,0.));
#3310=DIRECTION('',(0.,0.,-1.));
#3311=DIRECTION('',(-1.,-1.22876246215024E-16,0.));
#3312=DIRECTION('',(0.,0.,-1.));
#3313=DIRECTION('',(-1.,-1.22876246215024E-16,0.));
#3314=DIRECTION('center_axis',(1.22876246215024E-16,-1.,0.));
#3315=DIRECTION('ref_axis',(1.,1.22876246215024E-16,0.));
#3316=DIRECTION('',(0.,0.,-1.));
#3317=DIRECTION('',(-1.,-1.22876246215024E-16,0.));
#3318=DIRECTION('',(0.,0.,-1.));
#3319=DIRECTION('',(-1.,-1.22876246215024E-16,0.));
#3320=DIRECTION('center_axis',(1.22876246215024E-16,-1.,0.));
#3321=DIRECTION('ref_axis',(1.,1.22876246215024E-16,0.));
#3322=DIRECTION('',(0.,0.,-1.));
#3323=DIRECTION('',(-1.,-1.22876246215024E-16,0.));
#3324=DIRECTION('',(0.,0.,-1.));
#3325=DIRECTION('',(-1.,-1.22876246215024E-16,0.));
#3326=DIRECTION('center_axis',(1.22876246215024E-16,-1.,0.));
#3327=DIRECTION('ref_axis',(1.,1.22876246215024E-16,0.));
#3328=DIRECTION('',(0.,0.,-1.));
#3329=DIRECTION('',(-1.,-1.22876246215024E-16,0.));
#3330=DIRECTION('',(0.,0.,-1.));
#3331=DIRECTION('',(-1.,-1.22876246215024E-16,0.));
#3332=DIRECTION('center_axis',(1.22876246215024E-16,-1.,0.));
#3333=DIRECTION('ref_axis',(1.,1.22876246215024E-16,0.));
#3334=DIRECTION('',(0.,0.,-1.));
#3335=DIRECTION('',(-1.,-1.22876246215024E-16,0.));
#3336=DIRECTION('',(0.,0.,-1.));
#3337=DIRECTION('',(-1.,-1.22876246215024E-16,0.));
#3338=DIRECTION('center_axis',(1.22876246215024E-16,-1.,0.));
#3339=DIRECTION('ref_axis',(1.,1.22876246215024E-16,0.));
#3340=DIRECTION('',(0.,0.,-1.));
#3341=DIRECTION('',(-1.,-1.22876246215024E-16,0.));
#3342=DIRECTION('',(0.,0.,-1.));
#3343=DIRECTION('',(-1.,-1.22876246215024E-16,0.));
#3344=DIRECTION('center_axis',(1.22876246215024E-16,-1.,0.));
#3345=DIRECTION('ref_axis',(1.,1.22876246215024E-16,0.));
#3346=DIRECTION('',(0.,0.,-1.));
#3347=DIRECTION('center_axis',(1.22876246215024E-16,-1.,0.));
#3348=DIRECTION('ref_axis',(1.,1.22876246215024E-16,0.));
#3349=DIRECTION('',(0.,0.,1.));
#3350=DIRECTION('',(-1.,-1.22876246215024E-16,0.));
#3351=DIRECTION('',(0.,0.,-1.));
#3352=DIRECTION('',(-1.,-1.22876246215024E-16,0.));
#3353=DIRECTION('',(0.,0.,1.));
#3354=DIRECTION('center_axis',(1.22876246215024E-16,-1.,0.));
#3355=DIRECTION('ref_axis',(1.,1.22876246215024E-16,0.));
#3356=DIRECTION('center_axis',(1.22876246215024E-16,-1.,0.));
#3357=DIRECTION('ref_axis',(1.,1.22876246215024E-16,0.));
#3358=DIRECTION('',(0.,0.,-1.));
#3359=DIRECTION('',(1.,1.22876246215024E-16,0.));
#3360=DIRECTION('center_axis',(1.22876246215024E-16,-1.,0.));
#3361=DIRECTION('ref_axis',(1.,1.22876246215024E-16,0.));
#3362=DIRECTION('',(0.,0.,-1.));
#3363=DIRECTION('center_axis',(1.22876246215024E-16,-1.,0.));
#3364=DIRECTION('ref_axis',(1.,1.22876246215024E-16,0.));
#3365=DIRECTION('',(-1.,-1.22876246215024E-16,0.));
#3366=DIRECTION('center_axis',(1.22876246215024E-16,-1.,0.));
#3367=DIRECTION('ref_axis',(1.,1.22876246215024E-16,0.));
#3368=DIRECTION('',(0.,0.,-1.));
#3369=DIRECTION('',(1.,1.22876246215024E-16,0.));
#3370=DIRECTION('',(0.,0.,-1.));
#3371=DIRECTION('',(-1.,-1.22876246215024E-16,0.));
#3372=DIRECTION('center_axis',(1.,0.,0.));
#3373=DIRECTION('ref_axis',(0.,0.,-1.));
#3374=DIRECTION('',(-4.95635278850517E-16,0.,1.));
#3375=DIRECTION('',(-1.22876246215024E-16,1.,0.));
#3376=DIRECTION('',(0.,0.,-1.));
#3377=DIRECTION('',(-1.22876246215024E-16,1.,0.));
#3378=DIRECTION('',(-4.95635278850516E-16,-6.19544098563146E-17,1.));
#3379=DIRECTION('',(0.,-1.,0.));
#3380=DIRECTION('',(0.,0.,-1.));
#3381=DIRECTION('',(0.,-1.,0.));
#3382=DIRECTION('center_axis',(-1.22464679914735E-16,1.,0.));
#3383=DIRECTION('ref_axis',(-1.,-1.22464679914735E-16,0.));
#3384=DIRECTION('',(1.,1.22464679914735E-16,0.));
#3385=DIRECTION('',(0.,0.,-1.));
#3386=DIRECTION('',(1.,1.22464679914735E-16,0.));
#3387=DIRECTION('center_axis',(-1.,0.,0.));
#3388=DIRECTION('ref_axis',(0.,0.,1.));
#3389=DIRECTION('',(0.,0.,-1.));
#3390=DIRECTION('',(-1.22876246215024E-16,1.,0.));
#3391=DIRECTION('',(-1.22876246215024E-16,1.,0.));
#3392=DIRECTION('',(0.,0.,-1.));
#3393=DIRECTION('',(0.,1.,0.));
#3394=DIRECTION('',(0.,1.,0.));
#3395=DIRECTION('center_axis',(1.22876246215024E-16,-1.,0.));
#3396=DIRECTION('ref_axis',(1.,1.22876246215024E-16,0.));
#3397=DIRECTION('',(1.,1.22876246215024E-16,0.));
#3398=DIRECTION('',(0.,0.,-1.));
#3399=DIRECTION('',(-1.,-1.22876246215024E-16,0.));
#3400=DIRECTION('center_axis',(0.,0.,-1.));
#3401=DIRECTION('ref_axis',(-1.,0.,0.));
#3402=DIRECTION('',(1.,1.23908819712629E-16,4.95635278850517E-16));
#3403=DIRECTION('',(-1.22876246215024E-16,1.,0.));
#3404=DIRECTION('',(0.,-1.,0.));
#3405=DIRECTION('',(1.,0.,0.));
#3406=DIRECTION('',(-1.90628953404045E-16,1.,0.));
#3407=DIRECTION('',(0.,-1.,0.));
#3408=DIRECTION('',(1.,0.,0.));
#3409=DIRECTION('',(-1.90628953404045E-16,1.,0.));
#3410=DIRECTION('',(0.,-1.,0.));
#3411=DIRECTION('',(1.,0.,0.));
#3412=DIRECTION('',(-1.90628953404045E-16,1.,0.));
#3413=DIRECTION('',(0.,-1.,0.));
#3414=DIRECTION('',(1.,0.,0.));
#3415=DIRECTION('',(-1.90628953404045E-16,1.,0.));
#3416=DIRECTION('',(0.,-1.,0.));
#3417=DIRECTION('',(1.,0.,0.));
#3418=DIRECTION('',(-1.90628953404045E-16,1.,0.));
#3419=DIRECTION('',(0.,-1.,0.));
#3420=DIRECTION('',(1.,0.,0.));
#3421=DIRECTION('',(-1.90628953404045E-16,1.,0.));
#3422=DIRECTION('',(0.,-1.,0.));
#3423=DIRECTION('',(1.,0.,0.));
#3424=DIRECTION('',(-1.90628953404045E-16,1.,0.));
#3425=DIRECTION('',(0.,-1.,0.));
#3426=DIRECTION('',(1.,0.,0.));
#3427=DIRECTION('',(-1.90628953404045E-16,1.,0.));
#3428=DIRECTION('',(0.,-1.,0.));
#3429=DIRECTION('',(1.,0.,0.));
#3430=DIRECTION('',(-1.90628953404045E-16,1.,0.));
#3431=DIRECTION('',(0.,-1.,0.));
#3432=DIRECTION('',(1.,0.,0.));
#3433=DIRECTION('',(-1.90628953404045E-16,1.,0.));
#3434=DIRECTION('',(0.,-1.,0.));
#3435=DIRECTION('',(1.,0.,0.));
#3436=DIRECTION('',(-1.90628953404045E-16,1.,0.));
#3437=DIRECTION('',(0.,-1.,0.));
#3438=DIRECTION('',(1.,0.,0.));
#3439=DIRECTION('',(-1.90628953404045E-16,1.,0.));
#3440=DIRECTION('',(0.,-1.,0.));
#3441=DIRECTION('',(1.,0.,0.));
#3442=DIRECTION('',(-1.90628953404045E-16,1.,0.));
#3443=DIRECTION('',(0.,-1.,0.));
#3444=DIRECTION('',(1.,0.,0.));
#3445=DIRECTION('',(-1.90628953404045E-16,1.,0.));
#3446=DIRECTION('',(0.,-1.,0.));
#3447=DIRECTION('',(1.,0.,0.));
#3448=DIRECTION('',(-1.90628953404045E-16,1.,0.));
#3449=DIRECTION('',(0.,-1.,0.));
#3450=DIRECTION('',(1.,0.,0.));
#3451=DIRECTION('',(-1.90628953404045E-16,1.,0.));
#3452=DIRECTION('',(0.,-1.,0.));
#3453=DIRECTION('',(1.,0.,0.));
#3454=DIRECTION('',(-1.90628953404045E-16,1.,0.));
#3455=DIRECTION('',(0.,-1.,0.));
#3456=DIRECTION('',(1.,0.,0.));
#3457=DIRECTION('',(-1.90628953404045E-16,1.,0.));
#3458=DIRECTION('',(0.,-1.,0.));
#3459=DIRECTION('',(1.,0.,0.));
#3460=DIRECTION('',(-1.90628953404045E-16,1.,0.));
#3461=DIRECTION('',(0.,-1.,0.));
#3462=DIRECTION('',(1.,0.,0.));
#3463=DIRECTION('',(-1.90628953404045E-16,1.,0.));
#3464=DIRECTION('',(0.,-1.,0.));
#3465=DIRECTION('',(1.,0.,0.));
#3466=DIRECTION('',(-1.90628953404045E-16,1.,0.));
#3467=DIRECTION('',(0.,-1.,0.));
#3468=DIRECTION('',(1.,0.,0.));
#3469=DIRECTION('',(-1.90628953404045E-16,1.,0.));
#3470=DIRECTION('',(0.,-1.,0.));
#3471=DIRECTION('',(1.,0.,0.));
#3472=DIRECTION('',(-1.90628953404045E-16,1.,0.));
#3473=DIRECTION('',(-1.22876246215024E-16,1.,0.));
#3474=DIRECTION('',(1.,6.19544098563145E-17,0.));
#3475=DIRECTION('center_axis',(0.,0.,-1.));
#3476=DIRECTION('ref_axis',(-1.,0.,0.));
#3477=DIRECTION('',(-1.22876246215024E-16,1.,0.));
#3478=DIRECTION('',(-1.,-1.23908819712629E-16,0.));
#3479=DIRECTION('',(-1.,-6.19544098563146E-17,0.));
#3480=DIRECTION('',(-1.22876246215024E-16,1.,0.));
#3481=DIRECTION('',(1.90628953404045E-16,-1.,0.));
#3482=DIRECTION('',(-1.,0.,0.));
#3483=DIRECTION('',(0.,1.,0.));
#3484=DIRECTION('',(1.90628953404045E-16,-1.,0.));
#3485=DIRECTION('',(-1.,0.,0.));
#3486=DIRECTION('',(0.,1.,0.));
#3487=DIRECTION('',(1.90628953404045E-16,-1.,0.));
#3488=DIRECTION('',(-1.,0.,0.));
#3489=DIRECTION('',(0.,1.,0.));
#3490=DIRECTION('',(1.90628953404045E-16,-1.,0.));
#3491=DIRECTION('',(-1.,0.,0.));
#3492=DIRECTION('',(0.,1.,0.));
#3493=DIRECTION('',(1.90628953404045E-16,-1.,0.));
#3494=DIRECTION('',(-1.,0.,0.));
#3495=DIRECTION('',(0.,1.,0.));
#3496=DIRECTION('',(1.90628953404045E-16,-1.,0.));
#3497=DIRECTION('',(-1.,0.,0.));
#3498=DIRECTION('',(0.,1.,0.));
#3499=DIRECTION('',(1.90628953404045E-16,-1.,0.));
#3500=DIRECTION('',(-1.,0.,0.));
#3501=DIRECTION('',(0.,1.,0.));
#3502=DIRECTION('',(1.90628953404045E-16,-1.,0.));
#3503=DIRECTION('',(-1.,0.,0.));
#3504=DIRECTION('',(0.,1.,0.));
#3505=DIRECTION('',(1.90628953404045E-16,-1.,0.));
#3506=DIRECTION('',(-1.,0.,0.));
#3507=DIRECTION('',(0.,1.,0.));
#3508=DIRECTION('',(1.90628953404045E-16,-1.,0.));
#3509=DIRECTION('',(-1.,0.,0.));
#3510=DIRECTION('',(0.,1.,0.));
#3511=DIRECTION('',(1.90628953404045E-16,-1.,0.));
#3512=DIRECTION('',(-1.,0.,0.));
#3513=DIRECTION('',(0.,1.,0.));
#3514=DIRECTION('',(1.90628953404045E-16,-1.,0.));
#3515=DIRECTION('',(-1.,0.,0.));
#3516=DIRECTION('',(0.,1.,0.));
#3517=DIRECTION('',(1.90628953404045E-16,-1.,0.));
#3518=DIRECTION('',(-1.,0.,0.));
#3519=DIRECTION('',(0.,1.,0.));
#3520=DIRECTION('',(1.90628953404045E-16,-1.,0.));
#3521=DIRECTION('',(-1.,0.,0.));
#3522=DIRECTION('',(0.,1.,0.));
#3523=DIRECTION('',(1.90628953404045E-16,-1.,0.));
#3524=DIRECTION('',(-1.,0.,0.));
#3525=DIRECTION('',(0.,1.,0.));
#3526=DIRECTION('',(1.90628953404045E-16,-1.,0.));
#3527=DIRECTION('',(-1.,0.,0.));
#3528=DIRECTION('',(0.,1.,0.));
#3529=DIRECTION('',(1.90628953404045E-16,-1.,0.));
#3530=DIRECTION('',(-1.,0.,0.));
#3531=DIRECTION('',(0.,1.,0.));
#3532=DIRECTION('',(1.90628953404045E-16,-1.,0.));
#3533=DIRECTION('',(-1.,0.,0.));
#3534=DIRECTION('',(0.,1.,0.));
#3535=DIRECTION('',(1.90628953404045E-16,-1.,0.));
#3536=DIRECTION('',(-1.,0.,0.));
#3537=DIRECTION('',(0.,1.,0.));
#3538=DIRECTION('',(1.90628953404045E-16,-1.,0.));
#3539=DIRECTION('',(-1.,0.,0.));
#3540=DIRECTION('',(0.,1.,0.));
#3541=DIRECTION('',(1.90628953404045E-16,-1.,0.));
#3542=DIRECTION('',(-1.,0.,0.));
#3543=DIRECTION('',(0.,1.,0.));
#3544=DIRECTION('',(1.90628953404045E-16,-1.,0.));
#3545=DIRECTION('',(-1.,0.,0.));
#3546=DIRECTION('',(0.,1.,0.));
#3547=DIRECTION('',(1.90628953404045E-16,-1.,0.));
#3548=DIRECTION('',(-1.,0.,0.));
#3549=DIRECTION('',(0.,1.,0.));
#3550=DIRECTION('center_axis',(0.,-1.,0.));
#3551=DIRECTION('ref_axis',(0.,0.,-1.));
#3552=DIRECTION('',(0.,0.,-1.));
#3553=DIRECTION('',(-1.,-6.19544098563146E-17,0.));
#3554=DIRECTION('',(0.,0.,-1.));
#3555=DIRECTION('',(1.,1.23908819712629E-16,0.));
#3556=DIRECTION('center_axis',(-1.,0.,0.));
#3557=DIRECTION('ref_axis',(0.,0.,1.));
#3558=DIRECTION('',(0.,-1.,0.));
#3559=DIRECTION('',(0.,1.,0.));
#3560=DIRECTION('center_axis',(1.,1.90628953404045E-16,0.));
#3561=DIRECTION('ref_axis',(-1.90628953404045E-16,1.,0.));
#3562=DIRECTION('',(-1.90628953404045E-16,1.,0.));
#3563=DIRECTION('',(1.90628953404045E-16,-1.,0.));
#3564=DIRECTION('center_axis',(0.,-1.,0.));
#3565=DIRECTION('ref_axis',(0.,0.,-1.));
#3566=DIRECTION('',(0.,0.,-1.));
#3567=DIRECTION('',(-1.,-6.19544098563146E-17,0.));
#3568=DIRECTION('',(0.,0.,-1.));
#3569=DIRECTION('',(1.,1.23908819712629E-16,0.));
#3570=DIRECTION('center_axis',(-1.,0.,0.));
#3571=DIRECTION('ref_axis',(0.,0.,1.));
#3572=DIRECTION('',(0.,-1.,0.));
#3573=DIRECTION('',(0.,1.,0.));
#3574=DIRECTION('center_axis',(1.,1.90628953404045E-16,0.));
#3575=DIRECTION('ref_axis',(-1.90628953404045E-16,1.,0.));
#3576=DIRECTION('',(-1.90628953404045E-16,1.,0.));
#3577=DIRECTION('',(1.90628953404045E-16,-1.,0.));
#3578=DIRECTION('center_axis',(0.,-1.,0.));
#3579=DIRECTION('ref_axis',(0.,0.,-1.));
#3580=DIRECTION('',(0.,0.,-1.));
#3581=DIRECTION('center_axis',(0.,-1.,0.));
#3582=DIRECTION('ref_axis',(0.,0.,-1.));
#3583=DIRECTION('',(0.,0.,-1.));
#3584=DIRECTION('center_axis',(0.,-1.,0.));
#3585=DIRECTION('ref_axis',(0.,0.,-1.));
#3586=DIRECTION('center_axis',(-1.,0.,0.));
#3587=DIRECTION('ref_axis',(0.,0.,1.));
#3588=DIRECTION('',(1.22876246215024E-16,-1.,0.));
#3589=DIRECTION('',(-1.22876246215024E-16,1.,0.));
#3590=DIRECTION('center_axis',(1.,1.90628953404045E-16,0.));
#3591=DIRECTION('ref_axis',(-1.90628953404045E-16,1.,0.));
#3592=DIRECTION('',(-1.22876246215024E-16,1.,0.));
#3593=DIRECTION('',(1.22876246215024E-16,-1.,0.));
#3594=DIRECTION('center_axis',(0.,-1.,0.));
#3595=DIRECTION('ref_axis',(0.,0.,-1.));
#3596=DIRECTION('',(0.,0.,-1.));
#3597=DIRECTION('',(0.,0.,-1.));
#3598=DIRECTION('center_axis',(-1.,0.,0.));
#3599=DIRECTION('ref_axis',(0.,0.,1.));
#3600=DIRECTION('center_axis',(1.,1.90628953404045E-16,0.));
#3601=DIRECTION('ref_axis',(-1.90628953404045E-16,1.,0.));
#3602=DIRECTION('center_axis',(0.,-1.,0.));
#3603=DIRECTION('ref_axis',(0.,0.,-1.));
#3604=DIRECTION('',(0.,0.,-1.));
#3605=DIRECTION('',(0.,0.,-1.));
#3606=DIRECTION('center_axis',(-1.,0.,0.));
#3607=DIRECTION('ref_axis',(0.,0.,1.));
#3608=DIRECTION('center_axis',(1.,1.90628953404045E-16,0.));
#3609=DIRECTION('ref_axis',(-1.90628953404045E-16,1.,0.));
#3610=DIRECTION('center_axis',(0.,-1.,0.));
#3611=DIRECTION('ref_axis',(0.,0.,-1.));
#3612=DIRECTION('',(0.,0.,-1.));
#3613=DIRECTION('',(0.,0.,-1.));
#3614=DIRECTION('center_axis',(-1.,0.,0.));
#3615=DIRECTION('ref_axis',(0.,0.,1.));
#3616=DIRECTION('center_axis',(1.,1.90628953404045E-16,0.));
#3617=DIRECTION('ref_axis',(-1.90628953404045E-16,1.,0.));
#3618=DIRECTION('center_axis',(0.,-1.,0.));
#3619=DIRECTION('ref_axis',(0.,0.,-1.));
#3620=DIRECTION('',(0.,0.,-1.));
#3621=DIRECTION('',(0.,0.,-1.));
#3622=DIRECTION('center_axis',(-1.,0.,0.));
#3623=DIRECTION('ref_axis',(0.,0.,1.));
#3624=DIRECTION('center_axis',(1.,1.90628953404045E-16,0.));
#3625=DIRECTION('ref_axis',(-1.90628953404045E-16,1.,0.));
#3626=DIRECTION('center_axis',(0.,-1.,0.));
#3627=DIRECTION('ref_axis',(0.,0.,-1.));
#3628=DIRECTION('',(0.,0.,-1.));
#3629=DIRECTION('',(0.,0.,-1.));
#3630=DIRECTION('center_axis',(-1.,0.,0.));
#3631=DIRECTION('ref_axis',(0.,0.,1.));
#3632=DIRECTION('center_axis',(1.,1.90628953404045E-16,0.));
#3633=DIRECTION('ref_axis',(-1.90628953404045E-16,1.,0.));
#3634=DIRECTION('center_axis',(0.,-1.,0.));
#3635=DIRECTION('ref_axis',(0.,0.,-1.));
#3636=DIRECTION('',(0.,0.,-1.));
#3637=DIRECTION('',(0.,0.,-1.));
#3638=DIRECTION('center_axis',(-1.,0.,0.));
#3639=DIRECTION('ref_axis',(0.,0.,1.));
#3640=DIRECTION('center_axis',(1.,1.90628953404045E-16,0.));
#3641=DIRECTION('ref_axis',(-1.90628953404045E-16,1.,0.));
#3642=DIRECTION('center_axis',(0.,-1.,0.));
#3643=DIRECTION('ref_axis',(0.,0.,-1.));
#3644=DIRECTION('',(0.,0.,-1.));
#3645=DIRECTION('',(0.,0.,-1.));
#3646=DIRECTION('center_axis',(-1.,0.,0.));
#3647=DIRECTION('ref_axis',(0.,0.,1.));
#3648=DIRECTION('center_axis',(1.,1.90628953404045E-16,0.));
#3649=DIRECTION('ref_axis',(-1.90628953404045E-16,1.,0.));
#3650=DIRECTION('center_axis',(0.,-1.,0.));
#3651=DIRECTION('ref_axis',(0.,0.,-1.));
#3652=DIRECTION('',(0.,0.,-1.));
#3653=DIRECTION('',(0.,0.,-1.));
#3654=DIRECTION('center_axis',(-1.,0.,0.));
#3655=DIRECTION('ref_axis',(0.,0.,1.));
#3656=DIRECTION('center_axis',(1.,1.90628953404045E-16,0.));
#3657=DIRECTION('ref_axis',(-1.90628953404045E-16,1.,0.));
#3658=DIRECTION('center_axis',(0.,-1.,0.));
#3659=DIRECTION('ref_axis',(0.,0.,-1.));
#3660=DIRECTION('',(0.,0.,-1.));
#3661=DIRECTION('',(0.,0.,-1.));
#3662=DIRECTION('center_axis',(-1.,0.,0.));
#3663=DIRECTION('ref_axis',(0.,0.,1.));
#3664=DIRECTION('center_axis',(1.,1.90628953404045E-16,0.));
#3665=DIRECTION('ref_axis',(-1.90628953404045E-16,1.,0.));
#3666=DIRECTION('center_axis',(0.,-1.,0.));
#3667=DIRECTION('ref_axis',(0.,0.,-1.));
#3668=DIRECTION('',(0.,0.,-1.));
#3669=DIRECTION('',(0.,0.,-1.));
#3670=DIRECTION('center_axis',(-1.,0.,0.));
#3671=DIRECTION('ref_axis',(0.,0.,1.));
#3672=DIRECTION('center_axis',(1.,1.90628953404045E-16,0.));
#3673=DIRECTION('ref_axis',(-1.90628953404045E-16,1.,0.));
#3674=DIRECTION('center_axis',(0.,-1.,0.));
#3675=DIRECTION('ref_axis',(0.,0.,-1.));
#3676=DIRECTION('',(0.,0.,-1.));
#3677=DIRECTION('',(0.,0.,-1.));
#3678=DIRECTION('center_axis',(-1.,0.,0.));
#3679=DIRECTION('ref_axis',(0.,0.,1.));
#3680=DIRECTION('center_axis',(1.,1.90628953404045E-16,0.));
#3681=DIRECTION('ref_axis',(-1.90628953404045E-16,1.,0.));
#3682=DIRECTION('center_axis',(0.,-1.,0.));
#3683=DIRECTION('ref_axis',(0.,0.,-1.));
#3684=DIRECTION('',(0.,0.,-1.));
#3685=DIRECTION('',(0.,0.,-1.));
#3686=DIRECTION('center_axis',(-1.,0.,0.));
#3687=DIRECTION('ref_axis',(0.,0.,1.));
#3688=DIRECTION('center_axis',(1.,1.90628953404045E-16,0.));
#3689=DIRECTION('ref_axis',(-1.90628953404045E-16,1.,0.));
#3690=DIRECTION('center_axis',(0.,-1.,0.));
#3691=DIRECTION('ref_axis',(0.,0.,-1.));
#3692=DIRECTION('',(0.,0.,-1.));
#3693=DIRECTION('',(0.,0.,-1.));
#3694=DIRECTION('center_axis',(-1.,0.,0.));
#3695=DIRECTION('ref_axis',(0.,0.,1.));
#3696=DIRECTION('center_axis',(1.,1.90628953404045E-16,0.));
#3697=DIRECTION('ref_axis',(-1.90628953404045E-16,1.,0.));
#3698=DIRECTION('center_axis',(0.,-1.,0.));
#3699=DIRECTION('ref_axis',(0.,0.,-1.));
#3700=DIRECTION('',(0.,0.,-1.));
#3701=DIRECTION('',(0.,0.,-1.));
#3702=DIRECTION('center_axis',(-1.,0.,0.));
#3703=DIRECTION('ref_axis',(0.,0.,1.));
#3704=DIRECTION('center_axis',(1.,1.90628953404045E-16,0.));
#3705=DIRECTION('ref_axis',(-1.90628953404045E-16,1.,0.));
#3706=DIRECTION('center_axis',(0.,-1.,0.));
#3707=DIRECTION('ref_axis',(0.,0.,-1.));
#3708=DIRECTION('',(0.,0.,-1.));
#3709=DIRECTION('',(0.,0.,-1.));
#3710=DIRECTION('center_axis',(-1.,0.,0.));
#3711=DIRECTION('ref_axis',(0.,0.,1.));
#3712=DIRECTION('center_axis',(1.,1.90628953404045E-16,0.));
#3713=DIRECTION('ref_axis',(-1.90628953404045E-16,1.,0.));
#3714=DIRECTION('center_axis',(0.,-1.,0.));
#3715=DIRECTION('ref_axis',(0.,0.,-1.));
#3716=DIRECTION('',(0.,0.,-1.));
#3717=DIRECTION('',(0.,0.,-1.));
#3718=DIRECTION('center_axis',(-1.,0.,0.));
#3719=DIRECTION('ref_axis',(0.,0.,1.));
#3720=DIRECTION('center_axis',(1.,1.90628953404045E-16,0.));
#3721=DIRECTION('ref_axis',(-1.90628953404045E-16,1.,0.));
#3722=DIRECTION('center_axis',(0.,-1.,0.));
#3723=DIRECTION('ref_axis',(0.,0.,-1.));
#3724=DIRECTION('',(0.,0.,-1.));
#3725=DIRECTION('',(0.,0.,-1.));
#3726=DIRECTION('center_axis',(-1.,0.,0.));
#3727=DIRECTION('ref_axis',(0.,0.,1.));
#3728=DIRECTION('center_axis',(1.,1.90628953404045E-16,0.));
#3729=DIRECTION('ref_axis',(-1.90628953404045E-16,1.,0.));
#3730=DIRECTION('center_axis',(0.,-1.,0.));
#3731=DIRECTION('ref_axis',(0.,0.,-1.));
#3732=DIRECTION('',(0.,0.,-1.));
#3733=DIRECTION('',(0.,0.,-1.));
#3734=DIRECTION('center_axis',(-1.,0.,0.));
#3735=DIRECTION('ref_axis',(0.,0.,1.));
#3736=DIRECTION('center_axis',(1.,1.90628953404045E-16,0.));
#3737=DIRECTION('ref_axis',(-1.90628953404045E-16,1.,0.));
#3738=DIRECTION('center_axis',(0.,-1.,0.));
#3739=DIRECTION('ref_axis',(0.,0.,-1.));
#3740=DIRECTION('',(0.,0.,-1.));
#3741=DIRECTION('',(0.,0.,-1.));
#3742=DIRECTION('center_axis',(-1.,0.,0.));
#3743=DIRECTION('ref_axis',(0.,0.,1.));
#3744=DIRECTION('center_axis',(1.,1.90628953404045E-16,0.));
#3745=DIRECTION('ref_axis',(-1.90628953404045E-16,1.,0.));
#3746=DIRECTION('center_axis',(0.,-1.,0.));
#3747=DIRECTION('ref_axis',(0.,0.,-1.));
#3748=DIRECTION('',(0.,0.,-1.));
#3749=DIRECTION('',(0.,0.,-1.));
#3750=DIRECTION('center_axis',(-1.,0.,0.));
#3751=DIRECTION('ref_axis',(0.,0.,1.));
#3752=DIRECTION('center_axis',(1.,1.90628953404045E-16,0.));
#3753=DIRECTION('ref_axis',(-1.90628953404045E-16,1.,0.));
#3754=DIRECTION('center_axis',(0.,-1.,0.));
#3755=DIRECTION('ref_axis',(0.,0.,-1.));
#3756=DIRECTION('',(0.,0.,-1.));
#3757=DIRECTION('',(0.,0.,-1.));
#3758=DIRECTION('center_axis',(-1.,0.,0.));
#3759=DIRECTION('ref_axis',(0.,0.,1.));
#3760=DIRECTION('center_axis',(1.,1.90628953404045E-16,0.));
#3761=DIRECTION('ref_axis',(-1.90628953404045E-16,1.,0.));
#3762=DIRECTION('center_axis',(0.,-1.,0.));
#3763=DIRECTION('ref_axis',(0.,0.,-1.));
#3764=DIRECTION('',(0.,0.,-1.));
#3765=DIRECTION('',(0.,0.,-1.));
#3766=DIRECTION('center_axis',(-1.,0.,0.));
#3767=DIRECTION('ref_axis',(0.,0.,1.));
#3768=DIRECTION('center_axis',(1.,1.90628953404045E-16,0.));
#3769=DIRECTION('ref_axis',(-1.90628953404045E-16,1.,0.));
#3770=DIRECTION('center_axis',(0.,-1.,0.));
#3771=DIRECTION('ref_axis',(0.,0.,-1.));
#3772=DIRECTION('',(0.,0.,-1.));
#3773=DIRECTION('',(0.,0.,-1.));
#3774=DIRECTION('center_axis',(-1.,0.,0.));
#3775=DIRECTION('ref_axis',(0.,0.,1.));
#3776=DIRECTION('center_axis',(1.,1.90628953404045E-16,0.));
#3777=DIRECTION('ref_axis',(-1.90628953404045E-16,1.,0.));
#3778=DIRECTION('center_axis',(0.,-1.,0.));
#3779=DIRECTION('ref_axis',(0.,0.,-1.));
#3780=DIRECTION('',(0.,0.,-1.));
#3781=DIRECTION('center_axis',(0.,-1.,0.));
#3782=DIRECTION('ref_axis',(0.,0.,-1.));
#3783=DIRECTION('',(0.,0.,-1.));
#3784=DIRECTION('center_axis',(0.,-1.,0.));
#3785=DIRECTION('ref_axis',(0.,0.,-1.));
#3786=DIRECTION('center_axis',(-1.,0.,0.));
#3787=DIRECTION('ref_axis',(0.,0.,1.));
#3788=DIRECTION('',(-1.22876246215024E-16,1.,0.));
#3789=DIRECTION('',(1.22876246215024E-16,-1.,0.));
#3790=DIRECTION('center_axis',(1.,1.90628953404045E-16,0.));
#3791=DIRECTION('ref_axis',(-1.90628953404045E-16,1.,0.));
#3792=DIRECTION('',(1.22876246215024E-16,-1.,0.));
#3793=DIRECTION('',(-1.22876246215024E-16,1.,0.));
#3794=DIRECTION('center_axis',(0.,-1.,0.));
#3795=DIRECTION('ref_axis',(0.,0.,-1.));
#3796=DIRECTION('',(0.,0.,-1.));
#3797=DIRECTION('',(1.,1.23908819712629E-16,0.));
#3798=DIRECTION('',(0.,0.,-1.));
#3799=DIRECTION('',(-1.,-1.23908819712629E-16,0.));
#3800=DIRECTION('center_axis',(-1.,0.,0.));
#3801=DIRECTION('ref_axis',(0.,0.,1.));
#3802=DIRECTION('',(0.,1.,0.));
#3803=DIRECTION('',(0.,-1.,0.));
#3804=DIRECTION('center_axis',(1.,1.90628953404045E-16,0.));
#3805=DIRECTION('ref_axis',(-1.90628953404045E-16,1.,0.));
#3806=DIRECTION('',(1.90628953404045E-16,-1.,0.));
#3807=DIRECTION('',(-1.90628953404045E-16,1.,0.));
#3808=DIRECTION('center_axis',(0.,-1.,0.));
#3809=DIRECTION('ref_axis',(0.,0.,-1.));
#3810=DIRECTION('',(0.,0.,-1.));
#3811=DIRECTION('',(1.,1.23908819712629E-16,0.));
#3812=DIRECTION('',(0.,0.,-1.));
#3813=DIRECTION('',(-1.,-1.23908819712629E-16,0.));
#3814=DIRECTION('center_axis',(-1.,0.,0.));
#3815=DIRECTION('ref_axis',(0.,0.,1.));
#3816=DIRECTION('',(0.,1.,0.));
#3817=DIRECTION('',(0.,-1.,0.));
#3818=DIRECTION('center_axis',(1.,1.90628953404045E-16,0.));
#3819=DIRECTION('ref_axis',(-1.90628953404045E-16,1.,0.));
#3820=DIRECTION('',(1.90628953404045E-16,-1.,0.));
#3821=DIRECTION('',(-1.90628953404045E-16,1.,0.));
#3822=DIRECTION('center_axis',(-1.,-1.22876246215024E-16,0.));
#3823=DIRECTION('ref_axis',(1.22876246215024E-16,-1.,0.));
#3824=DIRECTION('',(0.,0.,1.));
#3825=DIRECTION('',(-1.22876246215024E-16,1.,0.));
#3826=DIRECTION('center_axis',(0.,0.,-1.));
#3827=DIRECTION('ref_axis',(-1.,0.,0.));
#3828=DIRECTION('',(1.22876246215024E-16,-1.,0.));
#3829=DIRECTION('',(-1.,-1.23908819712629E-16,0.));
#3830=DIRECTION('center_axis',(-1.23908819712629E-16,1.,0.));
#3831=DIRECTION('ref_axis',(-1.,-1.23908819712629E-16,0.));
#3832=DIRECTION('center_axis',(-1.23908819712629E-16,1.,0.));
#3833=DIRECTION('ref_axis',(-1.,-1.23908819712629E-16,0.));
#3834=DIRECTION('center_axis',(-1.,-1.22876246215024E-16,0.));
#3835=DIRECTION('ref_axis',(1.22876246215024E-16,-1.,0.));
#3836=DIRECTION('',(1.22876246215024E-16,-1.,0.));
#3837=DIRECTION('',(0.,0.,1.));
#3838=DIRECTION('center_axis',(0.,0.,1.));
#3839=DIRECTION('ref_axis',(1.,0.,0.));
#3840=DIRECTION('',(1.,1.23908819712629E-16,0.));
#3841=DIRECTION('',(-1.22876246215024E-16,1.,0.));
#3842=DIRECTION('center_axis',(1.23908819712629E-16,-1.,0.));
#3843=DIRECTION('ref_axis',(1.,1.23908819712629E-16,0.));
#3844=DIRECTION('center_axis',(-1.23908819712629E-16,1.,0.));
#3845=DIRECTION('ref_axis',(1.,1.23908819712629E-16,0.));
#3846=DIRECTION('center_axis',(1.,1.22876246215024E-16,0.));
#3847=DIRECTION('ref_axis',(-1.22876246215024E-16,1.,0.));
#3848=DIRECTION('',(0.,0.,-1.));
#3849=DIRECTION('',(-1.22876246215024E-16,1.,0.));
#3850=DIRECTION('center_axis',(0.,0.,1.));
#3851=DIRECTION('ref_axis',(1.,0.,0.));
#3852=DIRECTION('',(1.22876246215024E-16,-1.,0.));
#3853=DIRECTION('',(1.,1.23908819712629E-16,0.));
#3854=DIRECTION('center_axis',(-1.23908819712629E-16,1.,6.19544098563145E-17));
#3855=DIRECTION('ref_axis',(-1.,-1.23908819712629E-16,0.));
#3856=DIRECTION('center_axis',(-1.23908819712629E-16,1.,6.19544098563145E-17));
#3857=DIRECTION('ref_axis',(-1.,-1.23908819712629E-16,-7.6766978012884E-33));
#3858=DIRECTION('center_axis',(1.,1.22876246215024E-16,0.));
#3859=DIRECTION('ref_axis',(-1.22876246215024E-16,1.,0.));
#3860=DIRECTION('',(1.22876246215024E-16,-1.,0.));
#3861=DIRECTION('',(0.,0.,-1.));
#3862=DIRECTION('center_axis',(0.,0.,-1.));
#3863=DIRECTION('ref_axis',(-1.,0.,0.));
#3864=DIRECTION('',(-1.,-6.19544098563146E-17,0.));
#3865=DIRECTION('',(-1.22876246215024E-16,1.,0.));
#3866=DIRECTION('center_axis',(6.19544098563146E-17,-1.,3.07067912051537E-32));
#3867=DIRECTION('ref_axis',(1.,6.19544098563146E-17,0.));
#3868=DIRECTION('center_axis',(-6.19544098563146E-17,1.,-3.07067912051537E-32));
#3869=DIRECTION('ref_axis',(1.,6.19544098563145E-17,-1.90242112769636E-48));
#3870=DIRECTION('center_axis',(1.22876246215024E-16,-1.,0.));
#3871=DIRECTION('ref_axis',(1.,1.22876246215024E-16,0.));
#3872=DIRECTION('center_axis',(1.22876246215024E-16,-1.,0.));
#3873=DIRECTION('ref_axis',(1.,1.22876246215024E-16,0.));
#3874=DIRECTION('center_axis',(1.22876246215024E-16,-1.,0.));
#3875=DIRECTION('ref_axis',(1.,1.22876246215024E-16,0.));
#3876=DIRECTION('center_axis',(1.22876246215024E-16,-1.,0.));
#3877=DIRECTION('ref_axis',(1.,1.22876246215024E-16,0.));
#3878=DIRECTION('',(0.,0.,1.));
#3879=DIRECTION('',(1.,0.,0.));
#3880=DIRECTION('center_axis',(0.,0.,1.));
#3881=DIRECTION('ref_axis',(1.,0.,0.));
#3882=CARTESIAN_POINT('',(0.,0.,0.));
#3883=CARTESIAN_POINT('',(0.,0.,0.));
#3884=CARTESIAN_POINT('Origin',(-26.5,2.3,26.5));
#3885=CARTESIAN_POINT('',(-26.5,-3.33066907387547E-15,24.9));
#3886=CARTESIAN_POINT('Origin',(-26.5,-3.46944695195361E-15,26.5));
#3887=CARTESIAN_POINT('',(-26.5,2.3,24.9));
#3888=CARTESIAN_POINT('',(-26.5,2.3,24.9));
#3889=CARTESIAN_POINT('Origin',(-26.5,2.3,26.5));
#3890=CARTESIAN_POINT('Origin',(26.5,2.3,26.5));
#3891=CARTESIAN_POINT('',(26.5,0.,24.9));
#3892=CARTESIAN_POINT('Origin',(26.5,0.,26.5));
#3893=CARTESIAN_POINT('',(26.5,2.3,24.9));
#3894=CARTESIAN_POINT('',(26.5,2.3,24.9));
#3895=CARTESIAN_POINT('Origin',(26.5,2.3,26.5));
#3896=CARTESIAN_POINT('Origin',(26.5,2.3,-26.5));
#3897=CARTESIAN_POINT('',(26.5,0.,-28.1));
#3898=CARTESIAN_POINT('Origin',(26.5,0.,-26.5));
#3899=CARTESIAN_POINT('',(26.5,2.3,-28.1));
#3900=CARTESIAN_POINT('',(26.5,2.3,-28.1));
#3901=CARTESIAN_POINT('Origin',(26.5,2.3,-26.5));
#3902=CARTESIAN_POINT('Origin',(-26.5,2.3,-26.5));
#3903=CARTESIAN_POINT('',(-26.5,-3.33066907387547E-15,-28.1));
#3904=CARTESIAN_POINT('Origin',(-26.5,-3.46944695195361E-15,-26.5));
#3905=CARTESIAN_POINT('',(-26.5,2.3,-28.1));
#3906=CARTESIAN_POINT('',(-26.5,2.3,-28.1));
#3907=CARTESIAN_POINT('Origin',(-26.5,2.3,-26.5));
#3908=CARTESIAN_POINT('Origin',(-30.,2.8,30.));
#3909=CARTESIAN_POINT('',(30.,2.80000000000001,23.));
#3910=CARTESIAN_POINT('',(30.,2.80000000000001,-23.));
#3911=CARTESIAN_POINT('',(30.,2.80000000000001,30.));
#3912=CARTESIAN_POINT('',(28.25,2.80000000000001,-23.));
#3913=CARTESIAN_POINT('',(-30.,2.8,-23.));
#3914=CARTESIAN_POINT('',(28.25,2.80000000000001,23.));
#3915=CARTESIAN_POINT('',(28.25,2.80000000000001,48.2068668364439));
#3916=CARTESIAN_POINT('',(-30.,2.8,23.));
#3917=CARTESIAN_POINT('Origin',(-30.,2.8,30.));
#3918=CARTESIAN_POINT('',(27.75,2.80000000000001,23.));
#3919=CARTESIAN_POINT('',(27.75,2.80000000000001,-23.));
#3920=CARTESIAN_POINT('',(27.75,2.80000000000001,48.2068668364439));
#3921=CARTESIAN_POINT('',(26.25,2.80000000000001,-23.));
#3922=CARTESIAN_POINT('',(-30.,2.8,-23.));
#3923=CARTESIAN_POINT('',(26.25,2.80000000000001,23.));
#3924=CARTESIAN_POINT('',(26.25,2.80000000000001,48.2068668364439));
#3925=CARTESIAN_POINT('',(-30.,2.8,23.));
#3926=CARTESIAN_POINT('Origin',(-30.,2.8,30.));
#3927=CARTESIAN_POINT('',(25.75,2.80000000000001,23.));
#3928=CARTESIAN_POINT('',(25.75,2.80000000000001,-23.));
#3929=CARTESIAN_POINT('',(25.75,2.80000000000001,48.2068668364439));
#3930=CARTESIAN_POINT('',(24.59,2.80000000000001,-23.));
#3931=CARTESIAN_POINT('',(-30.,2.8,-23.));
#3932=CARTESIAN_POINT('',(24.25,2.80000000000001,-23.0367775432991));
#3933=CARTESIAN_POINT('Origin',(24.59,2.80000000000001,-24.59));
#3934=CARTESIAN_POINT('',(24.25,2.80000000000001,23.0367775432991));
#3935=CARTESIAN_POINT('',(24.25,2.80000000000001,48.2068668364439));
#3936=CARTESIAN_POINT('',(24.59,2.80000000000001,23.));
#3937=CARTESIAN_POINT('Origin',(24.59,2.80000000000001,24.59));
#3938=CARTESIAN_POINT('',(-30.,2.8,23.));
#3939=CARTESIAN_POINT('Origin',(-30.,2.8,30.));
#3940=CARTESIAN_POINT('',(23.75,2.80000000000001,23.24));
#3941=CARTESIAN_POINT('',(23.75,2.80000000000001,-23.24));
#3942=CARTESIAN_POINT('',(23.75,2.80000000000001,48.2068668364439));
#3943=CARTESIAN_POINT('',(23.,2.80000000000001,-24.59));
#3944=CARTESIAN_POINT('Origin',(24.59,2.80000000000001,-24.59));
#3945=CARTESIAN_POINT('',(23.,2.80000000000001,-30.));
#3946=CARTESIAN_POINT('',(23.,2.80000000000001,30.));
#3947=CARTESIAN_POINT('',(22.25,2.80000000000001,-30.));
#3948=CARTESIAN_POINT('',(-30.,2.8,-30.));
#3949=CARTESIAN_POINT('',(22.25,2.80000000000001,30.));
#3950=CARTESIAN_POINT('',(22.25,2.80000000000001,48.2068668364439));
#3951=CARTESIAN_POINT('',(23.,2.80000000000001,30.));
#3952=CARTESIAN_POINT('',(-30.,2.8,30.));
#3953=CARTESIAN_POINT('',(23.,2.80000000000001,24.59));
#3954=CARTESIAN_POINT('',(23.,2.80000000000001,30.));
#3955=CARTESIAN_POINT('Origin',(24.59,2.80000000000001,24.59));
#3956=CARTESIAN_POINT('Origin',(-30.,2.8,30.));
#3957=CARTESIAN_POINT('',(21.75,2.80000000000001,30.));
#3958=CARTESIAN_POINT('',(21.75,2.80000000000001,-30.));
#3959=CARTESIAN_POINT('',(21.75,2.80000000000001,48.2068668364439));
#3960=CARTESIAN_POINT('',(20.25,2.80000000000001,-30.));
#3961=CARTESIAN_POINT('',(-30.,2.8,-30.));
#3962=CARTESIAN_POINT('',(20.25,2.80000000000001,30.));
#3963=CARTESIAN_POINT('',(20.25,2.80000000000001,48.2068668364439));
#3964=CARTESIAN_POINT('',(-30.,2.8,30.));
#3965=CARTESIAN_POINT('Origin',(-30.,2.8,30.));
#3966=CARTESIAN_POINT('',(19.75,2.80000000000001,30.));
#3967=CARTESIAN_POINT('',(19.75,2.80000000000001,-30.));
#3968=CARTESIAN_POINT('',(19.75,2.80000000000001,48.2068668364439));
#3969=CARTESIAN_POINT('',(18.25,2.80000000000001,-30.));
#3970=CARTESIAN_POINT('',(-30.,2.8,-30.));
#3971=CARTESIAN_POINT('',(18.25,2.80000000000001,30.));
#3972=CARTESIAN_POINT('',(18.25,2.80000000000001,48.2068668364439));
#3973=CARTESIAN_POINT('',(-30.,2.8,30.));
#3974=CARTESIAN_POINT('Origin',(-30.,2.8,30.));
#3975=CARTESIAN_POINT('',(17.75,2.80000000000001,30.));
#3976=CARTESIAN_POINT('',(17.75,2.80000000000001,-30.));
#3977=CARTESIAN_POINT('',(17.75,2.80000000000001,48.2068668364439));
#3978=CARTESIAN_POINT('',(16.25,2.80000000000001,-30.));
#3979=CARTESIAN_POINT('',(-30.,2.8,-30.));
#3980=CARTESIAN_POINT('',(16.25,2.80000000000001,30.));
#3981=CARTESIAN_POINT('',(16.25,2.80000000000001,48.2068668364439));
#3982=CARTESIAN_POINT('',(-30.,2.8,30.));
#3983=CARTESIAN_POINT('Origin',(-30.,2.8,30.));
#3984=CARTESIAN_POINT('',(15.75,2.80000000000001,30.));
#3985=CARTESIAN_POINT('',(15.75,2.80000000000001,-30.));
#3986=CARTESIAN_POINT('',(15.75,2.80000000000001,48.2068668364439));
#3987=CARTESIAN_POINT('',(14.25,2.80000000000001,-30.));
#3988=CARTESIAN_POINT('',(-30.,2.8,-30.));
#3989=CARTESIAN_POINT('',(14.25,2.80000000000001,30.));
#3990=CARTESIAN_POINT('',(14.25,2.80000000000001,48.2068668364439));
#3991=CARTESIAN_POINT('',(-30.,2.8,30.));
#3992=CARTESIAN_POINT('Origin',(-30.,2.8,30.));
#3993=CARTESIAN_POINT('',(13.75,2.80000000000001,30.));
#3994=CARTESIAN_POINT('',(13.75,2.80000000000001,-30.));
#3995=CARTESIAN_POINT('',(13.75,2.80000000000001,48.2068668364439));
#3996=CARTESIAN_POINT('',(12.25,2.80000000000001,-30.));
#3997=CARTESIAN_POINT('',(-30.,2.8,-30.));
#3998=CARTESIAN_POINT('',(12.25,2.80000000000001,30.));
#3999=CARTESIAN_POINT('',(12.25,2.80000000000001,48.2068668364439));
#4000=CARTESIAN_POINT('',(-30.,2.8,30.));
#4001=CARTESIAN_POINT('Origin',(-30.,2.8,30.));
#4002=CARTESIAN_POINT('',(11.75,2.80000000000001,30.));
#4003=CARTESIAN_POINT('',(11.75,2.80000000000001,-30.));
#4004=CARTESIAN_POINT('',(11.75,2.80000000000001,48.2068668364439));
#4005=CARTESIAN_POINT('',(10.25,2.8,-30.));
#4006=CARTESIAN_POINT('',(-30.,2.8,-30.));
#4007=CARTESIAN_POINT('',(10.25,2.8,30.));
#4008=CARTESIAN_POINT('',(10.25,2.80000000000001,48.2068668364439));
#4009=CARTESIAN_POINT('',(-30.,2.8,30.));
#4010=CARTESIAN_POINT('Origin',(-30.,2.8,30.));
#4011=CARTESIAN_POINT('',(9.75000000000001,2.8,30.));
#4012=CARTESIAN_POINT('',(9.75000000000001,2.80000000000001,-30.));
#4013=CARTESIAN_POINT('',(9.75000000000001,2.80000000000001,48.2068668364439));
#4014=CARTESIAN_POINT('',(8.25000000000001,2.8,-30.));
#4015=CARTESIAN_POINT('',(-30.,2.8,-30.));
#4016=CARTESIAN_POINT('',(8.25000000000001,2.8,30.));
#4017=CARTESIAN_POINT('',(8.25000000000001,2.80000000000001,48.2068668364439));
#4018=CARTESIAN_POINT('',(-30.,2.8,30.));
#4019=CARTESIAN_POINT('Origin',(-30.,2.8,30.));
#4020=CARTESIAN_POINT('',(7.75000000000001,2.8,30.));
#4021=CARTESIAN_POINT('',(7.75000000000001,2.80000000000001,-30.));
#4022=CARTESIAN_POINT('',(7.75000000000001,2.80000000000001,48.2068668364439));
#4023=CARTESIAN_POINT('',(6.25000000000001,2.8,-30.));
#4024=CARTESIAN_POINT('',(-30.,2.8,-30.));
#4025=CARTESIAN_POINT('',(6.25000000000001,2.8,30.));
#4026=CARTESIAN_POINT('',(6.25000000000001,2.80000000000001,48.2068668364439));
#4027=CARTESIAN_POINT('',(-30.,2.8,30.));
#4028=CARTESIAN_POINT('Origin',(-30.,2.8,30.));
#4029=CARTESIAN_POINT('',(5.75000000000001,2.8,30.));
#4030=CARTESIAN_POINT('',(5.75000000000001,2.80000000000001,-30.));
#4031=CARTESIAN_POINT('',(5.75000000000001,2.80000000000001,48.2068668364439));
#4032=CARTESIAN_POINT('',(4.25000000000001,2.8,-30.));
#4033=CARTESIAN_POINT('',(-30.,2.8,-30.));
#4034=CARTESIAN_POINT('',(4.25000000000001,2.8,30.));
#4035=CARTESIAN_POINT('',(4.25000000000001,2.80000000000001,48.2068668364439));
#4036=CARTESIAN_POINT('',(-30.,2.8,30.));
#4037=CARTESIAN_POINT('Origin',(-30.,2.8,30.));
#4038=CARTESIAN_POINT('',(3.75000000000001,2.8,30.));
#4039=CARTESIAN_POINT('',(3.75000000000001,2.80000000000001,-30.));
#4040=CARTESIAN_POINT('',(3.75000000000001,2.80000000000001,48.2068668364439));
#4041=CARTESIAN_POINT('',(2.25000000000001,2.8,-30.));
#4042=CARTESIAN_POINT('',(-30.,2.8,-30.));
#4043=CARTESIAN_POINT('',(2.25000000000001,2.8,30.));
#4044=CARTESIAN_POINT('',(2.25000000000001,2.80000000000001,48.2068668364439));
#4045=CARTESIAN_POINT('',(-30.,2.8,30.));
#4046=CARTESIAN_POINT('Origin',(-30.,2.8,30.));
#4047=CARTESIAN_POINT('',(1.75000000000001,2.8,30.));
#4048=CARTESIAN_POINT('',(1.75000000000001,2.80000000000001,-30.));
#4049=CARTESIAN_POINT('',(1.75000000000001,2.80000000000001,48.2068668364439));
#4050=CARTESIAN_POINT('',(0.250000000000011,2.8,-30.));
#4051=CARTESIAN_POINT('',(-30.,2.8,-30.));
#4052=CARTESIAN_POINT('',(0.250000000000011,2.8,30.));
#4053=CARTESIAN_POINT('',(0.250000000000011,2.80000000000001,48.2068668364439));
#4054=CARTESIAN_POINT('',(-30.,2.8,30.));
#4055=CARTESIAN_POINT('Origin',(-30.,2.8,30.));
#4056=CARTESIAN_POINT('',(-0.249999999999993,2.8,30.));
#4057=CARTESIAN_POINT('',(-0.24999999999999,2.80000000000001,-30.));
#4058=CARTESIAN_POINT('',(-0.24999999999999,2.80000000000001,48.2068668364439));
#4059=CARTESIAN_POINT('',(-1.74999999999999,2.8,-30.));
#4060=CARTESIAN_POINT('',(-30.,2.8,-30.));
#4061=CARTESIAN_POINT('',(-1.74999999999999,2.8,30.));
#4062=CARTESIAN_POINT('',(-1.74999999999999,2.80000000000001,48.2068668364439));
#4063=CARTESIAN_POINT('',(-30.,2.8,30.));
#4064=CARTESIAN_POINT('Origin',(-30.,2.8,30.));
#4065=CARTESIAN_POINT('',(-2.24999999999999,2.8,30.));
#4066=CARTESIAN_POINT('',(-2.24999999999999,2.80000000000001,-30.));
#4067=CARTESIAN_POINT('',(-2.24999999999999,2.80000000000001,48.2068668364439));
#4068=CARTESIAN_POINT('',(-3.74999999999999,2.8,-30.));
#4069=CARTESIAN_POINT('',(-30.,2.8,-30.));
#4070=CARTESIAN_POINT('',(-3.74999999999999,2.8,30.));
#4071=CARTESIAN_POINT('',(-3.74999999999999,2.80000000000001,48.2068668364439));
#4072=CARTESIAN_POINT('',(-30.,2.8,30.));
#4073=CARTESIAN_POINT('Origin',(-30.,2.8,30.));
#4074=CARTESIAN_POINT('',(-4.24999999999999,2.8,30.));
#4075=CARTESIAN_POINT('',(-4.24999999999999,2.80000000000001,-30.));
#4076=CARTESIAN_POINT('',(-4.24999999999999,2.80000000000001,48.2068668364439));
#4077=CARTESIAN_POINT('',(-5.74999999999999,2.8,-30.));
#4078=CARTESIAN_POINT('',(-30.,2.8,-30.));
#4079=CARTESIAN_POINT('',(-5.74999999999999,2.8,30.));
#4080=CARTESIAN_POINT('',(-5.74999999999999,2.80000000000001,48.2068668364439));
#4081=CARTESIAN_POINT('',(-30.,2.8,30.));
#4082=CARTESIAN_POINT('Origin',(-30.,2.8,30.));
#4083=CARTESIAN_POINT('',(-6.24999999999999,2.8,30.));
#4084=CARTESIAN_POINT('',(-6.24999999999999,2.80000000000001,-30.));
#4085=CARTESIAN_POINT('',(-6.24999999999999,2.80000000000001,48.2068668364439));
#4086=CARTESIAN_POINT('',(-7.74999999999999,2.8,-30.));
#4087=CARTESIAN_POINT('',(-30.,2.8,-30.));
#4088=CARTESIAN_POINT('',(-7.74999999999999,2.8,30.));
#4089=CARTESIAN_POINT('',(-7.74999999999999,2.80000000000001,48.2068668364439));
#4090=CARTESIAN_POINT('',(-30.,2.8,30.));
#4091=CARTESIAN_POINT('Origin',(-30.,2.8,30.));
#4092=CARTESIAN_POINT('',(-8.24999999999999,2.8,30.));
#4093=CARTESIAN_POINT('',(-8.24999999999999,2.80000000000001,-30.));
#4094=CARTESIAN_POINT('',(-8.24999999999999,2.80000000000001,48.2068668364439));
#4095=CARTESIAN_POINT('',(-9.74999999999999,2.8,-30.));
#4096=CARTESIAN_POINT('',(-30.,2.8,-30.));
#4097=CARTESIAN_POINT('',(-9.74999999999999,2.8,30.));
#4098=CARTESIAN_POINT('',(-9.74999999999999,2.80000000000001,48.2068668364439));
#4099=CARTESIAN_POINT('',(-30.,2.8,30.));
#4100=CARTESIAN_POINT('Origin',(-30.,2.8,30.));
#4101=CARTESIAN_POINT('',(-10.25,2.8,30.));
#4102=CARTESIAN_POINT('',(-10.25,2.80000000000001,-30.));
#4103=CARTESIAN_POINT('',(-10.25,2.80000000000001,48.2068668364439));
#4104=CARTESIAN_POINT('',(-11.75,2.8,-30.));
#4105=CARTESIAN_POINT('',(-30.,2.8,-30.));
#4106=CARTESIAN_POINT('',(-11.75,2.8,30.));
#4107=CARTESIAN_POINT('',(-11.75,2.80000000000001,48.2068668364439));
#4108=CARTESIAN_POINT('',(-30.,2.8,30.));
#4109=CARTESIAN_POINT('Origin',(-30.,2.8,30.));
#4110=CARTESIAN_POINT('',(-12.25,2.8,30.));
#4111=CARTESIAN_POINT('',(-12.25,2.80000000000001,-30.));
#4112=CARTESIAN_POINT('',(-12.25,2.80000000000001,48.2068668364439));
#4113=CARTESIAN_POINT('',(-13.75,2.8,-30.));
#4114=CARTESIAN_POINT('',(-30.,2.8,-30.));
#4115=CARTESIAN_POINT('',(-13.75,2.8,30.));
#4116=CARTESIAN_POINT('',(-13.75,2.80000000000001,48.2068668364439));
#4117=CARTESIAN_POINT('',(-30.,2.8,30.));
#4118=CARTESIAN_POINT('Origin',(-30.,2.8,30.));
#4119=CARTESIAN_POINT('',(-14.25,2.8,30.));
#4120=CARTESIAN_POINT('',(-14.25,2.80000000000001,-30.));
#4121=CARTESIAN_POINT('',(-14.25,2.80000000000001,48.2068668364439));
#4122=CARTESIAN_POINT('',(-15.75,2.8,-30.));
#4123=CARTESIAN_POINT('',(-30.,2.8,-30.));
#4124=CARTESIAN_POINT('',(-15.75,2.8,30.));
#4125=CARTESIAN_POINT('',(-15.75,2.80000000000001,48.2068668364439));
#4126=CARTESIAN_POINT('',(-30.,2.8,30.));
#4127=CARTESIAN_POINT('Origin',(-30.,2.8,30.));
#4128=CARTESIAN_POINT('',(-16.25,2.8,30.));
#4129=CARTESIAN_POINT('',(-16.25,2.80000000000001,-30.));
#4130=CARTESIAN_POINT('',(-16.25,2.80000000000001,48.2068668364439));
#4131=CARTESIAN_POINT('',(-17.75,2.8,-30.));
#4132=CARTESIAN_POINT('',(-30.,2.8,-30.));
#4133=CARTESIAN_POINT('',(-17.75,2.8,30.));
#4134=CARTESIAN_POINT('',(-17.75,2.80000000000001,48.2068668364439));
#4135=CARTESIAN_POINT('',(-30.,2.8,30.));
#4136=CARTESIAN_POINT('Origin',(-30.,2.8,30.));
#4137=CARTESIAN_POINT('',(-18.25,2.8,30.));
#4138=CARTESIAN_POINT('',(-18.25,2.80000000000001,-30.));
#4139=CARTESIAN_POINT('',(-18.25,2.80000000000001,48.2068668364439));
#4140=CARTESIAN_POINT('',(-19.75,2.8,-30.));
#4141=CARTESIAN_POINT('',(-30.,2.8,-30.));
#4142=CARTESIAN_POINT('',(-19.75,2.8,30.));
#4143=CARTESIAN_POINT('',(-19.75,2.80000000000001,48.2068668364439));
#4144=CARTESIAN_POINT('',(-30.,2.8,30.));
#4145=CARTESIAN_POINT('Origin',(-30.,2.8,30.));
#4146=CARTESIAN_POINT('',(-20.25,2.8,30.));
#4147=CARTESIAN_POINT('',(-20.25,2.80000000000001,-30.));
#4148=CARTESIAN_POINT('',(-20.25,2.80000000000001,48.2068668364439));
#4149=CARTESIAN_POINT('',(-21.75,2.8,-30.));
#4150=CARTESIAN_POINT('',(-30.,2.8,-30.));
#4151=CARTESIAN_POINT('',(-21.75,2.8,30.));
#4152=CARTESIAN_POINT('',(-21.75,2.80000000000001,48.2068668364439));
#4153=CARTESIAN_POINT('',(-30.,2.8,30.));
#4154=CARTESIAN_POINT('Origin',(-30.,2.8,30.));
#4155=CARTESIAN_POINT('',(-23.75,2.80000000000001,23.24));
#4156=CARTESIAN_POINT('',(-23.75,2.80000000000001,-23.24));
#4157=CARTESIAN_POINT('',(-23.75,2.80000000000001,48.2068668364439));
#4158=CARTESIAN_POINT('',(-23.,2.8,24.59));
#4159=CARTESIAN_POINT('Origin',(-24.59,2.8,24.59));
#4160=CARTESIAN_POINT('',(-23.,2.8,30.));
#4161=CARTESIAN_POINT('',(-23.,2.8,30.));
#4162=CARTESIAN_POINT('',(-22.25,2.8,30.));
#4163=CARTESIAN_POINT('',(-30.,2.8,30.));
#4164=CARTESIAN_POINT('',(-22.25,2.80000000000001,-30.));
#4165=CARTESIAN_POINT('',(-22.25,2.80000000000001,48.2068668364439));
#4166=CARTESIAN_POINT('',(-23.,2.8,-30.));
#4167=CARTESIAN_POINT('',(-30.,2.8,-30.));
#4168=CARTESIAN_POINT('',(-23.,2.8,-24.59));
#4169=CARTESIAN_POINT('',(-23.,2.8,30.));
#4170=CARTESIAN_POINT('Origin',(-24.59,2.8,-24.59));
#4171=CARTESIAN_POINT('Origin',(-30.,2.8,30.));
#4172=CARTESIAN_POINT('',(-25.75,2.8,23.));
#4173=CARTESIAN_POINT('',(-25.75,2.8,-23.));
#4174=CARTESIAN_POINT('',(-25.75,2.80000000000001,48.2068668364439));
#4175=CARTESIAN_POINT('',(-24.59,2.8,23.));
#4176=CARTESIAN_POINT('',(-30.,2.8,23.));
#4177=CARTESIAN_POINT('',(-24.25,2.80000000000001,23.0367775432991));
#4178=CARTESIAN_POINT('Origin',(-24.59,2.8,24.59));
#4179=CARTESIAN_POINT('',(-24.25,2.80000000000001,-23.0367775432991));
#4180=CARTESIAN_POINT('',(-24.25,2.80000000000001,48.2068668364439));
#4181=CARTESIAN_POINT('',(-24.59,2.8,-23.));
#4182=CARTESIAN_POINT('Origin',(-24.59,2.8,-24.59));
#4183=CARTESIAN_POINT('',(-30.,2.8,-23.));
#4184=CARTESIAN_POINT('Origin',(-30.,2.8,30.));
#4185=CARTESIAN_POINT('',(-27.75,2.8,23.));
#4186=CARTESIAN_POINT('',(-27.75,2.8,-23.));
#4187=CARTESIAN_POINT('',(-27.75,2.80000000000001,48.2068668364439));
#4188=CARTESIAN_POINT('',(-26.25,2.80000000000001,23.));
#4189=CARTESIAN_POINT('',(-30.,2.8,23.));
#4190=CARTESIAN_POINT('',(-26.25,2.80000000000001,-23.));
#4191=CARTESIAN_POINT('',(-26.25,2.80000000000001,48.2068668364439));
#4192=CARTESIAN_POINT('',(-30.,2.8,-23.));
#4193=CARTESIAN_POINT('Origin',(-30.,0.,30.));
#4194=CARTESIAN_POINT('',(-30.,2.3,23.));
#4195=CARTESIAN_POINT('',(-30.,2.3,30.));
#4196=CARTESIAN_POINT('',(-30.,2.3,30.));
#4197=CARTESIAN_POINT('',(-30.,2.8,23.));
#4198=CARTESIAN_POINT('',(-30.,2.3,23.));
#4199=CARTESIAN_POINT('',(-30.,2.8,-23.));
#4200=CARTESIAN_POINT('',(-30.,2.8,30.));
#4201=CARTESIAN_POINT('',(-30.,2.3,-23.));
#4202=CARTESIAN_POINT('',(-30.,2.3,-23.));
#4203=CARTESIAN_POINT('',(-30.,2.3,-30.));
#4204=CARTESIAN_POINT('',(-30.,2.3,-30.));
#4205=CARTESIAN_POINT('',(-30.,0.,-30.));
#4206=CARTESIAN_POINT('',(-30.,0.,-30.));
#4207=CARTESIAN_POINT('',(-30.,0.,30.));
#4208=CARTESIAN_POINT('',(-30.,0.,30.));
#4209=CARTESIAN_POINT('',(-30.,0.,30.));
#4210=CARTESIAN_POINT('Origin',(-30.,0.,30.));
#4211=CARTESIAN_POINT('',(30.,7.34788079488412E-15,-30.));
#4212=CARTESIAN_POINT('',(-30.,0.,-30.));
#4213=CARTESIAN_POINT('',(30.,7.34788079488412E-15,30.));
#4214=CARTESIAN_POINT('',(30.,7.34788079488412E-15,30.));
#4215=CARTESIAN_POINT('',(-30.,0.,30.));
#4216=CARTESIAN_POINT('Origin',(30.,7.34788079488412E-15,30.));
#4217=CARTESIAN_POINT('',(30.,2.30000000000001,-23.));
#4218=CARTESIAN_POINT('',(30.,2.30000000000001,-30.));
#4219=CARTESIAN_POINT('',(30.,2.30000000000001,-30.));
#4220=CARTESIAN_POINT('',(30.,2.30000000000001,-23.));
#4221=CARTESIAN_POINT('',(30.,2.30000000000001,23.));
#4222=CARTESIAN_POINT('',(30.,2.30000000000001,23.));
#4223=CARTESIAN_POINT('',(30.,2.30000000000001,30.));
#4224=CARTESIAN_POINT('',(30.,2.30000000000001,30.));
#4225=CARTESIAN_POINT('',(30.,7.34788079488412E-15,30.));
#4226=CARTESIAN_POINT('',(30.,7.34788079488412E-15,-30.));
#4227=CARTESIAN_POINT('Origin',(-30.,2.8,30.));
#4228=CARTESIAN_POINT('',(-28.25,2.80000000000001,23.));
#4229=CARTESIAN_POINT('',(-30.,2.8,23.));
#4230=CARTESIAN_POINT('',(-28.25,2.80000000000001,-23.));
#4231=CARTESIAN_POINT('',(-28.25,2.80000000000001,48.2068668364439));
#4232=CARTESIAN_POINT('',(-30.,2.8,-23.));
#4233=CARTESIAN_POINT('Origin',(0.,0.,30.));
#4234=CARTESIAN_POINT('',(23.,2.30000000000001,30.));
#4235=CARTESIAN_POINT('',(30.,2.30000000000001,30.));
#4236=CARTESIAN_POINT('',(23.,2.30000000000001,30.));
#4237=CARTESIAN_POINT('',(22.25,21.,30.));
#4238=CARTESIAN_POINT('',(22.25,2.80000000000001,30.));
#4239=CARTESIAN_POINT('',(21.75,21.,30.));
#4240=CARTESIAN_POINT('',(21.75,21.,30.));
#4241=CARTESIAN_POINT('',(21.75,2.80000000000001,30.));
#4242=CARTESIAN_POINT('',(20.25,21.,30.));
#4243=CARTESIAN_POINT('',(20.25,2.80000000000001,30.));
#4244=CARTESIAN_POINT('',(19.75,21.,30.));
#4245=CARTESIAN_POINT('',(19.75,21.,30.));
#4246=CARTESIAN_POINT('',(19.75,2.80000000000001,30.));
#4247=CARTESIAN_POINT('',(18.25,21.,30.));
#4248=CARTESIAN_POINT('',(18.25,2.80000000000001,30.));
#4249=CARTESIAN_POINT('',(17.75,21.,30.));
#4250=CARTESIAN_POINT('',(17.75,21.,30.));
#4251=CARTESIAN_POINT('',(17.75,2.80000000000001,30.));
#4252=CARTESIAN_POINT('',(16.25,21.,30.));
#4253=CARTESIAN_POINT('',(16.25,2.80000000000001,30.));
#4254=CARTESIAN_POINT('',(15.75,21.,30.));
#4255=CARTESIAN_POINT('',(15.75,21.,30.));
#4256=CARTESIAN_POINT('',(15.75,2.80000000000001,30.));
#4257=CARTESIAN_POINT('',(14.25,21.,30.));
#4258=CARTESIAN_POINT('',(14.25,2.80000000000001,30.));
#4259=CARTESIAN_POINT('',(13.75,21.,30.));
#4260=CARTESIAN_POINT('',(13.75,21.,30.));
#4261=CARTESIAN_POINT('',(13.75,2.80000000000001,30.));
#4262=CARTESIAN_POINT('',(12.25,21.,30.));
#4263=CARTESIAN_POINT('',(12.25,2.80000000000001,30.));
#4264=CARTESIAN_POINT('',(11.75,21.,30.));
#4265=CARTESIAN_POINT('',(11.75,21.,30.));
#4266=CARTESIAN_POINT('',(11.75,2.80000000000001,30.));
#4267=CARTESIAN_POINT('',(10.25,21.,30.));
#4268=CARTESIAN_POINT('',(10.25,2.80000000000001,30.));
#4269=CARTESIAN_POINT('',(9.75000000000001,21.,30.));
#4270=CARTESIAN_POINT('',(9.75000000000001,21.,30.));
#4271=CARTESIAN_POINT('',(9.75000000000001,2.80000000000001,30.));
#4272=CARTESIAN_POINT('',(8.25000000000001,21.,30.));
#4273=CARTESIAN_POINT('',(8.25000000000001,2.80000000000001,30.));
#4274=CARTESIAN_POINT('',(7.75000000000001,21.,30.));
#4275=CARTESIAN_POINT('',(7.75000000000001,21.,30.));
#4276=CARTESIAN_POINT('',(7.75000000000001,2.80000000000001,30.));
#4277=CARTESIAN_POINT('',(6.25000000000001,21.,30.));
#4278=CARTESIAN_POINT('',(6.25000000000001,2.80000000000001,30.));
#4279=CARTESIAN_POINT('',(5.75000000000001,21.,30.));
#4280=CARTESIAN_POINT('',(5.75000000000001,21.,30.));
#4281=CARTESIAN_POINT('',(5.75000000000001,2.80000000000001,30.));
#4282=CARTESIAN_POINT('',(4.25000000000001,21.,30.));
#4283=CARTESIAN_POINT('',(4.25000000000001,2.80000000000001,30.));
#4284=CARTESIAN_POINT('',(3.75000000000001,21.,30.));
#4285=CARTESIAN_POINT('',(3.75000000000001,21.,30.));
#4286=CARTESIAN_POINT('',(3.75000000000001,2.80000000000001,30.));
#4287=CARTESIAN_POINT('',(2.25000000000001,21.,30.));
#4288=CARTESIAN_POINT('',(2.25000000000001,2.80000000000001,30.));
#4289=CARTESIAN_POINT('',(1.75000000000001,21.,30.));
#4290=CARTESIAN_POINT('',(1.75000000000001,21.,30.));
#4291=CARTESIAN_POINT('',(1.75000000000001,2.80000000000001,30.));
#4292=CARTESIAN_POINT('',(0.250000000000011,21.,30.));
#4293=CARTESIAN_POINT('',(0.250000000000011,2.80000000000001,30.));
#4294=CARTESIAN_POINT('',(-0.249999999999993,21.,30.));
#4295=CARTESIAN_POINT('',(-0.249999999999993,21.,30.));
#4296=CARTESIAN_POINT('',(-0.24999999999999,2.80000000000001,30.));
#4297=CARTESIAN_POINT('',(-1.74999999999999,21.,30.));
#4298=CARTESIAN_POINT('',(-1.74999999999999,2.80000000000001,30.));
#4299=CARTESIAN_POINT('',(-2.24999999999999,21.,30.));
#4300=CARTESIAN_POINT('',(-2.24999999999999,21.,30.));
#4301=CARTESIAN_POINT('',(-2.24999999999999,2.80000000000001,30.));
#4302=CARTESIAN_POINT('',(-3.74999999999999,21.,30.));
#4303=CARTESIAN_POINT('',(-3.74999999999999,2.80000000000001,30.));
#4304=CARTESIAN_POINT('',(-4.24999999999999,21.,30.));
#4305=CARTESIAN_POINT('',(-4.24999999999999,21.,30.));
#4306=CARTESIAN_POINT('',(-4.24999999999999,2.80000000000001,30.));
#4307=CARTESIAN_POINT('',(-5.74999999999999,21.,30.));
#4308=CARTESIAN_POINT('',(-5.74999999999999,2.80000000000001,30.));
#4309=CARTESIAN_POINT('',(-6.25,21.,30.));
#4310=CARTESIAN_POINT('',(-6.25,21.,30.));
#4311=CARTESIAN_POINT('',(-6.24999999999999,2.80000000000001,30.));
#4312=CARTESIAN_POINT('',(-7.74999999999999,21.,30.));
#4313=CARTESIAN_POINT('',(-7.74999999999999,2.80000000000001,30.));
#4314=CARTESIAN_POINT('',(-8.24999999999999,21.,30.));
#4315=CARTESIAN_POINT('',(-8.24999999999999,21.,30.));
#4316=CARTESIAN_POINT('',(-8.24999999999999,2.80000000000001,30.));
#4317=CARTESIAN_POINT('',(-9.74999999999999,21.,30.));
#4318=CARTESIAN_POINT('',(-9.74999999999999,2.80000000000001,30.));
#4319=CARTESIAN_POINT('',(-10.25,21.,30.));
#4320=CARTESIAN_POINT('',(-10.25,21.,30.));
#4321=CARTESIAN_POINT('',(-10.25,2.80000000000001,30.));
#4322=CARTESIAN_POINT('',(-11.75,21.,30.));
#4323=CARTESIAN_POINT('',(-11.75,2.80000000000001,30.));
#4324=CARTESIAN_POINT('',(-12.25,21.,30.));
#4325=CARTESIAN_POINT('',(-12.25,21.,30.));
#4326=CARTESIAN_POINT('',(-12.25,2.80000000000001,30.));
#4327=CARTESIAN_POINT('',(-13.75,21.,30.));
#4328=CARTESIAN_POINT('',(-13.75,2.80000000000001,30.));
#4329=CARTESIAN_POINT('',(-14.25,21.,30.));
#4330=CARTESIAN_POINT('',(-14.25,21.,30.));
#4331=CARTESIAN_POINT('',(-14.25,2.80000000000001,30.));
#4332=CARTESIAN_POINT('',(-15.75,21.,30.));
#4333=CARTESIAN_POINT('',(-15.75,2.80000000000001,30.));
#4334=CARTESIAN_POINT('',(-16.25,21.,30.));
#4335=CARTESIAN_POINT('',(-16.25,21.,30.));
#4336=CARTESIAN_POINT('',(-16.25,2.80000000000001,30.));
#4337=CARTESIAN_POINT('',(-17.75,21.,30.));
#4338=CARTESIAN_POINT('',(-17.75,2.80000000000001,30.));
#4339=CARTESIAN_POINT('',(-18.25,21.,30.));
#4340=CARTESIAN_POINT('',(-18.25,21.,30.));
#4341=CARTESIAN_POINT('',(-18.25,2.80000000000001,30.));
#4342=CARTESIAN_POINT('',(-19.75,21.,30.));
#4343=CARTESIAN_POINT('',(-19.75,2.80000000000001,30.));
#4344=CARTESIAN_POINT('',(-20.25,21.,30.));
#4345=CARTESIAN_POINT('',(-20.25,21.,30.));
#4346=CARTESIAN_POINT('',(-20.25,2.80000000000001,30.));
#4347=CARTESIAN_POINT('',(-21.75,21.,30.));
#4348=CARTESIAN_POINT('',(-21.75,2.80000000000001,30.));
#4349=CARTESIAN_POINT('',(-22.25,21.,30.));
#4350=CARTESIAN_POINT('',(-22.25,21.,30.));
#4351=CARTESIAN_POINT('',(-22.25,2.80000000000001,30.));
#4352=CARTESIAN_POINT('',(-23.,2.3,30.));
#4353=CARTESIAN_POINT('',(-23.,2.3,30.));
#4354=CARTESIAN_POINT('',(-30.,2.3,30.));
#4355=CARTESIAN_POINT('Origin',(0.,0.,-30.));
#4356=CARTESIAN_POINT('',(23.,2.30000000000001,-30.));
#4357=CARTESIAN_POINT('',(23.,2.30000000000001,-30.));
#4358=CARTESIAN_POINT('',(30.,2.30000000000001,-30.));
#4359=CARTESIAN_POINT('',(-23.,2.3,-30.));
#4360=CARTESIAN_POINT('',(-30.,2.3,-30.));
#4361=CARTESIAN_POINT('',(-23.,2.3,-30.));
#4362=CARTESIAN_POINT('',(-22.25,21.,-30.));
#4363=CARTESIAN_POINT('',(-22.25,2.80000000000001,-30.));
#4364=CARTESIAN_POINT('',(-21.75,21.,-30.));
#4365=CARTESIAN_POINT('',(-22.25,21.,-30.));
#4366=CARTESIAN_POINT('',(-21.75,2.80000000000001,-30.));
#4367=CARTESIAN_POINT('',(-20.25,21.,-30.));
#4368=CARTESIAN_POINT('',(-20.25,2.80000000000001,-30.));
#4369=CARTESIAN_POINT('',(-19.75,21.,-30.));
#4370=CARTESIAN_POINT('',(-20.25,21.,-30.));
#4371=CARTESIAN_POINT('',(-19.75,2.80000000000001,-30.));
#4372=CARTESIAN_POINT('',(-18.25,21.,-30.));
#4373=CARTESIAN_POINT('',(-18.25,2.80000000000001,-30.));
#4374=CARTESIAN_POINT('',(-17.75,21.,-30.));
#4375=CARTESIAN_POINT('',(-18.25,21.,-30.));
#4376=CARTESIAN_POINT('',(-17.75,2.80000000000001,-30.));
#4377=CARTESIAN_POINT('',(-16.25,21.,-30.));
#4378=CARTESIAN_POINT('',(-16.25,2.80000000000001,-30.));
#4379=CARTESIAN_POINT('',(-15.75,21.,-30.));
#4380=CARTESIAN_POINT('',(-16.25,21.,-30.));
#4381=CARTESIAN_POINT('',(-15.75,2.80000000000001,-30.));
#4382=CARTESIAN_POINT('',(-14.25,21.,-30.));
#4383=CARTESIAN_POINT('',(-14.25,2.80000000000001,-30.));
#4384=CARTESIAN_POINT('',(-13.75,21.,-30.));
#4385=CARTESIAN_POINT('',(-14.25,21.,-30.));
#4386=CARTESIAN_POINT('',(-13.75,2.80000000000001,-30.));
#4387=CARTESIAN_POINT('',(-12.25,21.,-30.));
#4388=CARTESIAN_POINT('',(-12.25,2.80000000000001,-30.));
#4389=CARTESIAN_POINT('',(-11.75,21.,-30.));
#4390=CARTESIAN_POINT('',(-12.25,21.,-30.));
#4391=CARTESIAN_POINT('',(-11.75,2.80000000000001,-30.));
#4392=CARTESIAN_POINT('',(-10.25,21.,-30.));
#4393=CARTESIAN_POINT('',(-10.25,2.80000000000001,-30.));
#4394=CARTESIAN_POINT('',(-9.74999999999999,21.,-30.));
#4395=CARTESIAN_POINT('',(-10.25,21.,-30.));
#4396=CARTESIAN_POINT('',(-9.74999999999999,2.80000000000001,-30.));
#4397=CARTESIAN_POINT('',(-8.24999999999999,21.,-30.));
#4398=CARTESIAN_POINT('',(-8.24999999999999,2.80000000000001,-30.));
#4399=CARTESIAN_POINT('',(-7.74999999999999,21.,-30.));
#4400=CARTESIAN_POINT('',(-8.24999999999999,21.,-30.));
#4401=CARTESIAN_POINT('',(-7.74999999999999,2.80000000000001,-30.));
#4402=CARTESIAN_POINT('',(-6.25,21.,-30.));
#4403=CARTESIAN_POINT('',(-6.24999999999999,2.80000000000001,-30.));
#4404=CARTESIAN_POINT('',(-5.74999999999999,21.,-30.));
#4405=CARTESIAN_POINT('',(-6.25,21.,-30.));
#4406=CARTESIAN_POINT('',(-5.74999999999999,2.80000000000001,-30.));
#4407=CARTESIAN_POINT('',(-4.24999999999999,21.,-30.));
#4408=CARTESIAN_POINT('',(-4.24999999999999,2.80000000000001,-30.));
#4409=CARTESIAN_POINT('',(-3.74999999999999,21.,-30.));
#4410=CARTESIAN_POINT('',(-4.24999999999999,21.,-30.));
#4411=CARTESIAN_POINT('',(-3.74999999999999,2.80000000000001,-30.));
#4412=CARTESIAN_POINT('',(-2.24999999999999,21.,-30.));
#4413=CARTESIAN_POINT('',(-2.24999999999999,2.80000000000001,-30.));
#4414=CARTESIAN_POINT('',(-1.74999999999999,21.,-30.));
#4415=CARTESIAN_POINT('',(-2.24999999999999,21.,-30.));
#4416=CARTESIAN_POINT('',(-1.74999999999999,2.80000000000001,-30.));
#4417=CARTESIAN_POINT('',(-0.249999999999993,21.,-30.));
#4418=CARTESIAN_POINT('',(-0.24999999999999,2.80000000000001,-30.));
#4419=CARTESIAN_POINT('',(0.250000000000011,21.,-30.));
#4420=CARTESIAN_POINT('',(-0.249999999999993,21.,-30.));
#4421=CARTESIAN_POINT('',(0.250000000000011,2.80000000000001,-30.));
#4422=CARTESIAN_POINT('',(1.75000000000001,21.,-30.));
#4423=CARTESIAN_POINT('',(1.75000000000001,2.80000000000001,-30.));
#4424=CARTESIAN_POINT('',(2.25000000000001,21.,-30.));
#4425=CARTESIAN_POINT('',(1.75000000000001,21.,-30.));
#4426=CARTESIAN_POINT('',(2.25000000000001,2.80000000000001,-30.));
#4427=CARTESIAN_POINT('',(3.75000000000001,21.,-30.));
#4428=CARTESIAN_POINT('',(3.75000000000001,2.80000000000001,-30.));
#4429=CARTESIAN_POINT('',(4.25000000000001,21.,-30.));
#4430=CARTESIAN_POINT('',(3.75000000000001,21.,-30.));
#4431=CARTESIAN_POINT('',(4.25000000000001,2.80000000000001,-30.));
#4432=CARTESIAN_POINT('',(5.75000000000001,21.,-30.));
#4433=CARTESIAN_POINT('',(5.75000000000001,2.80000000000001,-30.));
#4434=CARTESIAN_POINT('',(6.25000000000001,21.,-30.));
#4435=CARTESIAN_POINT('',(5.75000000000001,21.,-30.));
#4436=CARTESIAN_POINT('',(6.25000000000001,2.80000000000001,-30.));
#4437=CARTESIAN_POINT('',(7.75000000000001,21.,-30.));
#4438=CARTESIAN_POINT('',(7.75000000000001,2.80000000000001,-30.));
#4439=CARTESIAN_POINT('',(8.25000000000001,21.,-30.));
#4440=CARTESIAN_POINT('',(7.75000000000001,21.,-30.));
#4441=CARTESIAN_POINT('',(8.25000000000001,2.80000000000001,-30.));
#4442=CARTESIAN_POINT('',(9.75000000000001,21.,-30.));
#4443=CARTESIAN_POINT('',(9.75000000000001,2.80000000000001,-30.));
#4444=CARTESIAN_POINT('',(10.25,21.,-30.));
#4445=CARTESIAN_POINT('',(9.75000000000001,21.,-30.));
#4446=CARTESIAN_POINT('',(10.25,2.80000000000001,-30.));
#4447=CARTESIAN_POINT('',(11.75,21.,-30.));
#4448=CARTESIAN_POINT('',(11.75,2.80000000000001,-30.));
#4449=CARTESIAN_POINT('',(12.25,21.,-30.));
#4450=CARTESIAN_POINT('',(11.75,21.,-30.));
#4451=CARTESIAN_POINT('',(12.25,2.80000000000001,-30.));
#4452=CARTESIAN_POINT('',(13.75,21.,-30.));
#4453=CARTESIAN_POINT('',(13.75,2.80000000000001,-30.));
#4454=CARTESIAN_POINT('',(14.25,21.,-30.));
#4455=CARTESIAN_POINT('',(13.75,21.,-30.));
#4456=CARTESIAN_POINT('',(14.25,2.80000000000001,-30.));
#4457=CARTESIAN_POINT('',(15.75,21.,-30.));
#4458=CARTESIAN_POINT('',(15.75,2.80000000000001,-30.));
#4459=CARTESIAN_POINT('',(16.25,21.,-30.));
#4460=CARTESIAN_POINT('',(15.75,21.,-30.));
#4461=CARTESIAN_POINT('',(16.25,2.80000000000001,-30.));
#4462=CARTESIAN_POINT('',(17.75,21.,-30.));
#4463=CARTESIAN_POINT('',(17.75,2.80000000000001,-30.));
#4464=CARTESIAN_POINT('',(18.25,21.,-30.));
#4465=CARTESIAN_POINT('',(17.75,21.,-30.));
#4466=CARTESIAN_POINT('',(18.25,2.80000000000001,-30.));
#4467=CARTESIAN_POINT('',(19.75,21.,-30.));
#4468=CARTESIAN_POINT('',(19.75,2.80000000000001,-30.));
#4469=CARTESIAN_POINT('',(20.25,21.,-30.));
#4470=CARTESIAN_POINT('',(19.75,21.,-30.));
#4471=CARTESIAN_POINT('',(20.25,2.80000000000001,-30.));
#4472=CARTESIAN_POINT('',(21.75,21.,-30.));
#4473=CARTESIAN_POINT('',(21.75,2.80000000000001,-30.));
#4474=CARTESIAN_POINT('',(22.25,21.,-30.));
#4475=CARTESIAN_POINT('',(21.75,21.,-30.));
#4476=CARTESIAN_POINT('',(22.25,2.80000000000001,-30.));
#4477=CARTESIAN_POINT('Origin',(-28.25,21.,48.2068668364439));
#4478=CARTESIAN_POINT('',(-28.25,21.,23.));
#4479=CARTESIAN_POINT('',(-28.25,21.,-23.));
#4480=CARTESIAN_POINT('',(-28.25,21.,48.2068668364439));
#4481=CARTESIAN_POINT('',(-27.75,21.,23.));
#4482=CARTESIAN_POINT('',(-30.,21.,23.));
#4483=CARTESIAN_POINT('',(-27.75,21.,-23.));
#4484=CARTESIAN_POINT('',(-27.75,21.,48.2068668364439));
#4485=CARTESIAN_POINT('',(-30.,21.,-23.));
#4486=CARTESIAN_POINT('Origin',(-27.75,2.80000000000001,48.2068668364439));
#4487=CARTESIAN_POINT('',(-27.75,2.80000000000001,23.));
#4488=CARTESIAN_POINT('',(-27.75,2.80000000000001,-23.));
#4489=CARTESIAN_POINT('Origin',(-28.25,2.80000000000001,48.2068668364439));
#4490=CARTESIAN_POINT('',(-28.25,2.80000000000001,23.));
#4491=CARTESIAN_POINT('',(-28.25,2.80000000000001,-23.));
#4492=CARTESIAN_POINT('Origin',(-26.25,21.,48.2068668364439));
#4493=CARTESIAN_POINT('',(-26.25,21.,23.));
#4494=CARTESIAN_POINT('',(-26.25,21.,-23.));
#4495=CARTESIAN_POINT('',(-26.25,21.,48.2068668364439));
#4496=CARTESIAN_POINT('',(-25.75,21.,23.));
#4497=CARTESIAN_POINT('',(-30.,21.,23.));
#4498=CARTESIAN_POINT('',(-25.75,21.,-23.));
#4499=CARTESIAN_POINT('',(-25.75,21.,48.2068668364439));
#4500=CARTESIAN_POINT('',(-30.,21.,-23.));
#4501=CARTESIAN_POINT('Origin',(-25.75,2.80000000000001,48.2068668364439));
#4502=CARTESIAN_POINT('',(-25.75,2.80000000000001,23.));
#4503=CARTESIAN_POINT('',(-25.75,2.80000000000001,-23.));
#4504=CARTESIAN_POINT('Origin',(-26.25,2.80000000000001,48.2068668364439));
#4505=CARTESIAN_POINT('',(-26.25,2.80000000000001,23.));
#4506=CARTESIAN_POINT('',(-26.25,2.80000000000001,-23.));
#4507=CARTESIAN_POINT('Origin',(-24.25,21.,48.2068668364439));
#4508=CARTESIAN_POINT('',(-24.25,21.,23.0367775432991));
#4509=CARTESIAN_POINT('',(-24.25,21.,-23.0367775432991));
#4510=CARTESIAN_POINT('',(-24.25,21.,48.2068668364439));
#4511=CARTESIAN_POINT('',(-23.75,21.,23.24));
#4512=CARTESIAN_POINT('Origin',(-24.59,21.,24.59));
#4513=CARTESIAN_POINT('',(-23.75,21.,-23.24));
#4514=CARTESIAN_POINT('',(-23.75,21.,48.2068668364439));
#4515=CARTESIAN_POINT('Origin',(-24.59,21.,-24.59));
#4516=CARTESIAN_POINT('Origin',(-23.75,2.80000000000001,48.2068668364439));
#4517=CARTESIAN_POINT('',(-23.75,21.,23.24));
#4518=CARTESIAN_POINT('',(-23.75,2.8,-23.24));
#4519=CARTESIAN_POINT('Origin',(-24.25,2.80000000000001,48.2068668364439));
#4520=CARTESIAN_POINT('',(-24.25,2.8,23.0367775432991));
#4521=CARTESIAN_POINT('',(-24.25,21.,-23.0367775432991));
#4522=CARTESIAN_POINT('Origin',(-22.25,21.,48.2068668364439));
#4523=CARTESIAN_POINT('',(-22.25,21.,48.2068668364439));
#4524=CARTESIAN_POINT('',(-21.75,21.,48.2068668364439));
#4525=CARTESIAN_POINT('Origin',(-21.75,2.80000000000001,48.2068668364439));
#4526=CARTESIAN_POINT('Origin',(-22.25,2.80000000000001,48.2068668364439));
#4527=CARTESIAN_POINT('Origin',(-20.25,21.,48.2068668364439));
#4528=CARTESIAN_POINT('',(-20.25,21.,48.2068668364439));
#4529=CARTESIAN_POINT('',(-19.75,21.,48.2068668364439));
#4530=CARTESIAN_POINT('Origin',(-19.75,2.80000000000001,48.2068668364439));
#4531=CARTESIAN_POINT('Origin',(-20.25,2.80000000000001,48.2068668364439));
#4532=CARTESIAN_POINT('Origin',(-18.25,21.,48.2068668364439));
#4533=CARTESIAN_POINT('',(-18.25,21.,48.2068668364439));
#4534=CARTESIAN_POINT('',(-17.75,21.,48.2068668364439));
#4535=CARTESIAN_POINT('Origin',(-17.75,2.80000000000001,48.2068668364439));
#4536=CARTESIAN_POINT('Origin',(-18.25,2.80000000000001,48.2068668364439));
#4537=CARTESIAN_POINT('Origin',(-16.25,21.,48.2068668364439));
#4538=CARTESIAN_POINT('',(-16.25,21.,48.2068668364439));
#4539=CARTESIAN_POINT('',(-15.75,21.,48.2068668364439));
#4540=CARTESIAN_POINT('Origin',(-15.75,2.80000000000001,48.2068668364439));
#4541=CARTESIAN_POINT('Origin',(-16.25,2.80000000000001,48.2068668364439));
#4542=CARTESIAN_POINT('Origin',(-14.25,21.,48.2068668364439));
#4543=CARTESIAN_POINT('',(-14.25,21.,48.2068668364439));
#4544=CARTESIAN_POINT('',(-13.75,21.,48.2068668364439));
#4545=CARTESIAN_POINT('Origin',(-13.75,2.80000000000001,48.2068668364439));
#4546=CARTESIAN_POINT('Origin',(-14.25,2.80000000000001,48.2068668364439));
#4547=CARTESIAN_POINT('Origin',(-12.25,21.,48.2068668364439));
#4548=CARTESIAN_POINT('',(-12.25,21.,48.2068668364439));
#4549=CARTESIAN_POINT('',(-11.75,21.,48.2068668364439));
#4550=CARTESIAN_POINT('Origin',(-11.75,2.80000000000001,48.2068668364439));
#4551=CARTESIAN_POINT('Origin',(-12.25,2.80000000000001,48.2068668364439));
#4552=CARTESIAN_POINT('Origin',(-10.25,21.,48.2068668364439));
#4553=CARTESIAN_POINT('',(-10.25,21.,48.2068668364439));
#4554=CARTESIAN_POINT('',(-9.74999999999999,21.,48.2068668364439));
#4555=CARTESIAN_POINT('Origin',(-9.74999999999999,2.80000000000001,48.2068668364439));
#4556=CARTESIAN_POINT('Origin',(-10.25,2.80000000000001,48.2068668364439));
#4557=CARTESIAN_POINT('Origin',(-8.24999999999999,21.,48.2068668364439));
#4558=CARTESIAN_POINT('',(-8.24999999999999,21.,48.2068668364439));
#4559=CARTESIAN_POINT('',(-7.74999999999999,21.,48.2068668364439));
#4560=CARTESIAN_POINT('Origin',(-7.74999999999999,2.80000000000001,48.2068668364439));
#4561=CARTESIAN_POINT('Origin',(-8.24999999999999,2.80000000000001,48.2068668364439));
#4562=CARTESIAN_POINT('Origin',(-6.25,21.,48.2068668364439));
#4563=CARTESIAN_POINT('',(-6.25,21.,48.2068668364439));
#4564=CARTESIAN_POINT('',(-5.74999999999999,21.,48.2068668364439));
#4565=CARTESIAN_POINT('Origin',(-5.74999999999999,2.80000000000001,48.2068668364439));
#4566=CARTESIAN_POINT('Origin',(-6.24999999999999,2.80000000000001,48.2068668364439));
#4567=CARTESIAN_POINT('Origin',(-4.24999999999999,21.,48.2068668364439));
#4568=CARTESIAN_POINT('',(-4.24999999999999,21.,48.2068668364439));
#4569=CARTESIAN_POINT('',(-3.74999999999999,21.,48.2068668364439));
#4570=CARTESIAN_POINT('Origin',(-3.74999999999999,2.80000000000001,48.2068668364439));
#4571=CARTESIAN_POINT('Origin',(-4.24999999999999,2.80000000000001,48.2068668364439));
#4572=CARTESIAN_POINT('Origin',(-2.24999999999999,21.,48.2068668364439));
#4573=CARTESIAN_POINT('',(-2.24999999999999,21.,48.2068668364439));
#4574=CARTESIAN_POINT('',(-1.74999999999999,21.,48.2068668364439));
#4575=CARTESIAN_POINT('Origin',(-1.74999999999999,2.80000000000001,48.2068668364439));
#4576=CARTESIAN_POINT('Origin',(-2.24999999999999,2.80000000000001,48.2068668364439));
#4577=CARTESIAN_POINT('Origin',(-0.249999999999993,21.,48.2068668364439));
#4578=CARTESIAN_POINT('',(-0.249999999999993,21.,48.2068668364439));
#4579=CARTESIAN_POINT('',(0.250000000000011,21.,48.2068668364439));
#4580=CARTESIAN_POINT('Origin',(0.250000000000011,2.80000000000001,48.2068668364439));
#4581=CARTESIAN_POINT('Origin',(-0.24999999999999,2.80000000000001,48.2068668364439));
#4582=CARTESIAN_POINT('Origin',(1.75000000000001,21.,48.2068668364439));
#4583=CARTESIAN_POINT('',(1.75000000000001,21.,48.2068668364439));
#4584=CARTESIAN_POINT('',(2.25000000000001,21.,48.2068668364439));
#4585=CARTESIAN_POINT('Origin',(2.25000000000001,2.80000000000001,48.2068668364439));
#4586=CARTESIAN_POINT('Origin',(1.75000000000001,2.80000000000001,48.2068668364439));
#4587=CARTESIAN_POINT('Origin',(3.75000000000001,21.,48.2068668364439));
#4588=CARTESIAN_POINT('',(3.75000000000001,21.,48.2068668364439));
#4589=CARTESIAN_POINT('',(4.25000000000001,21.,48.2068668364439));
#4590=CARTESIAN_POINT('Origin',(4.25000000000001,2.80000000000001,48.2068668364439));
#4591=CARTESIAN_POINT('Origin',(3.75000000000001,2.80000000000001,48.2068668364439));
#4592=CARTESIAN_POINT('Origin',(5.75000000000001,21.,48.2068668364439));
#4593=CARTESIAN_POINT('',(5.75000000000001,21.,48.2068668364439));
#4594=CARTESIAN_POINT('',(6.25000000000001,21.,48.2068668364439));
#4595=CARTESIAN_POINT('Origin',(6.25000000000001,2.80000000000001,48.2068668364439));
#4596=CARTESIAN_POINT('Origin',(5.75000000000001,2.80000000000001,48.2068668364439));
#4597=CARTESIAN_POINT('Origin',(7.75000000000001,21.,48.2068668364439));
#4598=CARTESIAN_POINT('',(7.75000000000001,21.,48.2068668364439));
#4599=CARTESIAN_POINT('',(8.25000000000001,21.,48.2068668364439));
#4600=CARTESIAN_POINT('Origin',(8.25000000000001,2.80000000000001,48.2068668364439));
#4601=CARTESIAN_POINT('Origin',(7.75000000000001,2.80000000000001,48.2068668364439));
#4602=CARTESIAN_POINT('Origin',(9.75000000000001,21.,48.2068668364439));
#4603=CARTESIAN_POINT('',(9.75000000000001,21.,48.2068668364439));
#4604=CARTESIAN_POINT('',(10.25,21.,48.2068668364439));
#4605=CARTESIAN_POINT('Origin',(10.25,2.80000000000001,48.2068668364439));
#4606=CARTESIAN_POINT('Origin',(9.75000000000001,2.80000000000001,48.2068668364439));
#4607=CARTESIAN_POINT('Origin',(11.75,21.,48.2068668364439));
#4608=CARTESIAN_POINT('',(11.75,21.,48.2068668364439));
#4609=CARTESIAN_POINT('',(12.25,21.,48.2068668364439));
#4610=CARTESIAN_POINT('Origin',(12.25,2.80000000000001,48.2068668364439));
#4611=CARTESIAN_POINT('Origin',(11.75,2.80000000000001,48.2068668364439));
#4612=CARTESIAN_POINT('Origin',(13.75,21.,48.2068668364439));
#4613=CARTESIAN_POINT('',(13.75,21.,48.2068668364439));
#4614=CARTESIAN_POINT('',(14.25,21.,48.2068668364439));
#4615=CARTESIAN_POINT('Origin',(14.25,2.80000000000001,48.2068668364439));
#4616=CARTESIAN_POINT('Origin',(13.75,2.80000000000001,48.2068668364439));
#4617=CARTESIAN_POINT('Origin',(15.75,21.,48.2068668364439));
#4618=CARTESIAN_POINT('',(15.75,21.,48.2068668364439));
#4619=CARTESIAN_POINT('',(16.25,21.,48.2068668364439));
#4620=CARTESIAN_POINT('Origin',(16.25,2.80000000000001,48.2068668364439));
#4621=CARTESIAN_POINT('Origin',(15.75,2.80000000000001,48.2068668364439));
#4622=CARTESIAN_POINT('Origin',(17.75,21.,48.2068668364439));
#4623=CARTESIAN_POINT('',(17.75,21.,48.2068668364439));
#4624=CARTESIAN_POINT('',(18.25,21.,48.2068668364439));
#4625=CARTESIAN_POINT('Origin',(18.25,2.80000000000001,48.2068668364439));
#4626=CARTESIAN_POINT('Origin',(17.75,2.80000000000001,48.2068668364439));
#4627=CARTESIAN_POINT('Origin',(19.75,21.,48.2068668364439));
#4628=CARTESIAN_POINT('',(19.75,21.,48.2068668364439));
#4629=CARTESIAN_POINT('',(20.25,21.,48.2068668364439));
#4630=CARTESIAN_POINT('Origin',(20.25,2.80000000000001,48.2068668364439));
#4631=CARTESIAN_POINT('Origin',(19.75,2.80000000000001,48.2068668364439));
#4632=CARTESIAN_POINT('Origin',(21.75,21.,48.2068668364439));
#4633=CARTESIAN_POINT('',(21.75,21.,48.2068668364439));
#4634=CARTESIAN_POINT('',(22.25,21.,48.2068668364439));
#4635=CARTESIAN_POINT('Origin',(22.25,2.80000000000001,48.2068668364439));
#4636=CARTESIAN_POINT('Origin',(21.75,2.80000000000001,48.2068668364439));
#4637=CARTESIAN_POINT('Origin',(23.75,21.,48.2068668364439));
#4638=CARTESIAN_POINT('',(24.25,21.,23.0367775432991));
#4639=CARTESIAN_POINT('',(24.25,21.,-23.0367775432991));
#4640=CARTESIAN_POINT('',(24.25,21.,48.2068668364439));
#4641=CARTESIAN_POINT('',(23.75,21.,-23.24));
#4642=CARTESIAN_POINT('Origin',(24.59,21.,-24.59));
#4643=CARTESIAN_POINT('',(23.75,21.,23.24));
#4644=CARTESIAN_POINT('',(23.75,21.,48.2068668364439));
#4645=CARTESIAN_POINT('Origin',(24.59,21.,24.59));
#4646=CARTESIAN_POINT('Origin',(24.25,2.80000000000001,48.2068668364439));
#4647=CARTESIAN_POINT('',(24.25,2.80000000000001,-23.0367775432991));
#4648=CARTESIAN_POINT('',(24.25,21.,23.0367775432991));
#4649=CARTESIAN_POINT('Origin',(23.75,2.80000000000001,48.2068668364439));
#4650=CARTESIAN_POINT('',(23.75,21.,-23.24));
#4651=CARTESIAN_POINT('',(23.75,2.80000000000001,23.24));
#4652=CARTESIAN_POINT('Origin',(25.75,21.,48.2068668364439));
#4653=CARTESIAN_POINT('',(26.25,21.,23.));
#4654=CARTESIAN_POINT('',(26.25,21.,-23.));
#4655=CARTESIAN_POINT('',(26.25,21.,48.2068668364439));
#4656=CARTESIAN_POINT('',(25.75,21.,-23.));
#4657=CARTESIAN_POINT('',(30.,21.,-23.));
#4658=CARTESIAN_POINT('',(25.75,21.,23.));
#4659=CARTESIAN_POINT('',(25.75,21.,48.2068668364439));
#4660=CARTESIAN_POINT('',(30.,21.,23.));
#4661=CARTESIAN_POINT('Origin',(26.25,2.80000000000001,48.2068668364439));
#4662=CARTESIAN_POINT('',(26.25,2.80000000000001,-23.));
#4663=CARTESIAN_POINT('',(26.25,2.80000000000001,23.));
#4664=CARTESIAN_POINT('Origin',(25.75,2.80000000000001,48.2068668364439));
#4665=CARTESIAN_POINT('',(25.75,2.80000000000001,-23.));
#4666=CARTESIAN_POINT('',(25.75,2.80000000000001,23.));
#4667=CARTESIAN_POINT('Origin',(27.75,21.,48.2068668364439));
#4668=CARTESIAN_POINT('',(28.25,21.,23.));
#4669=CARTESIAN_POINT('',(28.25,21.,-23.));
#4670=CARTESIAN_POINT('',(28.25,21.,48.2068668364439));
#4671=CARTESIAN_POINT('',(27.75,21.,-23.));
#4672=CARTESIAN_POINT('',(30.,21.,-23.));
#4673=CARTESIAN_POINT('',(27.75,21.,23.));
#4674=CARTESIAN_POINT('',(27.75,21.,48.2068668364439));
#4675=CARTESIAN_POINT('',(30.,21.,23.));
#4676=CARTESIAN_POINT('Origin',(28.25,2.80000000000001,48.2068668364439));
#4677=CARTESIAN_POINT('',(28.25,2.80000000000001,-23.));
#4678=CARTESIAN_POINT('',(28.25,2.80000000000001,23.));
#4679=CARTESIAN_POINT('Origin',(27.75,2.80000000000001,48.2068668364439));
#4680=CARTESIAN_POINT('',(27.75,2.80000000000001,-23.));
#4681=CARTESIAN_POINT('',(27.75,2.80000000000001,23.));
#4682=CARTESIAN_POINT('Origin',(23.,2.30000000000001,30.));
#4683=CARTESIAN_POINT('',(23.,2.30000000000001,24.59));
#4684=CARTESIAN_POINT('',(23.,2.30000000000001,30.));
#4685=CARTESIAN_POINT('',(23.,2.80000000000001,24.59));
#4686=CARTESIAN_POINT('Origin',(30.,2.30000000000001,23.));
#4687=CARTESIAN_POINT('',(24.59,2.30000000000001,23.));
#4688=CARTESIAN_POINT('',(24.59,2.30000000000001,23.));
#4689=CARTESIAN_POINT('',(30.,2.30000000000001,23.));
#4690=CARTESIAN_POINT('Origin',(-2.8550657208785E-16,2.3,0.));
#4691=CARTESIAN_POINT('Origin',(24.59,2.30000000000001,24.59));
#4692=CARTESIAN_POINT('Origin',(23.,2.30000000000001,-30.));
#4693=CARTESIAN_POINT('',(23.,2.30000000000001,-24.59));
#4694=CARTESIAN_POINT('',(23.,2.30000000000001,-24.59));
#4695=CARTESIAN_POINT('',(23.,2.30000000000001,-30.));
#4696=CARTESIAN_POINT('Origin',(30.,2.30000000000001,-23.));
#4697=CARTESIAN_POINT('',(24.59,2.30000000000001,-23.));
#4698=CARTESIAN_POINT('',(30.,2.30000000000001,-23.));
#4699=CARTESIAN_POINT('',(24.59,2.80000000000001,-23.));
#4700=CARTESIAN_POINT('Origin',(-2.8550657208785E-16,2.3,0.));
#4701=CARTESIAN_POINT('Origin',(24.59,2.30000000000001,-24.59));
#4702=CARTESIAN_POINT('Origin',(-23.,2.3,-30.));
#4703=CARTESIAN_POINT('',(-23.,2.3,-24.59));
#4704=CARTESIAN_POINT('',(-23.,2.3,-30.));
#4705=CARTESIAN_POINT('',(-23.,2.8,-24.59));
#4706=CARTESIAN_POINT('Origin',(-30.,2.3,-23.));
#4707=CARTESIAN_POINT('',(-24.59,2.3,-23.));
#4708=CARTESIAN_POINT('',(-24.59,2.3,-23.));
#4709=CARTESIAN_POINT('',(-30.,2.3,-23.));
#4710=CARTESIAN_POINT('Origin',(-2.8550657208785E-16,2.3,1.73472347597681E-16));
#4711=CARTESIAN_POINT('Origin',(-24.59,2.3,-24.59));
#4712=CARTESIAN_POINT('Origin',(-23.,2.3,30.));
#4713=CARTESIAN_POINT('',(-23.,2.3,24.59));
#4714=CARTESIAN_POINT('',(-23.,2.3,24.59));
#4715=CARTESIAN_POINT('',(-23.,2.3,30.));
#4716=CARTESIAN_POINT('Origin',(-30.,2.3,23.));
#4717=CARTESIAN_POINT('',(-24.59,2.3,23.));
#4718=CARTESIAN_POINT('',(-30.,2.3,23.));
#4719=CARTESIAN_POINT('',(-24.59,2.8,23.));
#4720=CARTESIAN_POINT('Origin',(-1.12034224490169E-16,2.3,-8.59790153744303E-32));
#4721=CARTESIAN_POINT('Origin',(-24.59,2.3,24.59));
#4722=CARTESIAN_POINT('Origin',(-24.59,2.3,-24.59));
#4723=CARTESIAN_POINT('Origin',(24.59,2.30000000000001,-24.59));
#4724=CARTESIAN_POINT('Origin',(24.59,2.30000000000001,24.59));
#4725=CARTESIAN_POINT('Origin',(-24.59,2.3,24.59));
#4726=CARTESIAN_POINT('',(0.,-7.105,2.66453525910038E-14));
#4727=CARTESIAN_POINT('Origin',(0.,0.,0.));
#4728=UNCERTAINTY_MEASURE_WITH_UNIT(LENGTH_MEASURE(0.01),#4734,
'DISTANCE_ACCURACY_VALUE',
'Maximum model space distance between geometric entities at asserted c
onnectivities');
#4729=UNCERTAINTY_MEASURE_WITH_UNIT(LENGTH_MEASURE(0.01),#4734,
'DISTANCE_ACCURACY_VALUE',
'Maximum model space distance between geometric entities at asserted c
onnectivities');
#4730=UNCERTAINTY_MEASURE_WITH_UNIT(LENGTH_MEASURE(0.01),#4734,
'DISTANCE_ACCURACY_VALUE',
'Maximum model space distance between geometric entities at asserted c
onnectivities');
#4731=(
GEOMETRIC_REPRESENTATION_CONTEXT(3)
GLOBAL_UNCERTAINTY_ASSIGNED_CONTEXT((#4728))
GLOBAL_UNIT_ASSIGNED_CONTEXT((#4734,#4736,#4737))
REPRESENTATION_CONTEXT('','3D')
);
#4732=(
GEOMETRIC_REPRESENTATION_CONTEXT(3)
GLOBAL_UNCERTAINTY_ASSIGNED_CONTEXT((#4729))
GLOBAL_UNIT_ASSIGNED_CONTEXT((#4734,#4736,#4737))
REPRESENTATION_CONTEXT('','3D')
);
#4733=(
GEOMETRIC_REPRESENTATION_CONTEXT(3)
GLOBAL_UNCERTAINTY_ASSIGNED_CONTEXT((#4730))
GLOBAL_UNIT_ASSIGNED_CONTEXT((#4734,#4736,#4737))
REPRESENTATION_CONTEXT('','3D')
);
#4734=(
LENGTH_UNIT()
NAMED_UNIT(*)
SI_UNIT(.MILLI.,.METRE.)
);
#4735=(
LENGTH_UNIT()
NAMED_UNIT(*)
SI_UNIT($,.METRE.)
);
#4736=(
NAMED_UNIT(*)
PLANE_ANGLE_UNIT()
SI_UNIT($,.RADIAN.)
);
#4737=(
NAMED_UNIT(*)
SI_UNIT($,.STERADIAN.)
SOLID_ANGLE_UNIT()
);
#4738=SHAPE_DEFINITION_REPRESENTATION(#4740,#4743);
#4739=SHAPE_DEFINITION_REPRESENTATION(#4741,#4744);
#4740=PRODUCT_DEFINITION_SHAPE('',$,#4746);
#4741=PRODUCT_DEFINITION_SHAPE('',$,#4747);
#4742=PRODUCT_DEFINITION_SHAPE($,$,#17);
#4743=SHAPE_REPRESENTATION('',(#2976,#3144),#4731);
#4744=SHAPE_REPRESENTATION('',(#2977),#4732);
#4745=PRODUCT_DEFINITION_CONTEXT('part definition',#4753,'design');
#4746=PRODUCT_DEFINITION('skivedfin.CU_SKV606021','CU_SKV606021 v1',#4748,
#4745);
#4747=PRODUCT_DEFINITION('skived_fin_CU_skv606021',
'skived_fin_CU_skv606021',#4749,#4745);
#4748=PRODUCT_DEFINITION_FORMATION('',$,#4755);
#4749=PRODUCT_DEFINITION_FORMATION('',$,#4756);
#4750=PRODUCT_RELATED_PRODUCT_CATEGORY('CU_SKV606021 v1',
'CU_SKV606021 v1',(#4755));
#4751=PRODUCT_RELATED_PRODUCT_CATEGORY('skived_fin_CU_skv606021',
'skived_fin_CU_skv606021',(#4756));
#4752=APPLICATION_PROTOCOL_DEFINITION('international standard',
'automotive_design',2009,#4753);
#4753=APPLICATION_CONTEXT(
'Core Data for Automotive Mechanical Design Process');
#4754=PRODUCT_CONTEXT('part definition',#4753,'mechanical');
#4755=PRODUCT('skivedfin.CU_SKV606021','CU_SKV606021 v1','STEP AP214',(#4754));
#4756=PRODUCT('skived_fin_CU_skv606021','skived_fin_CU_skv606021',$,(#4754));
#4757=PRESENTATION_STYLE_ASSIGNMENT((#4760));
#4758=PRESENTATION_STYLE_ASSIGNMENT((#4761));
#4759=PRESENTATION_STYLE_ASSIGNMENT((NULL_STYLE(.NULL.)));
#4760=SURFACE_STYLE_USAGE(.BOTH.,#4762);
#4761=SURFACE_STYLE_USAGE(.BOTH.,#4763);
#4762=SURFACE_SIDE_STYLE('',(#4764));
#4763=SURFACE_SIDE_STYLE('',(#4765));
#4764=SURFACE_STYLE_FILL_AREA(#4766);
#4765=SURFACE_STYLE_FILL_AREA(#4767);
#4766=FILL_AREA_STYLE('Steel - Satin',(#4768));
#4767=FILL_AREA_STYLE('Copper - Polished',(#4769));
#4768=FILL_AREA_STYLE_COLOUR('Steel - Satin',#4770);
#4769=FILL_AREA_STYLE_COLOUR('Copper - Polished',#4771);
#4770=COLOUR_RGB('Steel - Satin',0.627450980392157,0.627450980392157,0.627450980392157);
#4771=COLOUR_RGB('Copper - Polished',0.929411764705882,0.807843137254902,
0.764705882352941);
ENDSEC;
END-ISO-10303-21;
